differentiation_X,differentiation_Y,D_X,Aut_X,D_Y,Aut_Y,own_anxiety_coping_X,own_anxiety_coping_Y,control_Y_to_X,control_X_to_Y,X_pattern
0.30471707975443135,1.249022696873495,0.04697887262245429,1.518590631684758,-0.6346307304758069,1.4409951627104602,0.48899257096623416,-0.7451521827954771,-1.169396508029684,-0.5430970596593647,Other
-1.0399841062404955,0.687692185117782,-0.6020382831639416,-0.2051212472713334,-0.2050943342536306,-0.42383776555019587,1.2300894739915935,0.5766340373981722,-1.1479005391429549,1.31949510095182,X: subjugated edge
0.7504511958064572,1.9661274713755903,0.07573931170214915,1.7585948576969601,-1.4900544068376365,3.2845994858046277,0.033678982152337444,-2.6467134867189905,-1.3174337042049866,-0.8328241236761547,Other
0.9405647163912139,-1.5478328327399113,-1.1257751294330767,1.6143919819617274,-0.4603795815933214,-2.4249864388551905,-0.8819393180890815,0.54461394544127,1.0280874548908678,-0.6473751448563428,Other
-1.9510351886538364,-0.26536010831425455,0.8183491063714925,-4.653048189390012,-0.6255239383298761,-1.4049173612522925,2.141153219724879,-0.23911576541721105,0.31879849488744216,1.4070838294870909,X: codependent edge
-1.302179506862318,-0.46252138394282544,2.9339022755850808,-2.6977115027932017,-0.32274765304240505,-2.423942099909491,2.5050609913261477,0.4200665350757038,0.8031026938669755,1.764367081666263,X: codependent edge
0.12784040316728537,-1.9736826764086015,0.07308802722703556,0.012714238187469307,-0.8373637499928157,-2.472340913007665,0.2427071014429276,1.1762116455268254,0.8867392892142187,0.017911435128701532,Other
-0.3162425923435822,1.060327204779694,-0.8448751771958027,-0.6570780872756552,0.03356991992031577,1.1398924500740586,0.21351005226772726,-0.3269079486453106,-0.8226964563699628,-0.42675561144216917,X: subjugated edge
-0.016801157504288795,-0.2703965558033584,-2.202857648328226,0.6733143402595579,-0.49751514999112045,-0.8986625662620313,-2.032001697915021,-0.8649743073048419,1.2865878941890936,-1.6951148280682276,Other
-0.85304392757358,0.7396312049865622,-1.0130200733189585,0.8613618447860892,0.8386779909315357,-1.29008284996395,-0.4087614467715252,0.1203219591516812,-1.0315698135345566,0.9017845146647874,Other
0.8793979748628286,2.3597719343296117,0.5339283916621793,4.282713802845923,-1.2816348780812472,3.8702937704993543,-1.1909719232606728,-2.903226181053011,-3.510929206729333,0.9430846072010624,Other
0.7777919354289483,-0.3532436918276083,-0.9409516421912103,-0.28412193971558397,0.5802689268760046,-1.6356198989275832,-0.17641343481724947,0.41855335942322447,0.875896974499605,0.6224828477917403,X: subjugated edge
0.06603069756121605,-0.4211529826571552,-0.115043780676968,-0.24133812667131047,0.19090537265067228,-2.1815773349860708,1.1392823532121619,1.6827823751278235,-0.20392653012077655,-0.5477125120256625,X: codependent edge
1.1272412069680329,0.11866416972399602,0.17623319337109322,4.397157511673077,-2.2846798298496376,4.014241174405406,-2.392911908518164,-2.1657861572998405,-1.6782839729749197,-1.3030319707929645,Other
0.4675093422520456,0.9872473529834096,0.8425381478278958,-0.5725436670231066,-1.5655850027812535,3.2555182486450804,1.2021211187372645,-1.654549367318649,-0.35893396574503544,-0.5222597087754892,X: codependent edge
-0.8592924628832382,-0.5667130253101499,-0.15536458720549684,-2.4635463088095935,-0.1949715481277312,-0.67442626249047,0.6395963130686022,-0.6186867569078353,0.18681887581799375,0.3624689328902331,X: codependent edge
0.36875078408249884,-0.6309615971321306,-0.1729444651577875,0.9978004939486644,0.8309414741822612,-0.8724904732497771,0.4051517669861479,0.961945842144945,-0.4146219685965029,-0.33616316870831986,Other
-0.9588826008289989,1.0571892702413659,-0.045545851275821406,-1.2310860153300345,-2.3332717994144327,1.831079422680499,1.0785166834863018,-1.0566895758750061,0.2575496356769036,-0.23862925436260563,X: codependent edge
0.8784503013072725,0.37863932383803556,-0.5295921398112704,4.034768350647698,0.13327239476490527,0.7894385665771284,0.18314210130441433,-0.096765576101117,-1.575217166803041,-1.987645807356702,Other
-0.049925910986252896,-2.0447282630048207,-0.518593007999476,-0.2606085968177042,-0.28659033612589224,-2.296163511992417,-0.03861559534195244,1.3170436559952168,1.1694196366296812,-0.08067509972749043,X: subjugated edge
-0.18486236354526056,-1.2253917994691081,0.38676833599909805,-0.48830035948517636,0.6002826789948581,-0.03229302834401415,-0.7098983202511481,2.1854728019385563,-0.6292957852667334,-2.764656698657912,X: subjugated edge
-0.6809295444039414,1.5012358638272103,-0.1037925231327047,1.5137831883957993,-1.0415388740177725,0.6095171304707969,0.38473436006333145,-1.346742565099297,-1.0582054749186254,0.3259081505043124,Other
1.2225413386740303,0.4019282830788125,1.341060427726274,2.907518641050061,0.44838684867494155,1.2597067255257852,0.07331322305140509,0.5150024118284723,-0.6716797245776038,-1.1953692089696428,Other
-0.15452948206880215,-0.762195931037249,0.6065805762975234,-3.2411004597253337,1.3530418299557554,-2.255808036015714,0.22688754473471817,1.7169588118918777,1.5977234971909027,0.9455496838548938,X: subjugated edge
-0.4283278221631072,-0.17040965723498214,0.7374885029401368,-2.172756066623828,0.058884843718463864,-0.37409348980836615,1.146414484559895,-2.0028748805180254,0.11365330195757505,1.3901492808274347,X: codependent edge
-0.3521335504882296,0.013236672801670204,-0.6414946663726162,-1.8227795144702927,0.8725527063155687,1.0623157479251888,-0.07384547848183803,0.32521960902504193,1.4011785867293898,0.9469973041163082,X: subjugated edge
0.5323091855533487,0.7357333602801638,0.28611156578317265,2.515670791564874,-0.5292616964322059,3.9769780443600378,-0.7171136738987364,-1.5985236352656298,-1.002262022905104,-0.5546473499717668,Other
0.36544406436407834,-1.3582633948587894,-0.9307380841842773,-1.0831570336267995,2.6867434707317,-1.883603118759327,-1.5073989736396392,1.6057444373557106,0.32503154515369315,-1.4816324772608334,X: codependent edge
0.4127326115959884,-0.8409491386704581,0.4416707375421848,0.21057437310213828,-0.49167215568728206,-1.5054682312954493,-0.4046591637030165,1.5153989644375367,0.6010039385024492,-0.8281784456113628,Other
0.43082100300788273,0.27295575486338886,-0.2097100475813719,1.9107081643953787,-1.1882870303513369,0.6651881915173756,-0.2640565363922839,-1.0205501387975873,-0.7485812081569204,-0.09847758552534547,Other
2.1416476008704612,-0.09983458049545033,-0.6057840238958738,2.8154783092745856,0.9025010175158014,0.3607261576423101,-3.348382364597952,1.900427540108204,-1.2107281165940538,-2.972790951519574,Other
-0.4064150163846156,0.5718591826367099,2.662156902724627,0.35565958340786574,0.9133471789454333,-1.096484251856412,0.9177245604782764,-1.073654471655229,-0.9947775497030852,2.2473338975118193,Other
-0.5122427290715373,-1.2295073973595978,1.8142511271041664,-0.08339441754978927,1.2657916235337994,-1.871492187047811,-0.29692397958027095,0.678983693401882,0.5523547166888626,0.5961975850000156,X: subjugated edge
-0.8137727282478777,0.3571286762713211,1.3994974535490072,-3.087915556232881,0.5630442883566972,0.9434362166414842,0.7772972597994317,0.5572864182710007,1.2588555287712737,1.373949131002317,X: subjugated edge
0.6159794225754956,1.0915836193774722,0.3458088385948156,-0.04695538104225028,-2.2413194752155223,5.172973108977415,0.5916154611514629,-2.0833101181989706,-0.7805962655255317,-1.810856169771942,X: subjugated edge
1.1289722927208916,0.4868185471492834,0.9177441448280435,1.5825339471156212,0.9945451510647279,2.018588106915839,-1.323331640664676,0.31292691006795226,-0.3136433987014404,-1.2455934687147636,Other
-0.11394745765487507,0.13911173976159188,-1.2701480873870274,-2.721662669476233,-0.3106022186705802,-0.4631627470357871,0.041263763312990975,-0.3283349230002676,0.21663597394519418,-1.926805852548362,X: subjugated edge
-0.840156476962528,-0.09588360256597088,1.617859037244862,-2.358882851571362,1.2516329358443012,-3.4180968214305345,3.494772769966324,0.528215344579908,-1.2957266754598673,1.899470490930081,X: codependent edge
-0.8244812156912396,-0.8348511527715018,-0.7901080528045399,-1.2696263799941003,-1.6724185017496163,-0.004666549926818475,1.352965886449399,-0.3546270127577582,-0.43924249569920987,0.16270634546417712,X: codependent edge
0.6505927878247011,-0.07199859243978847,-0.48584926016562907,-0.3195849278351568,0.4648292020926748,1.2067738203191223,-0.60644172264965,0.39779210557734757,0.5270939178707731,-0.08303087971494388,X: subjugated edge
0.7432541712034423,1.259705852880406,0.8409940690471853,2.0851658517740725,-0.295924534265291,2.525028423070836,0.46483254451601363,-0.5967167144337582,-0.7670163042157033,-0.17691536058751758,Other
0.543154268305195,-0.11902850660012523,0.8400323005025336,1.5120786670129318,0.5098612598793886,-1.4730612229687576,-1.05661326783035,1.529525560125176,-0.22812581676416893,0.29716321157788955,Other
-0.6655097072886943,-0.8898039893484101,-1.1408472193389916,-0.3624863784377961,0.18770580091009548,-0.0876000825437695,-1.1943099582939412,0.5999362009137372,0.6021224210381452,-0.1964984374112938,X: codependent edge
0.23216132306671977,-0.4922470887653863,-0.9102574473969739,-0.20644378128923707,0.09008927064463607,0.41784940376951274,-0.5622132618191328,0.11449676663721925,0.6343796178961073,-0.5969958452652805,X: subjugated edge
0.11668580914072822,0.20085029727593015,0.2692076523024949,0.884711106787044,-0.7432526151677075,1.8082240115416655,0.3325870092818851,-0.876947567126765,-0.3614816389228813,-0.07305603623858078,Other
0.21868859672901295,-0.37351399718084694,-0.2524278701924412,0.4402479351813213,0.0648303889715473,-3.0030482487495136,0.5431942240535721,1.4116470641972056,0.9940865782439665,0.1269109577565532,Other
0.8714287779481898,0.4853032830631407,0.6774002168667784,1.1940969047488457,-0.06652510271330361,0.8446641595827855,-0.7753130919220785,0.12382991431702134,-0.06450787140053649,0.004092017429033645,Other
0.22359554877468227,0.5228437607490304,2.6861920136365938,0.22854852192917413,0.0819302013100473,1.0942460540912216,1.18613635782669,-1.7795392998008792,0.11928501577137174,3.050241848793677,Other
0.6789135630718949,0.8889831804046482,0.36176024282723535,0.8910012802288947,0.7727157206322207,1.7953110283026157,-0.22705939561693433,-1.7763558381162734,1.1104972189222155,1.0965960651241045,Other
0.06757906948889146,1.4235594722650329,-0.6948721549931254,0.9574631664222144,-0.41664378981948375,4.900639201144628,-0.4619223510459253,-1.8777027192411062,-0.3469264108978105,-1.7643330096719083,Other
0.28911939868998415,0.9958587243723608,-1.4174813067668957,2.1339641601577943,-1.64755443484289,2.5155536358667407,-0.9090622941630921,-1.3156844559177903,0.33824017812892526,-0.7348116574167255,Other
0.6312882258385404,-0.9342390641479599,-0.6147087606409514,0.8118542121750256,0.3011336055338413,-0.8605959615749513,-1.391113488647004,0.8110868161871807,0.1264682620691734,-0.9397614392130091,Other
-1.4571558198556664,-0.9035344465762722,-0.6393462651362851,-2.681635883042507,2.1855134514882715,-2.2835327796131386,1.014941601869144,2.047215801984687,-0.110600366197658,1.8434583120537975,X: codependent edge
-0.31967121635730134,-0.07577147645982442,1.0911899197892865,-1.9538309744878068,2.007512215585678,-1.339998695578128,0.8770763613194636,0.8286265227209634,0.5322664522703184,0.2667574983579983,X: codependent edge
-0.4703726542927955,-0.4511753572394145,0.5206571389532135,0.3558013878181998,-2.3985199337761065,-2.0233652363927233,0.2570663787815164,0.3071116262645197,-0.6180489053529872,0.8565849128059468,Other
-0.6388778482433419,-1.1383267269609427,0.01843464397849892,-3.1074196468008894,0.6407764060164903,-1.7039579362697166,0.9867846754905065,1.7211779620086396,2.172647323860512,-1.5657013911863795,X: subjugated edge
-0.27514225122668373,-0.44169179417299426,1.626477328280846,-1.6045957112554587,0.7898595030628819,-0.5068589035013539,1.7091451774706155,0.7448880773448071,-0.43648025062700235,-0.6197750279026888,X: codependent edge
1.4949413112343959,-0.474512933619039,-1.456048568215047,3.956440026805112,-0.2965873218452172,-2.895950870910701,-1.2683956171409714,1.0814249782845105,0.15241009390785965,0.36992277947022,Other
-0.8658311156932432,-0.6718477397612058,0.13311443333569098,0.08651213645862876,-0.22434062264937504,-0.175098313950376,-0.07255765827455007,-0.83374714360773,0.7138013051864249,0.6454322936783253,Other
0.9682783545914808,-0.3157894861550056,0.5264896579127422,0.8960857074349112,0.20570555334670249,0.23544651346493878,-0.4145540947363829,0.2656035791233524,0.3520619603914691,-1.3201250530593058,Other
-1.6828697716158048,1.178450850318331,1.194937030785888,-3.2899281121484396,-0.09541078397595959,1.5332345245826617,1.116300320417914,-0.8236387609319412,-0.9404164880525947,1.6587867013251971,X: subjugated edge
-0.33488502998577485,0.19923804124923924,0.9485192017833863,0.996255399665928,-1.3005633946793453,-1.227371950058767,0.7504134730167299,-0.28315468357825274,-0.21489055999041556,-0.39286908040886814,Other
0.1627530651050056,2.4718090760554694,0.35273172583547563,1.4238499308653563,0.1907254687265253,5.710040975060922,-0.6439880449677255,-3.054404848236131,-0.6322252725429179,-0.24083748517894157,Other
0.5862223313592781,0.17050818601964934,0.8340620904039902,-0.2243281733944868,0.03869220265970415,2.540402633376752,0.8935336951784263,-0.30577482847373133,1.2061609904244017,-1.3655511366197461,X: subjugated edge
0.711226579792855,-0.29006577393725175,-0.3337381597616914,0.929560895306868,-0.2127145227272227,0.6628976992538396,-0.09610350497252085,0.42217339248899444,0.15261452257871858,-1.2328317599182792,Other
0.7933472351999252,0.004132882654866092,0.6061701489018056,0.2382054473102896,1.0577231431836427,0.05666974266244988,0.5425081196126604,0.8307473472394915,-0.3788383213259499,-0.6877108442492428,Other
-0.3487250722484376,0.25649197844354,1.079441411390279,-2.1939526135770846,-1.2147656033297478,-0.03569188550553548,1.536084006958576,0.1505838757596094,0.7732045129921347,1.503098137564773,X: codependent edge
-0.46235179266456716,0.43525395717106363,1.6581648077722981,0.46866191204915053,-0.4138794606620244,0.8215173036937455,0.889988224315711,0.05844277412885002,-1.3230673400849655,1.1924172140943439,Other
0.8579758812571538,2.0767113258590237,-2.0557191510495594,1.912950580250703,-1.5500297687583422,4.774056099740225,-1.8877628365607364,-2.3006814273645526,-0.292879275788005,-0.6316546375812382,Other
-0.1913043248816149,-0.8453204649775686,-0.9859237651646837,-1.972836583563689,1.8364381796305185,-1.465076890618715,1.0061054208622182,1.9666178412784758,2.2429048163054954,-0.19333777203573854,X: subjugated edge
-1.2756863233379219,0.8590460581777356,0.8291203724208266,-2.4892268319482587,-1.1999734384153866,2.0553199152872113,1.2060291724635022,-1.3352953175862,0.3476170033743953,1.7773539555100448,X: codependent edge
-1.1332872140034806,0.20775059761412384,-2.2466619165377755,-1.5519979603816239,-2.294085780129839,2.0135659160436172,-1.1769679337933878,-1.0780710846968808,-0.24068139491100937,-0.6798532648008249,X: codependent edge
-0.9194522860016113,-1.5710977425706176,0.9726855612202546,-0.2442922587944676,0.28801337531203886,-3.91797721702051,1.8828977672996918,1.9040310884289027,-0.6879989888526297,0.26664960103270297,X: codependent edge
0.49716074405376404,0.7706987820947633,0.8116671525844931,2.0274234253065266,0.20231287337254272,2.2031199269646153,0.10021141182048934,-0.52095888844446,-1.323513052764046,0.2667980728787489,Other
0.14242573607056525,1.2676235608039048,-0.5165153695883228,0.3834997206907222,0.2460562167689459,2.1252199871155586,0.7902068746165674,-0.5685001134080248,-0.4892834619027544,-0.4848066208454643,Other
0.6904853540677682,-0.8571764037774298,-1.3657009547740075,1.5871245054260699,1.4767008999932931,-1.5479180872498215,-0.9502021867134932,2.028379284817814,0.4258749836850242,-0.8702947376846575,Other
-0.42725264633653426,-0.008933867891970693,-0.1622513377901854,-2.4700211467518898,1.8002167702461345,-0.7206485091679165,0.23242526723678247,1.3509215930840281,0.2778841486164172,0.0895238325542857,X: subjugated edge
0.15853969107671423,-1.7253542620077036,-0.7603785048634579,-1.8767046793202904,0.5020336353156605,-3.143468796192061,0.6835155110849257,2.445034724308852,1.7929773146017418,0.7342685017183542,X: subjugated edge
0.6255903939673367,-1.2588064596843365,-0.037484633443916726,-0.22169109423091826,0.28303434456310195,-2.0336226381851086,-1.6399106393030056,2.817806523281331,0.7586563598894079,0.6918408466650978,X: codependent edge
-0.3093465397202384,1.0480295776172526,-0.8960469274841198,1.1394941935255536,0.5897098313887066,1.7484033876460394,-0.6102329410299306,0.00654307092968609,-1.5404737897102911,-0.5999797239062663,Other
0.45677523755741145,-0.4664165060074345,-1.0245251231397035,1.0145392874520975,-0.38766057955248173,2.5390528991055223,-1.4691399624723311,-0.17060429484660694,0.9396824612068682,-2.10015038621135,Other
-0.6619259410666513,-1.1088029749380393,-0.6430134321658734,-0.5482091349644315,-0.8156860539381672,-1.4473029996192885,-1.4392214226046178,0.8484107927962047,0.9136834764089429,-0.3674245337109332,X: codependent edge
-0.3630538465650718,0.22946036445842968,-0.007648266546689042,0.4204874232277318,-0.3289023039281708,1.9015526516783736,0.9237309859902462,0.03151250225631386,-0.45946647960905973,-0.5287256042794743,Other
-0.3817378939983291,-0.5224124314310232,1.4045027576940279,-2.5080557770078125,-1.2037182721487154,-1.6086003752500277,0.5002658509738551,0.31026912123913164,0.5830288552745229,1.376466548086335,X: subjugated edge
-1.1958396455890397,-0.4708216577755361,-0.2303660407670634,-3.1803251359522626,-0.5443320423476603,-2.7513204872305677,1.4722410470815324,1.2294290097032339,0.22352446848275043,1.4906088126610464,X: codependent edge
0.4869724807855818,0.7393260256749032,-0.27937309303538516,0.8156420295026121,-0.8583665979913805,4.759890376335841,-0.19913238402915673,-2.2038431200903035,0.39358511746685787,-1.276757096003525,Other
-0.46940234020272387,-1.1617333589343466,-0.09868334658307792,-1.65097654923766,1.2550411464181468,-3.139483113962372,0.763001099160421,2.5714470285862268,1.2601657299566522,-0.3658225276147745,X: subjugated edge
0.01249411872768743,-0.9053652126818322,-0.29742623293642156,-2.1423012722126047,0.1951058576862829,-1.9579275644322707,-0.4847620044976409,2.1546341965137863,1.7723576621426536,-1.3545084712207625,X: subjugated edge
0.48074665890590895,0.15407999214886864,-1.0869563745492523,3.7715842373848094,-0.6012484396742974,-0.5927530918604815,-1.4228764707153816,0.039931205487575616,-1.8731313909679845,-0.5243504956592706,Other
0.4465311760299441,0.9694097907482053,-1.6925164089137543,3.080620055076491,-1.9030689453939114,3.5642637926603387,-1.029210109618857,-1.1393370575710644,-0.8107008778744524,-0.836179150398388,Other
0.6653851089727862,1.2381603014898497,-1.1948286598143358,2.2460405764691633,-0.19121715409560966,3.6426855611175406,-0.34733559116491397,-1.1959015509050357,-1.2003518693757986,-0.12019537395352331,Other
-0.09848548450942361,-0.665061720361623,-0.18651831611571243,-1.2290665976905364,-0.08262696766466177,-1.0534418935158516,-0.04785563298280933,0.4663571471846482,-0.3226913121563219,0.4306216704719291,X: subjugated edge
-0.42329831204415375,0.9373769669196479,0.9649031020572708,-0.5836250344030529,-0.8972466571031499,-0.1512344841364458,0.22522788798466764,-0.5833296015250393,0.10625646686564061,1.0832873588436354,X: codependent edge
-0.07971821090639905,-0.7841422934704089,-1.642525728178695,0.2467816916192287,-0.2746504428383615,-0.2769520168436226,-1.5786114880493822,0.9396783154032872,1.1830216749991291,-1.7516426151823263,Other
-1.6873344339580298,1.8262093469068,0.25970338330622667,-1.1372138986693436,-0.1731077659706748,2.059656145603787,1.5354896094491945,-0.9070232073643631,-2.9444735910092232,0.6423012659611687,X: subjugated edge
-1.4471124724230873,-1.1337710254197284,-0.3578888592223948,-2.2117749300052347,1.876263052910171,-4.683065369355528,0.5087337164708347,2.164648071576836,1.9080013724148701,1.6398191583400115,X: subjugated edge
-1.3226996123544024,1.328478810791731,0.5281963413787373,-1.9775060016287733,-0.8382034732312817,1.213166346539273,1.1759076223439286,-0.6997581904410974,-0.6099464295389652,0.5604239497507348,X: codependent edge
-0.9972468276014818,-0.6564861068187239,1.0169178696879453,0.20214956925730498,0.058814958546019896,-0.674193708912078,1.026464075374192,1.1088178139489875,-0.17025032366303355,-0.43014519445133925,Other
0.3997742267234366,2.0132464547946003,-0.22771915861775444,2.937742855468777,0.40194544632864254,2.8743971095295735,-0.7356275224339759,-2.09732088919316,-1.8980349166365877,0.358622147935348,Other
-0.9054790553600608,0.5913207288524843,0.2636333404022485,-0.04318043895147525,-0.8795543043700624,0.9961270292980983,1.0180969652706917,-0.21508895097498137,-2.0002137059737803,0.17697614234246822,X: subjugated edge
-0.3781625540393897,-1.016016529408222,1.2743564387973763,-0.6578513139581295,0.24737389586419126,-5.187657303849815,1.2729603760964419,2.267270612507223,0.4477208002231819,1.5313540363476625,X: codependent edge
1.2992282977860654,-0.5222384795425068,-0.2727537231879337,2.674497354791679,-0.05675240467917255,1.3274551513795403,0.3767988097139683,0.3461702135847007,0.17156488273829643,-0.9419770232315874,Other
-0.35626397106142593,0.7811812052237417,-0.6851669074235366,0.28087652936110885,-1.5517955914660546,0.8587077756072514,0.5273486559688618,-0.1595839590906727,-0.29585919753051304,-0.20961501750305006,Other
0.7375155684670865,1.0526444176155614,0.38657434400928437,0.6637396014744282,0.28442522939773107,2.2845247979922454,0.8160835255594683,-1.3494634349163854,-0.36991799280532134,0.795299441154041,Other
-0.933617680009877,-0.07071559172446261,-0.2867328224889883,-1.1686698998619016,0.14148108311683047,0.44001030227375815,-0.04276678866393935,0.09438121648809433,-0.8125124384527327,-0.5864256310068713,X: subjugated edge
-0.20543755786763002,0.044658280963466405,0.48038682147337275,-1.0382789570216513,0.5072651792135383,-0.4722946195535471,-0.8304563399815275,-0.2860929939339013,0.3261948473409265,1.4967384617423973,X: codependent edge
-0.9500220549105812,0.7583530326440655,0.693839644058492,-3.1619173452663247,-1.3509842710090854,-0.190133739795173,1.0139216892191387,-0.1422917571192881,-1.1141633590146947,0.2822136326953911,X: subjugated edge
-0.3390330759005625,0.13179842701081995,-0.3279754250128645,-0.20574165110891393,0.6777941218638774,-1.4918341018875922,0.7502062987814573,1.4365159503872684,-0.6769330226126483,0.25999325310011473,X: subjugated edge
0.8403081374573955,-1.2935048593383758,0.2364847246553985,0.6356901183672137,2.008916222863448,-3.0403628728230117,0.002058311621454756,1.7997438547266618,0.09237186822245813,-0.32920770583894415,Other
-1.7273204231923487,-0.8129740246401806,0.2937142102421434,-4.872732291091654,1.8395050971708597,-2.8605715038590875,2.3361978912481574,2.3158039542034103,1.6113674799390565,0.8478206881195485,X: codependent edge
0.43442364354585733,0.23511994315166507,0.2308951088541424,2.2843378256743465,0.9257854950216825,1.277043369465352,-2.1243239529139335,1.4782334863235085,0.5043452625154696,-0.8609026222139637,Other
0.2377356023322779,1.2154824164976936,0.5607710036139748,0.1730985069015108,-1.48859615451289,3.003127441199286,1.013777921040236,-1.6061692253753226,-0.7633887430385969,-0.3006457010521567,Other
-0.5941499556967944,1.6159824241620477,0.6564522016474527,1.6148477878518648,-0.1395315150719738,2.0527475600480343,0.9926129273361798,-1.1774622910561865,-1.7112557986949222,-0.2792451495267271,Other
-1.4460578543884546,0.7795294207714503,0.0432972958184748,-1.8541683560019782,-0.888618488831649,-0.5425303626402038,-0.05398283493410516,-0.43431385833259184,-0.6278617873644379,2.6205933406038637,X: subjugated edge
0.07212950771386951,0.28729076103636375,0.8964390231178422,-0.3817207732100073,0.2691175708810018,0.8168304161468434,0.8919470646642312,-0.7262686500210354,-1.2750632484164965,-0.18691379816280052,X: subjugated edge
-0.5294927090638024,0.748813885982477,-0.1320451330698834,-1.017973677978628,-0.4937332813827526,0.10314490268804954,0.46481115454112676,-0.7012171946981758,-1.473444400377534,1.289661887235958,X: subjugated edge
0.23267621135470395,-0.6667508502068556,-1.5881165902219387,1.2871980565031822,-1.6073258498857734,-1.7802304454081146,-0.6032376501823624,1.3838568348579972,-0.02013733254519129,0.24542250034272772,Other
0.02185214552344288,-0.15323096025821417,-3.053624853409315,1.310016393789139,-0.5691917374039125,1.2149855406368455,-0.6411884304402525,-0.5162232018258226,0.1518426787205171,-0.621801072499699,Other
1.6017788913209154,-0.8241307213394766,-0.7615662983633644,2.573288064325693,0.7613341671628675,-1.5892172880485598,-1.2213324764311637,1.6010680967577835,-0.6204099925289378,-1.3849533478239433,Other
-0.23935562747302427,-1.2487426107077115,-0.7423027052854015,-0.6195520437326327,0.5540970045688984,-2.8088682776664164,-1.2591383206259266,1.5787539446895469,0.07899879117343955,0.0976049162901689,X: codependent edge
-1.023497492621865,0.33354901163620493,1.2808666954448855,-0.38332472169798293,0.8103147952177134,0.23032010326970342,1.2367434300794153,-0.008344532406396765,-0.28429632966896984,1.535877681003719,X: codependent edge
0.17927563495631615,0.1855133065847436,-1.4452898103180827,-0.5547514731821994,0.41196806408215136,0.8623900865490539,-1.9980710189985431,0.2124919685804543,0.8177476929183108,-0.4647179143099638,X: codependent edge
0.21999668397176517,0.6876524845090128,-0.3508863196601006,1.811056306848005,0.37938427203529196,2.5835698293176854,0.16390005359330012,0.9694485024386936,-1.0242961732565574,-1.580000382526767,Other
1.3591875752404365,0.5461118308924472,-0.15331319670201,1.3337470341676685,0.18161888905867057,3.6593875179003224,-0.039903938758202084,0.087342486841542,-0.18099803298667316,-2.4750305017294774,Other
0.8351112459145785,0.24264427132386202,-1.251396331951879,2.6164241067407428,-0.4021513810599203,-1.2694377689438407,-2.120550755728524,0.1694126424760865,-0.06978044613951778,0.3643987808099667,Other
0.35687105914950934,0.5566166656775543,-0.2016604679077748,2.4065310368946076,-0.5489826893068491,2.432740536524755,-0.8619983253199384,0.5361420127425692,-0.7387336913474174,-2.5319711465526633,Other
1.4633028912195618,-0.04268309622747663,-0.7569662010306946,2.8714781546060326,1.7253677190228405,-0.12743526615788714,-2.09988894972011,0.5913699679822594,0.7731713606902315,-1.0119043590190997,Other
-1.188763054322851,0.4128913952224006,0.5318134776065696,-1.2235139120415415,0.11984785822969769,-0.5029812626540007,0.7904594017113417,-1.0409231925918203,-1.3756043333048362,0.7325087162724195,X: subjugated edge
-0.6397515327497477,-0.7261444026863596,1.1059515710851369,-0.3311108606221207,0.6664837420944542,-3.4309005994665873,1.2868092251997734,2.1707865296499835,0.11451986559681249,0.8843049415888615,X: codependent edge
-0.9265759414055249,0.3697059256391301,1.0725113579832708,-2.0263910072748557,-0.10361293398793496,0.34473432542466864,0.8452602255707464,-0.22151392756009525,0.9478131469867457,-0.044943960740359556,X: subjugated edge
-0.38980980315576796,0.6684176852860094,0.1735815804634188,1.8595987047943645,-0.4606388306825061,0.16910484738825687,0.8598666930996333,-0.038400100159874495,0.7063870220573097,0.6035267109342795,Other
-1.3766861475563088,-0.6696814280722031,-0.16033028189823917,-5.011365816535225,-0.08592575223342558,-2.039120397105863,1.7594008113700053,-0.10815240666540954,1.125997836062272,1.021860880390941,X: codependent edge
0.6351509468144043,0.05183209899284673,-0.3507558235719186,-1.5790334696774664,0.420115551898946,-1.4705016769208459,0.19211611527879124,0.4415726530445144,1.027677162684934,1.8287851226868532,X: subjugated edge
-0.22222269709877338,-0.6236025096293596,0.18915193314497242,1.8772450667418292,-0.6416351127585154,1.55836050918661,-0.5868504287879182,-0.6437335071657053,-1.3391731302022691,0.31167337259743877,Other
-1.4708062945026579,-0.5265066965161149,-0.13798692376581068,-2.7443580104948713,0.2758860728434816,-3.9650281039572017,2.080457313536921,0.5668336349627223,-0.3813963279110155,2.0606278551009023,X: codependent edge
-1.0155790812075416,-1.1249293551021546,0.19810111934291177,-1.8958905264660157,-0.284207178197143,-0.12109797689840418,1.9503840282671456,0.2298613972541919,0.3815055931308625,-0.5543260855430608,X: codependent edge
0.3135138474501953,1.2657749251665555,-0.7473827310912782,-1.6454274863839249,-0.6608625908305809,2.3060522953432714,0.5930523338491549,-1.9049601109330916,1.0322831588444985,0.4390822001685628,X: subjugated edge
0.8381265678943811,1.0656851747200478,-0.9909489972354677,2.525731073858551,-0.4861712912537078,2.0777903987813637,-1.1928830894650182,-1.245382964128647,-1.104668129274621,-0.6497346607886693,Other
1.9967308916917865,0.5374338542273371,-1.5966645226785143,4.3234857639751505,-0.4081480406282644,1.2074525829377742,-2.7799290589568795,-2.3067849911793763,0.1613922372434492,-1.5475965549793431,Other
2.9138624660073296,1.972195951943814,-2.1705485148751946,6.384910824088607,-1.9739342069285875,6.545170550019615,-3.900324574809398,-3.237344185408875,-1.5524914068254356,-2.304141895426,Other
0.4144094332759964,-0.18924569656839169,0.7874331869409562,0.63703827148455,1.057897071267946,-3.1881429717807928,-0.7827970557646813,1.2047985716921157,0.7430837657713658,1.4172512700660822,Other
-0.9895381200318641,3.0317624151106344,1.2697975935975068,-1.6165725267904043,-0.8550130373219225,4.984928373774406,1.3223303121414278,-2.3978278859670454,-2.247150511025118,1.2409778519641501,X: subjugated edge
-2.132046280731309,-0.22752941536322038,-0.20324585894361724,-2.838076056205097,-0.19072478046045627,1.2183898197500114,2.143462966391673,-0.7208192999067456,-0.9293512198442477,0.658352582984361,X: codependent edge
0.2677114623438358,0.25519335175601643,0.20732795820209343,2.762375634210666,0.5554017660953285,-0.6489712469419117,0.8724328151735734,0.4694409580246852,-2.2952444752754997,-0.6353613964435941,Other
-0.812941095310326,-0.39777791394020817,1.4840761498325277,-3.4142109522642228,-0.7705978618738839,-0.22453044106802533,0.9133722516356186,-0.7070954065020055,1.1169423952293376,1.6681929266864703,X: subjugated edge
-0.41535726017968533,0.372325560060305,0.5199143958057346,-1.5667075181253192,0.6262974919995611,-0.37533762808468646,0.5164632229371279,0.5440626041646377,-0.5781454847582379,0.8062936773456255,X: subjugated edge
-0.6120967990598081,0.8356149278862445,-0.2904559326943371,1.7625872537224754,-0.49174701195092996,0.36695768341425405,0.2502267645313201,-0.9347266563889712,-2.2777200224367364,-0.9901764731423917,Other
-0.14079088641638526,-0.11391639305308393,-0.9508665207299953,-0.7949295179397627,-2.086835993189738,-0.7937057342146883,-0.7987569569150632,-1.0974812649398142,-0.17973827461992692,0.2436996702320613,X: codependent edge
1.0659802307876436,1.7767198471176207,-0.9069664303620458,3.2342634248565996,-1.0729765143512766,4.736803813981635,-0.6558079194331887,-1.8836770345918812,-1.1207898572231556,-1.8849680824062678,Other
0.15704856744534462,0.23914928463346072,0.5321247874484497,-0.30752873866153224,-0.052491276464535164,-0.5852159196130154,0.3938059137352131,1.7166633046151447,0.48151404680805143,0.4300751841945391,X: subjugated edge
-0.1586348370386883,0.2704853861101991,-0.0507189110018149,-1.067808739231821,-0.7556692716361053,-0.05512963072165089,0.2025199991679042,-1.1120163514606598,0.545842064066155,-0.5968239619661991,X: subjugated edge
-1.0356537528258116,-0.9089976945137175,-0.02505646518929175,-0.2961975037642195,-0.5433385472363795,-1.740132209949387,1.034193984681121,0.6071649243287014,-0.35329147662467253,0.42639852530675537,X: codependent edge
-1.674682944704357,0.4184990745503845,-0.6792566517295263,-1.1976063308959874,-0.599749815195234,0.9679027517559893,1.4119351512180938,0.0022648093686344906,-1.195683793684411,0.42167972941793264,X: subjugated edge
-0.4863079090733309,-0.1340272208093656,0.46971768060132696,-0.704786713235521,-0.425275986895655,-0.04551521669203251,1.0301816524233864,-0.8126634153127213,-0.3113628806804605,1.7480914808281391,X: codependent edge
-0.05378255081832049,-0.6082397293372869,0.9348717138766323,-2.499550912943646,-0.8494813006033524,-0.9747664727040495,-0.16783828273316803,-1.1217801663229925,0.8389055903351186,0.6569907599584153,X: subjugated edge
1.767929913579883,-0.7764744081483639,0.1643536507551071,3.6548277640974374,1.9654540603931965,-1.1152320911737443,-0.5797418807879047,1.0159865260665817,-0.6928985613261325,-0.027902296639161106,Other
0.13027452147288585,2.671763379756685,-0.43705504537705064,0.737020824561588,-1.6286247516544834,3.92520951377936,-0.10285607326391766,-2.1671062722303804,-2.1162582366606224,2.2451357263729586,Other
0.9827395110230576,-0.2634772501790354,0.9797271969030567,0.8299195381662635,-0.6336037647569239,0.8406273962069478,-0.6221395408961166,-0.3440163453025515,0.7734826339978647,-0.3050779824536212,Other
-0.49929559853915206,-1.4569854207812678,-0.6585181551510904,-1.7922321028027692,-0.7517648806424946,-2.32112660921002,0.2538107976710009,0.5811154207760595,1.4787390392804944,1.4036783508611614,X: subjugated edge
-1.1849437664170246,-0.6982214597325725,1.7930389403884854,-1.8371820237022078,1.1885885575457529,-2.2280168420591955,1.953933455531377,1.741608184164078,1.4126978632016312,0.7135878145337343,X: codependent edge
-0.9651167622323719,-0.051567839476213594,-0.2023013194737583,-2.674163470369132,-1.001789817331898,-0.7335353215204767,1.4441397282841806,-1.0168868478133384,0.6365325926686796,1.633281893048885,X: codependent edge
-0.7252260645357532,0.546667032616485,1.0102405813418758,-0.3660065572030522,-0.26364078309509975,1.193938200542971,0.21391108864177366,-0.5952051102147458,-2.7695311066675883,0.0880865960359577,X: subjugated edge
2.1284697324351645,0.5547965217253135,0.3246256372890276,3.6672790133486957,-0.6690528081235307,1.9362467175137938,-0.45653249730566625,-1.8525519359371883,0.8101148045779198,-1.301770496704826,Other
-0.8213866792243861,0.6766145517765254,-0.10125313192481977,-0.4127796410704745,-0.8230667513615211,1.5252596073500326,0.5878508672844913,-0.6373016564007317,-0.4058752735258293,0.959871410228232,X: codependent edge
0.838489203736345,-0.6448603066373296,1.590514357248645,0.8587065693969035,-0.2401575114017922,-2.8502400542696256,-0.2927503801018173,0.5477046557734984,1.4815655268200303,0.5222328702946547,Other
-0.9029271780870264,0.34044044350154545,0.8746906742068261,0.7993468625807423,-0.48644001472676085,0.0669894566970432,0.6682376120654905,0.12242388437221174,-1.365657598070401,-0.23235902778855977,Other
0.9315730128742441,-0.8760594641105784,-0.8758087788574097,4.267267600990676,0.5100346958375898,-0.019219217899081494,-1.843819528898452,0.02761811245630963,-0.7683037574771993,-1.6052337273046065,Other
0.38495096610586316,-0.6196429830140117,-1.2328393056925022,-0.40788842402141845,-0.36318292587307444,-0.36816736209080786,-2.1491770749585806,0.15738423503831261,1.8122340934519792,-0.10033735272130051,X: subjugated edge
-0.1566378976580904,-0.9177089745002595,0.9981355358135582,-1.828165227004853,-0.36609115657286795,-0.37802627250739984,1.0746893246290719,-0.4353120599262361,-0.30086007297327955,0.08869621549069118,X: codependent edge
-0.040762526135434025,-1.1883888545982695,1.4082110862673218,-1.0300311182794593,0.9479810625623599,-0.25156414888349077,2.1499316837383438,1.1333031044849151,0.7926255053194566,-0.7387872646639433,X: codependent edge
-0.6547876954293904,1.0642094888580087,-0.2822658947863804,-0.5791253786922641,0.7706056982102857,0.8408412797409425,-0.8491403927086897,0.6599565041320405,-0.012218013901504454,0.28060200926190876,X: codependent edge
0.44607220148208054,0.6886117009788877,-0.8147676897623395,1.4950017471007648,-2.194522072631011,1.6189365255142625,-1.414020548452382,-1.7445582753986077,-0.4490005661803419,-0.6355030180972596,Other
-0.45498348034078,0.9766653699781299,0.24056169741935676,-2.2405984291613033,-0.43883856310537733,1.8024277372020787,1.0131777659532957,-1.9544162490646948,0.15016979121724494,0.5182855055598816,X: codependent edge
-1.2256057637672482,0.03931306602429631,-0.35394632717695673,-1.2742552340062399,-1.173370370481577,-0.4494609445979102,0.7257007940922383,-1.067410914966044,-0.18768636177808376,1.140314971100829,X: codependent edge
-1.2779375743196193,0.7768076988651466,2.951905122286518,-1.7167910481331827,-0.6661670344957134,1.1103526580679015,2.9126249174750094,-2.0905948147348394,-1.6009379542112412,2.112034615214559,X: codependent edge
0.17258791772211948,-1.761289404642545,0.20965980825748812,-1.2758351667674468,0.9097624752389795,-3.0875406991166674,-0.11138441693734745,0.758530508234035,2.0184045932179355,-0.7022313343744354,X: subjugated edge
1.579091256410435,0.8630875180453551,-0.8298025032326892,1.9913262830503988,-0.9901245809047448,2.382457953900346,-1.9932001932123198,-0.5896314893196014,-0.2438716130607903,-1.62455426604249,Other
0.15999161357343825,0.1771198300050302,0.9662175213543539,2.596896914373543,-1.0862833993159147,1.9381607429836794,0.14542259142453223,-1.706379830217512,-1.9837925668063305,0.9744910968782243,Other
-0.11863832610988256,0.6271096001491656,-1.0315625077270825,0.6819042683358019,0.1434979359547499,1.525928029552309,-2.1617914505867475,-0.17151168616607843,0.8413102560948169,-0.6940609773332913,Other
0.2858261396025429,0.38002329904861315,0.43892313890278584,3.4273592027085487,0.33171675125399164,-0.13561272199855867,-0.8744674514320022,-0.11643792931023363,-2.261514389681645,-0.3899382989310194,Other
1.3060017417068248,-0.9870551545368866,-1.8640133560387302,-0.4457632068444952,-1.2863309690131879,0.4715506678229118,-1.107097785833521,-0.23720375697327023,1.1349398508497914,-2.6867338571388073,X: subjugated edge
0.21938250136385634,-1.4980397753910466,-0.2150297695134841,-0.22575335054346213,-0.48158994214229456,-4.312724263034795,0.6326246108301734,1.0773268426225848,0.2902553985123413,-0.23148595632660232,X: codependent edge
-0.41092723083373717,-0.7120541661829632,0.46770000613774554,-2.806960333869627,0.1858230885101943,-1.3865947859299828,1.5732849672065254,-0.08558511754363174,1.1182651936629924,0.7008925969297237,X: codependent edge
1.1062887100598888,0.5649172812729122,0.8359790864772988,1.5522297844563258,-0.551351734030329,3.7149236636867506,-0.1228739337941076,-0.041162940648047375,-0.09893667853216953,-2.147463171275639,Other
0.4287564384616135,0.6900914151753954,-0.5120330309999034,2.6759823826737317,1.3292895309070807,0.9778106143990228,-2.244033848510869,-0.44314349640260864,-0.08132672716175682,-1.3420144186541645,Other
1.535755991995992,-1.3679422773818628,-1.7184130853636304,2.5611798274699495,0.5781156384643285,-1.662789772216475,-2.4013577793009837,0.9963335788901798,1.4460208153107805,-2.7222338955758545,Other
0.18323443722190613,-0.9810993674682146,0.48523339196159365,-0.8801846858972184,0.6649664530641441,-2.662730545309468,1.0744209558777613,0.6560461754321953,0.7637231676716638,0.6965670348729205,X: codependent edge
-1.2244690317205003,-0.7232356859408393,-0.08171710741937482,-3.3021430582706417,-0.5961532558138218,0.08782165474167059,2.098869754464322,0.791262972645234,0.8981154217020033,-0.8541088440371961,X: codependent edge
-1.368159199245665,-0.3573050602668157,0.7520207333482041,-6.108670980797002,1.0442372654324925,-0.27649712881121924,2.3865145366963727,1.1462184997764078,2.4030004666012514,1.0480277919683612,X: subjugated edge
1.6509279322312496,-1.3620508308526522,0.09980465826049278,2.3215622446063495,-0.6749964072246226,-0.3094199802713579,-1.370473201533565,-1.2484861345544411,-0.4572190241528066,-0.43297892676844774,Other
1.723665720783297,-1.4220517661401326,-1.1159630316707723,5.612863570449917,1.5569827965228966,-3.1048420051804446,-2.774864554770244,1.9578632852490372,-1.3184958917994969,-1.2955232262589262,Other
-0.17951921328260065,-0.8218352964075539,-1.357704436355751,-0.7155228681940368,0.8965358822088209,-0.4233395590229281,-0.5068012788669988,-0.2886270045695509,0.449830580423529,-0.664588706196144,X: subjugated edge
-0.38318732113598775,0.08625383622500567,-1.3597631932718366,1.2820455019990717,-1.119251818327139,2.076741317258113,-0.31339768244763877,-0.8243449795578391,-0.8032625539713194,0.1356409295161608,Other
1.4614442922422022,-1.1805943397534906,-0.5676515923386583,2.138725044444064,1.032575494910063,-2.286324498991409,-0.177352820665458,1.2689742112146212,0.7562260202245097,-0.2388069622358937,Other
-1.107045682043488,-0.11580350997176611,-1.3297432531575804,-0.6961215645634778,1.8125278185851537,-0.529905489975064,0.40274327270336335,0.638446478693266,-0.16844248378127624,0.22918684840993242,X: codependent edge
-0.8947270189558264,1.0585528161418154,0.0199363967155749,-1.111951819605219,-0.5960997257039103,2.8381746700913775,0.692527526899457,-0.686545072098934,-0.12532020438200064,-1.3155431666579136,X: codependent edge
0.6433267946890444,-1.30177973741351,-1.1602875306269287,0.9175161160015972,1.1716330056539574,-4.289023167418908,-0.9495031236913072,2.0436270801640624,0.023516693515534426,0.20932419758785137,Other
-0.3946051228595896,-0.20644575841053947,1.6941521832231505,-1.7105879103964865,-0.13270667190712684,0.13336074969679346,1.3582164469171247,-0.48498302816477046,0.47753658125812254,1.1049639416269414,X: codependent edge
-0.005121866720071296,1.0247567337507726,1.6231742836582088,0.10013936751894814,-0.5051050470818147,2.607581795344922,1.2040998922324238,-1.6032125733728866,-0.2749276158840599,0.4621665882077779,Other
-0.16344289852451258,-0.4182683903638093,-0.8022780055339691,-1.8360484713324545,-1.0947709224261875,-0.9313312008314323,-0.7818460041103985,-0.20592278755831517,0.21243919799313998,-1.8177615886198466,X: codependent edge
0.33757454879893356,-0.5736696908584189,0.536047958077007,1.2997224451818146,0.6362884774448646,-1.4534842651264572,-0.8051746264337235,-0.44121697743061383,0.977843626743467,-0.3121713819881961,Other
1.4074818613137168,1.1634958143064738,-1.552136290555337,1.8020110427636256,-0.6133572715494578,2.897402837934006,-0.7261538356816652,-1.5063661143178702,-0.1334022933957013,-2.124659742568726,Other
0.09058490690174555,-0.30620207897154783,-0.25216169589581927,0.2885441037992277,1.678780121224204,0.010729429309791039,-1.4121924141561906,1.9961609888200709,0.7481958776171307,-1.1683660717746824,Other
0.6439387932768579,1.1044950252055679,1.2510708531109855,1.1376051513518628,-1.9688254026243448,2.3803100696023494,1.3083383833458795,-2.8440681239931678,-1.6030915088377273,-0.15922097579184746,Other
-2.0501721010310225,0.4289653911271988,0.3024460026610881,-2.73963528431437,-0.40731779426838927,0.6380388472203641,0.24072075403048188,-0.7601050702512302,0.012392030317938618,0.9677738137955008,X: codependent edge
-0.04871840193011795,-0.34284465290983673,-0.703047756733955,-1.5163214111548924,0.7379279091668731,-0.26670785983868983,-0.7182385387059571,0.14497543910988292,0.9545386991116482,-0.5788313480138308,X: subjugated edge
-0.8432302702928711,0.47969053059753036,-0.09337114765471766,-1.9624418564023753,0.03925067774824137,-0.7794869791123666,1.3192961642126158,1.1618458180793796,0.45620522647201756,1.148770743000639,X: codependent edge
-1.218813060423628,0.3204495138460378,1.17434761115361,-0.5157603178063421,-0.48429556389315487,0.3675817390015935,1.4428226371455506,-0.8616660441386882,-1.809114699074778,1.3617690917228877,X: subjugated edge
-0.8781523669287508,1.020882821002474,-2.1662973174504514,-1.4862813117728813,-0.7654531072308055,2.6798844628938587,-1.3035771204775206,-1.4699741780245899,-1.0492115584027237,-0.500277756380427,X: subjugated edge
-0.33412344070081207,-0.5483455378650185,-0.44118717691049064,-1.2441635565259515,-0.7825462928244846,0.0011115635191905546,0.3718794665103854,-0.7139603742235522,-0.7839023325455037,-0.44419995433994086,X: subjugated edge
0.9159025423560131,0.041206066781619685,-0.5425291805192544,2.4879433334227516,-1.7493579350112562,1.593305951443559,-0.8808117816503135,-0.8111242681658418,-0.0747712212912085,-1.1447251915778895,Other
-1.326392717739564,-0.061515679604637406,0.25716027159671917,-1.9679418793640817,-0.158463921874759,-0.48950206410314506,0.9484804441917133,0.17745328612760214,0.6101488108176845,0.7289757524238762,X: codependent edge
0.030631492594417446,0.7041481416397848,1.014003905680739,0.9771623002058576,-0.7966923999019366,0.9980147166635166,-0.034613579976661424,-1.5509875719004056,-0.9299547910199609,0.780733358237319,Other
-0.4841694333335785,-1.0251791944441757,1.2522172684886204,-1.8562937574568705,0.520180502110939,-2.492004546350983,0.9006703461721128,1.7445077223245282,0.20254284235732767,-0.19580079796911176,X: codependent edge
-0.32767309436196085,1.016977048237856,-0.8629114671025528,0.8290322512189929,-0.8028234031250728,2.6343567584166605,-0.5789965483889447,-0.920705629368293,-0.39446309760494747,1.1937874060842688,Other
1.0027578253046041,0.4663287721704166,1.3440967286235752,-0.32336912337462764,-0.6552690957758734,0.013662996677558159,1.6786746605390248,-0.005693220653069209,-0.6129504000875479,0.24849262459757238,X: codependent edge
0.5381154370039261,-1.3169250736329463,-1.4005579347596375,-0.24685028185829633,0.07410166056474488,1.3259501489600731,-1.2138505122573613,0.7749379065989055,2.0907284588356463,-3.097181206723313,X: subjugated edge
1.3373981074427437,1.2082628254805003,0.4337216070238382,0.7273069555202272,-0.6573575286606586,1.92115497413719,-1.0881915727856633,-1.0196197588391716,0.5244320008665426,-0.6666454384663703,Other
-0.15450567924990047,2.2340930807977313,0.4458695291631313,0.33450891377481873,-0.9667374985529947,3.9873356573392638,-0.08970656155500722,-2.2704240561027076,-0.8915773607447679,1.1188156971308016,Other
-0.695942611670703,1.0018339695494078,-0.38738941782844694,-2.0983098915665988,-1.4559834651553056,2.563411523895636,1.6803448528588711,-0.3133068743635812,-0.8902283246128188,0.6665458941741036,X: codependent edge
-0.22385881688049952,1.4269847672264693,0.16479692657803607,0.5048016929372731,0.00786503972072039,2.127580538098095,-0.9872474288011841,-0.9795012045172312,0.6265580664742598,-0.15554250681470225,Other
0.2424967912712216,0.0853713816025881,-0.20574124323974294,0.4264142088311355,0.7850992560304648,-0.466754777804845,-0.004881836486737234,0.2958315902480172,0.3846506257602874,-0.2712732999964247,Other
0.17657335845371103,-1.66150491973851,0.12135326210019354,-0.7684685725450281,0.6967217433054145,-3.1832160706544648,-0.2572885298024996,1.2159719750256333,0.881679913968391,0.07320525158051094,X: subjugated edge
-1.0843880722333665,-1.8441204511675249,-0.18066742734272545,-0.700200163036019,0.34902273144719764,-3.8701906743420764,-0.3355593666107106,1.1531778446727596,0.7293457417223908,1.3048020351786889,X: subjugated edge
0.09048978162787422,0.25508204386775846,-0.22354004439843503,0.25686063820657157,-0.18697281648534395,1.5920712133261627,-0.7827676020975385,-0.09715774420135334,-0.8198715015430961,-1.3287109922827938,Other
0.22822833013890514,-0.59197880772998,-0.8220899969655255,0.49566349649014796,-1.6229834540260182,-0.320084950886533,-0.30339625080929084,0.3283321460153126,-0.10752309641811832,-0.909241013931012,Other
2.5174740375339204,-0.9145762783273513,-1.9226898696336419,3.7322267008714176,0.19282750182256003,-1.0895521841728069,-3.4016108842276447,0.25928601113309935,1.0459466251974747,-0.820373676429784,Other
1.8768446112816701,-0.06274668396867535,-1.0901686926222038,4.77655260756109,-0.05689800592227229,2.6799357402933275,-1.703536423976212,0.11639036819358049,-1.179167455760073,-1.5189944653309515,Other
-0.8532433505588201,0.6155852878612882,-0.8727275400705229,-0.536908377751131,-1.2027804300319724,-0.04932087298223456,1.5440700414021433,-0.8648130411460175,-1.1425516045519437,1.5915067321884435,X: codependent edge
-0.2873833615491761,-1.4527575467621472,-0.2934718239231592,-0.05617750867772342,-0.1677427827428512,-4.925167476656364,0.21142570830946206,1.282856545119035,1.0748929324278271,2.6365117199466295,X: subjugated edge
-1.4634420018370031,-0.4488776202803848,0.8828172380373158,-2.5248041495281193,-0.18858329146435357,0.19372061673845675,0.4047148996011727,-1.0288265673442094,0.7822777945296939,0.7978528868183958,X: subjugated edge
-0.5907070139634865,1.5098706831203152,0.5622424256303277,-2.8524092898676097,0.5680259652052464,3.8383577208481094,0.06094215562109495,-1.5703408527811167,-0.8330424937344793,-0.46505668339120576,X: subjugated edge
0.3156050035903405,-1.0752883802213746,1.5385265370475387,-1.0287157858588127,1.2753975154831647,-0.2901760366650872,0.24157888491969048,0.35601177704202946,1.2893886155429326,0.030713604617596424,X: subjugated edge
1.2058536208882336,0.8697611871649563,-1.7720063438333975,5.248519125254198,-0.56439531769246,3.574062434649343,-1.9659694096371982,-0.881635463346515,-1.787407412906924,-0.3812629467259493,Other
-0.7290838377436085,-0.4847307615489939,0.6083316305106579,-1.3294397532237987,-0.31649753469640196,-1.2408612502308514,0.9345724958744411,-0.45460584686936883,-0.5548929924279711,1.7094654746963867,X: codependent edge
-0.6541464400677965,0.5457937598499527,0.16488599253588374,-2.555801220854649,-0.6792517438763193,-0.663321719609657,0.7991407332505452,-1.0871894434518692,-0.6102740287568272,2.405841846188152,X: codependent edge
-2.147289029738655,1.0973275072028672,1.3948440558515145,-4.082374580745328,0.25402216512341574,-0.7059706256320393,3.5360425637763164,-1.6043960490297478,-0.20308778223334362,1.7829063946667474,X: codependent edge
-0.16266592054490767,0.7412817669850216,0.2808108779720971,0.44229874686906356,-0.5208856665903512,0.26019203018637604,0.24557458668020413,-1.092787278080276,-0.4414910501627879,0.6048241499654339,Other
-1.062414411859563,0.9091596022138765,-0.07164054614096879,-0.8950724800283958,-0.5425770802068867,2.252312892645581,-0.09957327202569599,-1.769107088667583,-1.475227594078829,0.06407300055506027,X: subjugated edge
-0.5294394273660737,-1.1515935334079561,0.1768373264576832,-2.1529689686432696,0.703660892852111,-2.250539947650452,1.342010965116938,1.74877388336413,0.7585563700548394,-1.7337503812457216,X: codependent edge
-0.8768607781675882,1.1136597067412988,0.006672672166606941,-3.0172797254613473,-0.5645020637200834,-0.009897153655282098,1.607916718686432,-0.7298497313833281,0.39183316294741766,0.5382565144577538,X: codependent edge
-0.09426255425255699,-0.8526931146348199,0.5449305040762931,-0.93305278808206,1.4480568059597478,-1.2495619227730197,0.4902479630282266,1.4038173597637662,1.4512870640076347,-0.7559413041917022,X: subjugated edge
-1.7577283913566313,0.2595417655715384,-1.123598132792069,-2.2276000451719367,-0.23408100221980388,0.36644923035293386,0.6278813373543213,-0.5264492224379919,-0.37707953514038595,1.3522976373149094,X: codependent edge
-1.4670452453909906,0.2582461869972269,1.5325297218286955,-3.2999654069014874,-0.4591503316222265,1.291781740242872,2.256832110777952,-1.9285673642049659,-1.1775663684965652,-0.185845996405535,X: codependent edge
2.129247112028298,0.48512255886958094,-0.3112146054396115,4.321932732427092,0.08873220853846905,3.2547396810704146,-1.8952917667286964,-0.667567394431009,-0.8950754502727526,-2.105807961560184,Other
-1.287422581274031,0.33695667606019053,0.40379454110500523,-2.174871928065136,1.2964036087711444,0.27851281830410635,-0.39450721713033765,-0.24042829086365852,0.17550105109118147,1.1854903632540117,X: codependent edge
-1.0967855784546396,-0.8438099785247232,-0.06330709126187706,-1.2070692093678321,-0.3155661472938369,-1.0997205393180374,1.2167067050024851,0.676308380560457,0.6883616756629246,1.0104263409181073,X: codependent edge
1.836913528321314,-1.3498674122957162,-0.9230967557192279,2.5296188156424275,1.1347175020849631,0.23334057705206868,-1.123890078583705,1.9878038117632992,1.6985579969540296,-1.5112461804792803,Other
2.905067169240407,0.8723486799617686,0.6164524877413392,4.20300262661942,-0.30634816127535697,3.8260940183355734,-0.8205813346622053,-0.5486436856754222,-0.32914334362726444,-0.11611452094242014,Other
-1.1715666288253417,0.18583457751891555,3.2290512937601115,-1.9321609447124033,-0.6453228844823243,-1.5388263497377845,1.7836792215966326,0.5175075006887085,-0.6290902486603747,3.064277787302254,X: codependent edge
-0.36824895678803055,1.1493768409578178,1.0874964189215326,0.7479900882631785,0.08009498818780891,1.7228272743439934,0.9351840930016676,-1.2522255618226668,-1.1575056146499323,-0.01606762151735286,Other
0.34155555094050954,-0.04473293418786798,-0.3899545821462012,-0.7238369676771068,-0.5171033708938559,-0.35950108428117517,-0.2457965567814356,-0.6564787272518169,1.6138859459001746,1.029000734863215,X: subjugated edge
1.7286976444055924,-1.4051643606769604,0.2249053523027778,2.8454006373316587,1.485601716076625,-2.0251503749713793,-1.1312789049900833,2.5008027144191343,0.8860401256243101,0.4416893682988521,Other
-0.9868570784282374,0.9661296810041061,0.750580769102227,0.7073500517305211,-0.20641228867810757,0.2518908939657416,1.1640461836318416,-0.6928204947546275,-1.7878561202593142,0.761314313773034,Other
-0.24527784594210975,-0.370370609661107,-0.6363531801040688,0.21436397766917537,-0.5487389430197357,0.9198716071089856,-0.07454853505752407,-0.15440362251971287,-1.3167906429707728,0.007117300255485064,Other
0.777337576061744,0.3420034574210212,-1.0727287340132001,3.2987428371858947,0.09059127775344827,0.24067873588449806,-0.9069190611651354,1.1691543405943725,-0.4953354180578844,-0.8702013648017032,Other
0.43476607446661863,-0.6474594284795192,-0.5453409058358438,1.039598915484577,-0.5792313372010321,-0.27082724829257926,-0.015967187979578745,0.6582383801561869,1.0460654749181837,-0.9944497000878145,Other
-0.37615607123009925,1.6443017102336905,0.8218171335239001,0.04022680321328728,-0.27526447911594504,2.1343998769142942,1.5671504069465665,-1.5000034287280057,-1.6409309913266972,0.027229058705684372,Other
-0.13382296451604114,-0.8765648241831969,-1.649157963397934,-1.5127540250579905,1.5854672231588909,-3.2576558117564076,-1.2090031756622681,0.8564252583234235,2.301294663318517,0.7136617244531525,X: subjugated edge
-1.3748958083699818,-0.33742975410617465,-0.4192469499278438,-1.9458378702279326,-0.48469579386824013,-2.0369281795505754,0.7132847127188198,1.0298437120268247,0.06773128864076851,1.1396779121399305,X: codependent edge
-0.23817374397466523,0.10744870269731638,0.4054079903699893,-1.2061183367741128,0.25139601417268126,1.339975257527195,0.044107813731751155,0.1877894450219711,0.9487015042332798,-0.19462578430805866,X: subjugated edge
-0.2663874900089551,-1.0921823270869582,0.26825815761287247,-1.1494619273109112,0.542595824727569,-2.2184961769695803,-0.10374747946753488,1.081692556096445,0.22863429737636365,-0.533467345712451,X: subjugated edge
0.23216988962625595,0.33051952858759515,1.028381497263302,1.908903119477173,-0.18942440627860946,2.109429147053776,-0.9233793049307256,0.17407669132524695,-0.9025492341973425,-0.4867898178995298,Other
-0.555327218819016,1.6119104774674902,-1.1949601109314951,-0.691601815026495,-0.8942553212886757,2.118268672561465,-0.10306979391518913,-0.951281860040041,-1.2386295589099945,-0.1368022797767667,X: subjugated edge
0.471538522545139,-0.49046216069371046,1.849381420313789,-0.5726548945016543,-0.5420633633834717,-2.586614622517069,0.8380580243913168,0.5363205953658932,0.5663528618290321,1.0245087906509662,X: codependent edge
1.0127158178198286,0.3951428190317255,-1.997230711289013,2.2750140152231273,-0.18891762778894783,1.9592679105786308,-1.7746154973690815,0.28161163494513736,-0.4656317768883662,-1.9885034889797626,Other
0.15542932766846604,-2.7494353860385554,-1.6537644844715658,-2.1592227916457944,0.8422968388984327,-4.472934073162228,-0.8674844360613682,2.7796408862102227,2.288417685673258,0.1692887745901256,X: subjugated edge
0.35175640839920347,-0.03892920048484066,0.15774002236037363,0.6870621198058942,-0.42452422313541716,-0.009528795501755005,0.12099339969461409,0.2543289375253627,0.39815977380721884,-0.013906422678267694,Other
0.053155347577867364,-0.31304228592620537,-1.006061642650355,0.05337312352098031,0.9484448909962322,-0.16704656742020693,0.5657455214966634,0.11285352426038231,-0.7194188746564589,-0.21495381756854146,Other
8.439309141418043e-05,-0.8184976024103849,-0.09224668256045311,1.1301395011161388,0.3113575096003153,-1.3328585399059147,-0.35639769911304153,2.1117494923411,0.33563386263607553,0.8441978656464773,Other
-0.7215580335428474,1.081450469628532,0.2991087679440839,-0.1125775880756196,-0.4631604747961856,1.6139381541416418,-0.20294161501844388,-1.94476756012271,-1.2827710973981947,1.2756002624348968,X: subjugated edge
0.316494261673308,-0.32624368162382816,-0.8705083768852013,0.4056949623398184,0.6599061060944661,-0.09419146051889404,-0.6969295760985322,0.7736737198334864,0.010426390906089877,-1.6607139918390355,Other
-0.09728659841348947,-0.17747748709358746,-0.5249799618676647,-1.6640764523793192,-1.3415330786654163,0.27968544622068814,1.249394913497127,-1.4731570637132025,0.058746512251803384,-1.0156692985287024,X: codependent edge
2.093168308930595,-0.37719287478907115,0.5424504191624019,3.542905031517246,2.1212167869412726,1.0097052254035161,-2.1964489618961562,1.1638456560884096,0.4524693844503539,-1.392913298930252,Other
1.5733549024752425,-1.9168158717650765,-0.8562935580944846,2.94429755667271,-0.11315699632406362,-2.622257327260887,-1.077746506313737,0.9582210270769149,-0.4923327730299789,-0.9769918544607457,Other
0.3858465525565008,-1.131986440076961,0.768224774384747,0.15331757776610155,0.5411538401681014,-3.1648445545224475,0.924751156019596,1.194325961641354,0.6970964840412787,1.1395564800935256,Other
-0.7630572096947675,0.9610934861202163,0.33125865627326523,0.8860836443976062,-0.6187318636155227,2.1011999518055937,-1.0527913619516502,-0.7429311921989136,-1.7150754516323632,0.6506721801666221,Other
-1.112411471983418,-2.109950646879972,0.05065351120549921,-1.4933470002881717,0.4351916474713339,-2.9027659702491473,1.164769576736402,1.061048949276135,1.9239075987185454,2.186405364066985,X: subjugated edge
1.191142953088865,-0.7663153496157056,-1.5662759081509958,1.3508135795390381,1.670192013935651,-0.15767969194066686,-1.1456233956797757,1.3042620772691402,1.684005024506566,-1.8447998787560893,Other
0.2627492251471385,-0.3997200562897638,-0.8687702575183028,0.7578083272133165,1.0871710900017209,-1.0099465500615048,-0.7885099357784808,1.834272699560309,-1.262635167430999,-0.8883599297386533,Other
0.4801434033916108,1.7436218672915653,-1.0820799168289392,1.755434628909534,-0.6335152965891111,4.219371636612394,-1.3318724359340188,-2.5769971070598694,-1.9815060622505252,-0.8965473161011456,Other
-1.7445859869741926,0.768603765496369,0.21542708702009583,-2.2506393673875333,0.7684317464246114,0.677153691818176,0.9623849149967023,-0.8711988651027514,0.031304146261069754,0.5039656208511856,X: codependent edge
0.9274384815581808,-0.5571705270530996,0.3057992504067192,1.1806300647315975,0.4255162545588534,-2.0390141958311907,-0.8043955703923279,1.2549261957778097,-0.7077281459691583,0.474398571765033,Other
0.45442033821436295,1.304513697115551,-2.0077877299958966,1.8981540536717376,0.6766299581274973,3.930302508361041,-1.4708917559247583,-0.6157356817444746,0.02031682991631989,-3.2520658137626715,Other
-1.110430684414478,-0.7405158205011196,1.6714502762704875,-1.9070742647603938,-1.4545621780176679,-0.6704265561246082,1.2168928555650025,0.014200082636312422,0.9368856845533161,0.795181436074476,X: codependent edge
-0.47152480744994896,1.0090998037340055,-0.07380841167357083,0.8452798183815647,-0.4072310272444771,0.39513749814817106,0.06207338082252056,-0.17335205354127337,-0.9157974694096975,1.2603247895091179,Other
0.2637172043565196,-1.3588772459230156,0.2310278212151426,-1.0958418283433706,0.21814474816185347,-0.5048847539136612,0.7992684841643957,0.5217715447663763,0.2908887747078551,-0.3675785453760119,X: codependent edge
0.05246679835624363,1.0732578317891572,-1.1775100858908516,4.130194894341113,-2.6578053163748754,2.1844563610257457,-1.480051221604417,-2.3904571887837585,-3.45894166722943,0.5245970550668122,Other
-0.292171185803555,-0.4061336454709856,0.7736926300701583,-0.3045990831104845,-0.1425875437525932,-2.308178642575574,-0.7445037445694555,-0.24154556043555672,0.9131321069772983,2.290050583040082,X: subjugated edge
-0.10348826806596086,-1.0285042409412697,-0.21714895031731515,-3.1754492580384777,1.679917306020799,-0.8812613204728568,0.8849880038324153,1.26618868291364,2.874659380292967,0.07044963912807367,X: subjugated edge
-0.25197737820688537,-0.21714361307631405,-0.6548261207900592,-1.3535991419934503,-0.6414776040964176,-1.4080455038728175,-0.24970204020579928,0.8788343516746064,1.475003585855559,0.9609315882429887,X: subjugated edge
0.15256251210246857,0.27734417972021486,0.5511531768321813,0.7316695648614664,1.0097792815920388,-0.6866440251163636,-0.15757717386427172,-1.0294175297171277,-0.04306742220745727,2.122447215320628,Other
1.471491972993157,-0.49474843052571216,-1.9151286069396716,2.52901053329637,1.2222945389192672,0.23024455828222926,-2.0488396956672217,0.02542975722539953,-0.24049960354272015,-1.1892312633985547,Other
-2.5666584409312976,0.5539535059953238,-0.6552643310555868,-4.088551463533238,-0.36824273288973053,1.8937901226203484,1.7870824073078044,-1.605436659766756,0.24143799361503315,1.4308949780086098,X: codependent edge
-0.23685026450968424,-0.5829938836640675,-1.2042397614118934,1.2377176155931358,-0.0285440465523447,-1.6567348604424397,-0.757308614591863,1.4756710548139715,0.2625443506867182,0.5597762633190293,Other
0.17651242137244696,0.6203723939313579,-0.31215385478393465,1.4943707815012184,-2.2234562432077554,2.4009065811721997,0.10659479505337144,-1.926634555916831,-0.6638669639208037,0.7982050100391704,Other
0.2959939896870995,0.44222206203659953,-0.4723670552310825,1.3379939986987297,-1.1295165907149451,1.1953098981657793,-1.156257597475984,-1.084954246912924,-0.3689603697358697,-0.36709920965853293,Other
-0.37191458132128985,-0.06092305470793503,1.0545505573073217,-0.8003904611531113,0.8250276279507542,1.238231423836373,0.5271140533923727,-0.7940209098319115,0.36616121849822,0.14684253527438934,X: codependent edge
-1.7567217824785826,-0.4413823123659498,0.11957962687559276,-3.4371187031471537,0.49277941916096907,-2.3798807549095824,-0.2896700225106106,0.35599794577245947,1.3089690617463097,2.637529067225638,X: subjugated edge
0.32799548371410964,0.15154079576526616,0.20976643357570834,-1.0342133326638234,0.09529813517579283,0.9314307668225609,0.7275761334713178,0.5791198546366323,0.8359057819813401,-0.38028942340526106,X: subjugated edge
1.727350214164185,0.5502537430336992,-0.24197854128314195,2.1023379358424092,0.37997913587911036,1.7128800649400362,-1.5364687766202747,-0.05198190992495244,-0.6879557242129996,-0.18070174668174377,Other
-1.5338614049161376,2.0617991527316084,-0.4746057973108975,-1.191286308497706,0.9317047756941474,1.6395347550995205,1.439401513700068,-1.2079802539603093,-1.8453036172457633,1.078065356224633,X: subjugated edge
0.8638280136981883,0.939420421798181,-0.04444671363074948,3.939701484221861,-0.7643574330820389,1.776573328210106,-0.3104410932077911,-2.222190305324359,-2.9641789677110895,0.9780981610166777,Other
-0.3285252231228939,0.9759899498158413,-0.256902442114081,-0.2716231454257824,0.7072258634041726,2.853956143989337,0.5431481536693255,-0.6597048893109823,-0.7164628644438702,-0.5852183718614633,X: subjugated edge
-0.0613243458288473,3.0885121948602836,-0.2234899866223945,1.3650969762528558,-0.6777037219642787,6.7719813468334005,-0.06040888103920186,-2.5111647480847266,-3.1401704279831018,-0.7505195129256818,Other
-1.052898510703949,0.5159584767678441,1.0177355574268963,-2.5109537143001406,1.8730055161329688,0.7302181865044064,1.538825428424446,-0.2879850180910256,0.5828460260883177,1.7160181407411383,X: codependent edge
-0.33445617235587666,0.4846435113117023,-0.5083726287960643,1.9567598880357409,-1.7261880659023614,1.6841963148316517,-0.6988888631502796,-0.6490988946564286,-1.1183615967419303,-0.8959036871982075,Other
1.3000445946989585,0.7040150743216541,-0.6869028714601617,4.1183218423403565,-0.19070330460199653,2.905097898887504,-2.162523655353591,0.049973617171663376,-0.7081351424423749,-0.9519656548762208,Other
0.582655241987707,-1.0089659775882531,-0.18468540685774168,0.005778890736623594,0.3884524310830744,-2.7643776578343084,-0.5959293147057052,0.535041545688002,1.4625347961463857,0.8820163186665625,Other
1.732311605409944,-0.4439016364187562,-2.138746884970061,5.1254172837460645,-0.14931450679789032,-0.046411813795723456,-2.77150208759081,0.8101088445837947,0.5814081896615073,-3.284733927101043,Other
1.1774118889776937,-0.506169266692334,-0.18278851484250858,3.3924461486282365,1.3819341093975686,-1.0532821916271113,0.10378438152467073,0.9191926011351315,0.6444037052231291,-0.478335895470968,Other
0.4390866789295762,0.6476139772195617,-0.47870693672783954,-0.542219594286939,0.4526038910881215,1.1470268015716234,-0.2633748087443774,0.5783147542590933,1.1482939066786915,0.6009651586030538,X: subjugated edge
1.743934526167792,-0.17417456222119868,-1.45477469345681,2.579706792012229,1.1211683114996918,-1.2693200123363533,-2.4999605492718127,2.1607696568843204,1.076990537776766,-1.5920113653415684,Other
0.43899315873829875,0.1382234254743028,-0.19729052479563178,1.9209869758481832,-0.4571141799488707,0.26399013559652795,-0.6216809340909435,-1.1296180615326539,-0.5804612062254787,-1.132561616429526,Other
0.8279881767970589,1.0874546201484645,0.8491906486097061,1.1241396944905784,-0.5649544580047959,0.4365054778504729,-0.13910040423235176,-0.49270716855350716,-1.1918971165572512,-0.5066519272150847,Other
-0.29657095353470836,0.8631507387041388,0.8314860823490673,-0.04203759497900328,0.281501320694813,1.678735910254488,0.5455947350964239,0.4580359649066075,0.19352515552918398,-0.27052487400066794,X: codependent edge
0.06654581585920483,-0.16172100304124704,-0.4928873224672586,0.016390725966878614,0.00562258961942768,-1.0800558307953123,-0.06789913230397127,-0.6041893376541966,0.2792242724852026,-0.13233648578468524,Other
-0.6974238233002769,-0.6699950968782225,-0.39726633195260763,-0.37611422245401455,-0.07920270051321168,-0.43216171260952757,0.39578892644326513,0.035514606263726434,-0.5412497509669998,0.09894585925998034,X: subjugated edge
0.989583934594853,1.1352747316531886,-0.07500728673680201,2.014763540881793,-1.4812773053877548,2.97201523352144,-1.8189337913302606,-1.957813659836284,-0.42180585337953935,-1.1020031876016538,Other
-1.1783036231148656,0.7738911809098658,-1.3390571219395526,-2.062219024639628,1.0337539520560504,-0.14030997217032126,-1.3320264131645825,-0.21481503615926822,0.8757442881927491,0.760405504160234,X: codependent edge
0.7823503424176613,-1.6062568182953822,0.0026932703195188257,-1.7356196794229402,-0.14746608478893897,-3.9699234021256595,-0.8657575688384557,0.8710587459010481,2.0040076442602848,0.8345285373275539,X: subjugated edge
-0.19065105750515945,-0.3131539389082808,-1.600063444676409,-0.13832021173160403,1.247892376386251,-0.5078039681039227,-0.15667072815174649,0.6477035825137121,1.8892544244935516,-0.07744809900674127,X: subjugated edge
1.1712470934673194,0.1655154620167624,-1.582996446783914,2.1834885636877805,-0.017061793278236086,-0.679154301860073,-1.862560497075935,0.49667684272084844,1.646114821829076,-0.09409380991173388,Other
0.7508689887312598,0.7788297171210313,-0.8470583375999183,0.8513452858500176,0.13144595522934133,1.6199451639372298,-0.016904908414489217,-1.9468303994021872,1.0036596504645983,0.5998188191580904,Other
1.8206461576468016,0.9101014949397712,1.2892267938329312,3.202130653747302,0.23736510080830406,3.1240000123139757,-0.8204975854844563,-1.3061818920721238,-0.23079392697259654,-1.295296221291001,Other
0.7307746911386448,0.2839060011754735,1.9201554597142327,-1.6303071774666684,-0.04988048410900847,0.5251179541357861,1.333885986706405,0.26707033842674116,-0.37666673999408873,0.3346728170666653,X: codependent edge
-1.5720402556532407,0.585247531358856,1.1151610942298356,-2.700830720105651,0.07171825966765233,0.8714736630938913,2.5447802635915857,0.007919679796957346,-1.9140568599347776,0.9951689969172276,X: codependent edge
-0.06695317289820084,0.06413680237815363,0.19913848604299125,-1.114757823297971,1.4892789759421747,1.1325397629672447,0.9282923472738469,-0.17183370813467957,0.4143324398608905,-1.1565781568029545,X: codependent edge
-1.172007192594816,-0.6738516881805606,-0.8757483467707259,-2.98077352675707,0.7467030646301914,-3.042079378371565,-0.41771508725596507,1.2611816079467586,1.1032801667815806,0.8014769095664389,X: subjugated edge
-0.5182798423662747,-0.261264391041254,0.3847205991893553,-2.8276854039620085,0.9276059814027275,-0.48269218013075393,0.5746896523898172,1.6085212025269997,0.4851236182108846,-0.4420290980463094,X: subjugated edge
1.5112284332767216,0.018991186640108272,-0.5747625293435005,2.1920184807228535,1.0036398656586472,0.9141273156191423,-0.47498434755038077,0.40062466371717775,-1.3162401604900302,-0.7430694561738734,Other
0.637533810897696,-0.034679250018589874,-0.8691346385962395,1.2941846562490715,0.3213010759140131,1.5135479621835464,-0.6650024019730512,-0.5853758448726665,-0.12469631114872523,-1.997633739332411,Other
-0.6989304285787463,-1.8855729044434706,0.3035444881494943,-2.8198383804056757,0.745793638289722,-4.4228788476205825,1.076562769850558,2.406002507798663,1.997892720903352,0.6907121745769974,X: subjugated edge
-1.013717366440399,-0.3974833349294312,-0.5673819595432119,0.2566149544253026,0.08259786271074887,1.4281393385271315,-0.5359493358008622,1.6275656126450655,-0.5888842532019699,-0.846421353308694,Other
0.03278209287626079,0.05620565308915186,0.2536584836268977,0.9514453048999538,0.1553457879831338,-1.1825213258636682,1.5286521959309587,-0.6368538628041271,0.15090762033861227,0.6275742361346373,Other
-1.2165601493811278,-0.281369991905701,-1.7567073671373001,-0.695521895835429,-1.5878018182763443,0.4027536156405356,-0.4716290051000015,-0.4740442688325539,0.0734329000031656,-0.07062117559451209,X: codependent edge
-0.6711402773965811,-0.24682379551158573,0.4096155122210282,-1.4155264912768937,0.4075524902991817,-0.11943588383134851,-0.808136667765749,1.1861331934335864,1.232973709044168,0.14280169256889763,X: subjugated edge
0.31200947155124387,0.4879913708045874,-1.2548939278911042,1.9498725280873854,-0.7257211512780571,0.37139909980444963,-1.0620536745832299,-0.6060490099561765,0.920803847468521,0.37825478868085216,Other
1.1553120361066962,-1.0789571870486339,-0.38529328768426363,1.2492519881313418,0.4120935778944892,-0.5287520064128141,-2.8754788951787407,-0.3158122494170683,0.5037980917308924,-1.139875452756193,Other
0.6087614722244398,-1.6280422139512112,0.05471306149916785,-1.6277636908183306,1.6802316172775775,-3.4671678539117052,-1.2457940850870792,2.309699177327667,1.7184906987736568,-0.28505632673397463,X: subjugated edge
-2.2912895085981,-0.3481697908366748,-0.2191850290464601,-5.774565819092842,-0.5727395578986774,-0.9114518197910523,3.5387177432060026,-0.730711935169073,0.2372972933481282,1.254758895951245,X: codependent edge
0.3043667290302598,0.7641144055017897,-0.2137586462422647,1.7649069730176974,-1.699821352686397,2.906240050350604,-0.6094970207091288,-2.2910473620807315,-0.4546521389019701,0.16931758869932323,Other
0.07203357323257792,1.6875530394866385,-0.023688541190241774,1.2581445186234947,0.267725911626688,2.690801293513512,-1.1355253994448855,-2.4409991126223156,-0.5597990793831649,0.8325747989649583,Other
0.41389028537269307,0.78212823909474,-0.9416760474969533,-0.23633624406039178,-1.71639527397012,3.9224548974971136,-0.7151985204785607,-0.4661685827333486,0.18795278865218812,0.15875863861626827,X: codependent edge
1.6162096816512073,-1.4682637598688473,-1.2538830678776445,3.729052458721452,-1.4130823665011225,-0.8780373809746966,-2.4497574505573265,-0.1607227342869394,-1.4511554867232983,-1.8233694975601096,Other
-2.063238276804743,-0.23236723937677117,0.9383566411498372,-5.74297502826952,1.2009484220504048,-1.4364940520825997,2.6180785958764314,0.9647043546411644,0.8666411486995664,2.650301795582983,X: codependent edge
-0.5911034251911056,0.2566343810815294,-0.3420481473351493,-1.852965681819382,0.14881856912627378,0.9886428497456923,-0.3777526819470183,0.30870839323022825,0.29213258070548664,-0.49729587647851037,X: codependent edge
0.5909063227933546,0.1775911169235922,-0.26950376671352405,2.4972266710452233,0.27093793457758264,1.026298475148518,-0.3614061545147327,0.110092975228618,-0.23409769327753105,-1.096049866201043,Other
-1.5815943994539423,0.539304552942874,0.5047270594273275,-0.7385687014397617,-0.3772008840580726,1.4417238798313923,0.5530286986784096,-0.35179072755280955,-2.3881165057515368,1.0708238520329767,X: subjugated edge
1.475949048053509,-0.9170489464607607,-1.0335597504407654,3.028296272276153,-0.8531655077215208,-2.644928272080673,0.37720743485443897,0.5896482969205087,0.2882854687254496,-0.37965442198953925,Other
0.3683566127006584,0.06494308755074261,1.3344724308794231,-0.08140427274963336,-0.9186178657106597,1.2446242645582648,0.7019629243907323,-0.3585120902488086,-0.9217750149076591,-0.8337187755186654,X: subjugated edge
0.846583985843404,0.420322829776129,-0.18227847231263422,1.277111199312805,-0.617401566383057,0.4134585743245446,-0.826092650035089,-1.1631924629414905,0.9678317891657642,0.15279839002585294,Other
-0.5709436615217945,0.8256709533036595,0.4801164769094738,-0.4297845832853333,-0.7649356697802593,1.1919326712041123,0.4245414727771452,-1.600477137992553,-0.4471691562277641,0.46861329246672784,X: subjugated edge
0.8137636899662105,-0.805718166612792,-0.33037476583246705,2.4830089318128983,0.3734574887579866,-1.1256217300280118,-1.1741913995362911,0.6936083367687433,-0.04040804844441004,-0.9967323232759908,Other
1.0684715559890383,-0.345156867242898,-0.7916273852207769,3.5411110169986246,0.18285043183862648,-1.4352764467669665,-1.7282711001967666,0.246527308722793,-1.4655411608164028,0.0011406844366298463,Other
0.23287802013716835,-2.7038176800733402,-0.5080073112313641,-0.07713260872210381,1.0483726898646193,-5.728755510620069,-0.9945593497928799,2.8216207698140146,2.574018328892676,-0.9860431108433227,X: subjugated edge
0.23440089269869593,-0.6214619675777742,-0.11803023898797751,-0.5945501326554801,0.5854635039737637,-2.511146134180183,1.0298323607778517,1.555792602845394,1.1713161447997817,1.755055078736893,X: subjugated edge
0.2703432392817259,-0.524414892971043,-0.9396345837068593,-0.33509569198151024,0.7270852072658578,-0.8275059040347591,-1.04005346042031,0.9784285334250362,0.37558491913042547,-0.6077590009061203,X: codependent edge
-0.8633452647393817,-1.019584508167443,0.9668759218354273,-1.194425030940748,1.1168688644356424,-2.592548790269866,-0.5144610665983373,0.6591165807837505,1.5109147494717976,0.9786026472276116,X: subjugated edge
-0.14752868024035293,0.1656121502326517,-0.6240181934822908,0.7051191816824119,-0.5961621890892987,1.1517541209647115,-1.044637467546687,-2.0283489588126353,-0.5825265035718308,1.2201574477783441,Other
-0.1525225324523588,-0.05594543204526823,0.06585957390209957,-2.115072649914678,0.4905781327286669,0.3215941470145419,0.839822172594567,-0.3139836706476416,1.0906709545409619,0.2684377450579296,X: subjugated edge
0.3833938643534951,-2.2592138775776114,-0.07751607638697894,-0.5549458295803499,1.5314154227009085,-4.337173321918543,-0.5116706750827644,1.3751795772537234,2.7716957576406704,0.7380777119089048,X: subjugated edge
0.9998242469102946,0.21550796930175647,2.0896208191997885,3.5682417050029844,-2.215652248413218,5.131994726381199,0.08989998335490564,-1.7064536405328645,-2.1978624202625916,-1.6831842120803848,Other
-1.0585360819784093,-0.9283241307890274,-0.18258372431639686,-2.410400695396138,0.884611854395797,-1.125975811312105,1.589100224105748,1.2760261742187875,-0.3171188260183382,0.25706585184572806,X: codependent edge
-0.12500903031957764,0.48568895919051513,-1.8677303931165463,-0.6870294313390782,-0.19564841185491186,3.120678105000809,-1.32959684604199,-0.3890156238485897,1.352197117556691,-0.141839536568035,X: subjugated edge
1.4814555476589732,-1.2818512477286654,-1.9797842207597927,0.13211777270967096,0.8267568683979263,-3.0292852445919562,-1.5276812684879588,2.727062239279223,1.8735972690660367,-0.6376749692263725,Other
-0.7435882288125641,0.03000653853094012,1.4062542780632703,-2.0414633900187544,-0.6037281759282488,-0.866848832125049,0.6895932343972002,0.0681285809957225,-1.2736465570978626,1.559450706668921,X: subjugated edge
-0.8222500172903203,-0.2831633288865059,1.1300336950891876,-1.1995256521978468,-0.463038632670842,-3.271800751064591,1.557110153322125,1.435880574449027,-1.2896784586844943,1.4480999115084219,X: subjugated edge
0.20230619183119358,0.30310188495033036,-0.9259045351991942,1.7289603650438035,-1.3094554532047098,-0.10926852556258798,-0.8617381227902765,-0.28022681466242216,-0.4132466054105245,0.49262878075131455,Other
0.8443851904853201,0.12469727765134685,1.2627609264214876,1.1886761932844843,1.060455646504178,-1.1921921538528986,-0.2462083571160884,1.1979621401671459,-0.7338846196144063,0.2337446095077243,Other
0.01142605556065933,-0.25516417502145444,0.8090327949922776,1.0315064093932274,-0.9223611849283648,3.7585723256030987,0.9705954592094885,-0.49286610566739214,-0.38005292145068575,-1.5864235203881405,Other
1.3289605904369892,-1.5362723140442447,-0.005986020146183407,0.9694840316357607,0.36854704312645115,-3.0774394062003294,-0.43839554613164966,0.5121684424431177,1.0689538059060508,0.3602525748087354,Other
0.8567939825665268,-1.4772079634610316,-0.6530105366673017,0.6787703093274869,0.8394364946784828,-1.663669102660262,-1.0605212174786194,1.1489324771004312,1.1351434941182075,-1.4648344988554933,Other
0.8418200668900618,-0.583886939092219,-0.10396009831622732,0.48533022011325716,-0.293670691111395,-1.9831827632625159,-1.0318648469059377,0.2968612453105374,1.2489828425916427,-0.311789816713868,Other
0.5541165013240933,-0.00827988392958697,0.35864866731390943,0.16648200868191665,-0.9794821049485971,1.0372320396489483,0.9451652126594298,-0.9056761972834444,1.2710800963263305,-0.09872707867436872,Other
2.327653100346085,-0.608247947199117,-0.4350626125359098,2.6641281927950793,1.0255138884582973,-0.5399731426554386,-1.4995198922772466,0.16681039185243307,0.2959351573095802,-1.6032648227763557,Other
-0.2051616888660442,0.6252119305794656,-1.0224037493814349,0.9002195145636706,0.06780753344461588,2.456828504206106,-0.5995667770655264,-0.1257672885689523,-1.3471057840760223,-1.1135006087787833,Other
-2.003522292066514,-0.2792209192116837,0.7535060200725057,-4.290480767708973,0.9118370432055278,-1.800966677243255,1.3519061556151968,-0.13430551579668892,0.7855639421852922,-0.1195479783945892,X: codependent edge
1.604254361517141,-0.9650127247795103,1.217201079404145,-0.21446981276766952,1.153773845943587,-0.2960492570666349,0.11322284480061418,0.09283881317034903,2.3601485221660696,-1.5296270817718147,X: subjugated edge
-0.45769943095682564,-0.27809629298790933,0.35689178976537084,-0.7274083237886908,-0.11634342332286096,-2.4067118653121637,0.5904259431519057,-0.6853469061775522,-0.19687331944341457,1.1068748387092364,X: codependent edge
0.10788044434303304,0.22585983631655238,0.5869868923847594,-0.3265520110032822,-0.3671365360973183,0.9081266113933495,0.06056902197130232,-0.5103729346786436,0.4658552037771265,-1.123654804287092,X: subjugated edge
1.309550684860527,0.3248847188245844,-0.2611560418445061,3.9812810661551183,-0.9262942796473359,2.0940967531496906,-1.0134518508034775,-1.4036852957831318,-1.2006286047841819,-1.677793582219498,Other
-1.6022595410589253,1.8783791319931293,1.0060009485382537,-2.156352227561436,-0.30200687686943195,1.56348472680589,1.9077427386141517,-1.715754871074974,-1.2934678359712595,1.6986086419794093,X: codependent edge
-1.2516472141061394,-0.6689093400034194,0.1879267691317109,-1.1004847994359765,-0.5571391300440205,-1.6696941805987038,0.980785596115796,0.7013026254421628,-0.7200016079661163,-0.0033622537290395327,X: codependent edge
-1.6012779371188537,-0.07347866159040038,1.4729588637922348,-3.367142527191244,-0.19265918920688677,-0.1521705898604927,2.766555091677892,0.39924464619721434,-0.0008293753209459454,1.021127356979488,X: codependent edge
-0.7941362900254239,0.4261239468194264,1.4955706345047455,-0.8865075216183915,0.967549020480432,1.9744766059369283,2.2131128602051935,-0.37981533271535867,-0.08570259119675729,1.034408067527528,X: codependent edge
0.43963660601699356,-0.023422959200815323,0.5049516796323259,-0.562530575957582,1.4495714298359654,0.3713651607339077,0.29641689072315114,-0.3080818274524162,0.9670008167190849,0.10596803823928633,X: subjugated edge
0.524187842812771,-0.5006181459886532,-1.2134138149313407,-0.9660639487524041,0.07348764399444324,-0.2706386033544367,0.09186214404303905,-0.023184549572916158,1.8588004554770525,-1.5948882982594061,X: subjugated edge
0.27627417932855375,-1.5492571763442435,0.0740331393007912,0.23330654445251253,1.9104126145262517,-3.2349542094462964,-0.16751814570739276,2.5133621661326586,1.2495798412086918,-0.03756679567932192,Other
-1.4127658838923665,-0.5108345590530156,0.5607856549768936,-2.036772132735047,-0.29762179894684426,-2.4591287958049635,1.8296762114123384,0.9160932815471079,-1.4570138515434317,1.4255600609572534,X: subjugated edge
-2.310103436632644,-1.073702412717801,0.5259612159889134,-4.051312450525437,-1.207040061065837,-1.2353959675441601,2.7226023638234502,0.5267762228337388,0.16400624414417952,0.5771351531806477,X: codependent edge
0.054353585390382264,-1.7266066811237784,1.8486096512369155,0.18439342251087565,0.8024198719468354,-3.796908508715298,1.5553878640262828,2.557120991465475,1.6174402842796713,0.7018695945147803,Other
-0.47177603363833576,-0.7956788416705864,-1.0303670839722399,-2.214761411020075,-0.2648660093590202,-2.962487050577928,0.5771661982450018,1.7744710167559106,0.6093465192964024,-0.6115514486097223,X: subjugated edge
0.45938577171661177,-1.0470917207664545,0.6510209682765287,1.310486983655336,0.13091375493768248,-0.5871410905311537,0.4218120024982425,0.48180903419965204,0.5860743562370327,0.0020334424503253984,Other
0.7019536262212701,0.5837865452929482,-0.41901388977659426,-0.35793543362094926,-1.1487121424388806,1.488950340124045,0.7528246166631445,0.16016206742266026,0.5404828025048183,0.032643128579268876,X: codependent edge
0.13824143205868192,0.6010918374142937,-0.010937730794255168,2.0717617625624394,-1.0487802488545583,2.8819616941512542,-0.5133748918505446,-1.1181821306390793,-0.5895614100880159,-0.24295841760115489,Other
0.7601330853758538,-0.9038792895808748,2.2588938015531363,1.1671714422430202,-0.6188945625310167,-2.9069966300569736,0.32998680599686314,1.1642934369917466,0.31277634411671673,0.9599847385538334,Other
0.22921137411506842,-0.2602286305631211,-1.2688609844562453,1.8044458200159648,-0.6487011111256835,-0.39326865607633665,-0.9037788310792123,0.43468532442035485,-0.686511931278002,0.14254619809263047,Other
0.5300647056014667,-1.8582426621125354,-1.1015071231984161,1.3606009756470454,0.014323442304151113,-3.4112988571635015,-1.1692770932132444,-0.08266626881819872,-0.27254932117562336,0.0966613853700915,Other
-0.7046732628698824,-0.4943399501826941,0.44283508866987437,-1.2037431435725452,0.4605714556241964,-1.2368553539592768,-0.7637982955073469,-0.14665823352718377,0.7393395501762567,0.9335315963400181,X: subjugated edge
-0.17961141383145854,0.3989819007023456,-0.3402791658179899,-1.6543438645830064,1.2311121077837353,0.5544543642753565,1.012731540036684,-0.6612019142568468,0.3186006117658486,0.9503155261185461,X: codependent edge
0.19677609665695725,0.8249378896141027,0.402538892092561,1.6606634344608762,0.006604691421450148,1.3083370377156247,-0.7359699153357736,-1.9522665797903405,-1.4346591755116789,0.3201882128014542,Other
0.8205284754174188,-0.7130470816913138,-0.7344923456533532,1.2479809910650472,-1.122235070790405,0.557304726223476,-0.8185567305475002,0.6892657669595451,0.08909357624318785,-2.170862524109127,Other
-0.3937411722245721,1.0518548605275198,0.2896056961482813,0.6499916971862751,-0.2554479891709591,1.341076388647164,-0.6407674408210093,0.647736150817478,-0.8826137745922222,-0.3304465874553249,Other
0.5211672557321126,-1.5156919215134717,-1.365226100730651,-0.7595829618794891,0.5724768661606031,-2.310562209593658,-0.5396903890880738,1.2011291523830852,0.6261173630841381,-0.9278950530558803,X: subjugated edge
-0.265838791915379,-1.2476277991437925,-1.197963284865652,-0.02240198739896465,0.5983171772647008,-1.1343667225659826,-0.9287514112081576,1.845581078151744,0.31613911644602677,-0.2607333626901541,X: codependent edge
-0.11754216732813036,0.7096618656378763,-0.28072283454256874,1.643838922684692,-0.39490161441722094,0.24676011282129465,-0.8901400931298514,0.40351686255190156,-0.2354312765506586,0.2962635037594993,Other
0.829519042024073,1.6711212285632473,-1.6964059785289436,3.5647427692846305,-0.48386551761238206,4.145435569312544,-1.2397643734947996,-1.3148316292109374,-1.4233284001676234,-1.734018264760354,Other
-1.993060371054156,0.4934319881836954,1.657634551717992,-2.6086533380217922,-1.091270122227419,-2.6694786533221073,1.7151798912017415,-0.8801303448263899,-1.1504563817012228,3.500182005567606,X: codependent edge
-1.296472328074761,-0.040342386534012425,-1.0362124880798727,1.2078432121688836,-0.3305232295943312,0.2720259241017934,0.0754393043553484,-0.302744609223509,-0.8053556395075584,0.4447537037680652,Other
-1.4821853974428207,-2.1951837465222086,0.15097864757758805,-4.494120221774015,2.288910009583526,-5.568471215616583,1.3084216508917454,3.0795664758579733,2.003055132216338,1.002179475961948,X: subjugated edge
-2.3336161198483047,-2.0224470560434793,1.1896730754275866,-6.079844595127365,0.1308670836807756,-3.8065602186198473,2.8855570640544554,2.231746017213394,2.1396617450717983,1.3036156594654558,X: codependent edge
-0.6782644401551767,0.12940953689586895,-0.5541918252436934,-1.7674815966300053,-1.2138731394076854,-0.45017004329032195,-0.35448835714706317,-0.29694638587597477,-0.2726340777231593,-0.5782559076251881,X: codependent edge
0.7494338997277404,-0.35806266957117455,-1.6450024346431849,1.68086818677044,-0.019200106693874695,0.38236489750329045,-2.0457208758788634,0.5805042610287875,0.02542698453465994,-1.08799046019949,Other
-0.28488406638257474,-1.105835182152118,1.3664313801038472,0.31947658476267127,-1.0411867536808737,-3.9564521655930536,0.8461699208453685,0.3224401715517291,0.6686537031777721,0.6185221727408927,Other
0.19779008194185213,0.06553258083005072,-1.2172569713162982,-0.3286412102141475,-1.7839437664777176,2.15917541664301,-0.29166876335516156,-2.0466400243420932,0.5819479549846122,-0.5676091266781388,X: subjugated edge
1.0892174967107926,0.11513136750780958,-0.15014588654975658,-0.38347029584754877,0.06480629452976033,-0.8099572353994451,0.21258762241498386,0.6161015984749827,0.3614584293819644,0.6538474127548936,X: subjugated edge
1.3276861322676916,0.9444158685402726,-0.6841798975168998,3.6978123528027664,0.8591069387571576,3.0697174669098297,-2.1071427518036496,-1.2851826186756194,-0.1349673985871005,-1.1756129039002263,Other
-0.06913793472613955,0.13660228301270078,1.1809996328353427,-0.3427665967624308,0.4724142959597985,-0.9138038526750173,0.34482795986772347,0.5746739524867499,0.5956828834505858,0.32619966415054613,X: subjugated edge
1.3535858895693973,1.2283943683343845,-0.10864471253898539,3.2570011583578906,-0.30603674139614956,1.105435333572366,-0.18224001901315057,-0.49220982238433997,-1.0245790378801805,-0.21942308527589627,Other
0.09212665843410921,0.007994029548813363,-0.7455489811593056,-0.46641755948995,-1.8239477834065536,0.8443596742435684,1.0752288667567695,-1.6820961030626038,-0.39592280657460055,-0.42895297691978346,X: codependent edge
-0.8373982238274621,-0.11533499480733611,0.2035977848863721,-1.8269248314364166,0.6002354581309437,-0.661452558180787,-0.025150578412101665,-0.09924339068943916,-0.160573726233392,1.0638263893749993,X: subjugated edge
-0.5944003521987352,1.0643121862471823,-0.766575813040161,0.973601974945592,-1.0748801508723655,2.33081757342564,-0.4532677915740085,0.3091757059643572,-2.33223728945758,-0.9308005425747277,Other
-1.4805365125650163,-0.9784408800414345,1.214748105035204,-3.034879847838785,-0.1627785436502786,-1.4525348115128365,1.9428641026469988,0.6009686369864143,0.8785634834610913,0.24630032174339878,X: codependent edge
-0.8881338537336524,2.8144474532661614,-0.6965553265808611,0.121130526278016,-0.8463422557089669,4.218292891089378,-0.08065686330596367,-3.4068498615945453,-1.788615449565489,0.47207018673986423,Other
-0.35801668807442916,0.3752574781667358,2.2753661904216456,-0.2481469816787339,0.44792963357908916,1.3336397332490084,0.723003485863098,0.5207846562703189,-0.3540944852643685,0.7184457566387998,X: codependent edge
0.8035850193786016,0.3808292528376731,-0.6443919133301801,0.6262843968127075,-0.7516862548045727,2.41975539947987,-0.7093121707558518,-1.2033871584701985,0.4074030175256421,-1.4033189009237397,Other
1.7207698311659838,0.5250959739725976,-0.9413112461736378,3.5544738425733553,-0.23331274114992528,2.070928914841345,-0.5521024688477918,-1.9392057308374862,-1.0246690281595539,-1.2973197901887459,Other
-1.38218151537704,1.8771364753316424,-0.1389019474087243,0.030003679935553675,0.723892888730574,2.3848314097838728,-0.00798146112568543,-0.6922733955351233,-2.508647592431379,1.0344824808211905,Other
0.39282746825991893,0.7925074116726066,-1.3176517725179369,0.6162694541090182,-0.5478548469703425,2.9394630588501447,0.23618668200662385,-1.5283786017284555,-1.2720347406552142,-1.2540457317201168,Other
-1.0405439391575344,-1.6050559790039236,-0.6436263377024365,-0.928550933346331,-0.44023804811176154,-2.879339197755883,0.05969918846488831,1.2465761192694786,-0.39858343525016626,0.04228920839804384,X: subjugated edge
0.47469708846320197,1.4034703847675043,-0.9334360150969109,1.089740666544796,-0.5845049931202689,2.83278124811475,-0.5167250821973624,-1.9251475640565223,-0.8002763458678848,-0.4044598450036971,Other
-0.1310866506877266,-0.3408965794450173,-0.36554817932256845,-0.10100714115904874,0.7864249820788536,0.457943999467755,1.1269563481470346,1.1399668222215107,-0.1817559179868603,-0.892374814471433,X: codependent edge
-1.8309058258475304,0.10715507283932346,0.25869786895079927,-2.861124352391458,-0.6298741845431013,1.2854198315738559,1.7335861046400913,-0.22618594421943647,0.5783727609129206,0.7542702101607056,X: codependent edge
0.9282969915684843,-1.2792539721752665,0.3659475543847877,0.6530794294408159,1.039145353561576,-3.120468315132363,-0.7546646303526,-0.5148505534850767,1.9624876701579375,-0.03976390872921204,Other
-0.605000712808731,0.5262020181238957,-0.3936308271784062,-1.7392758363804952,-0.7003277617266155,1.8196134087273568,0.8152483793973199,-0.42328960084145767,-1.3383576195509272,0.2549005896786582,X: subjugated edge
-0.5339002383735546,-0.6513742900675522,-0.30943881426816766,-1.569843895443424,0.6971738924316362,-1.0120163168805485,0.13130306061016014,0.5849604728221078,-0.05434537749361712,-0.15141890670013725,X: codependent edge
-1.06975241128969,0.10016963799347375,0.3600547577438313,-2.8870018702776683,-0.19507600879432646,-0.18158380408678979,1.3553522366479522,0.8996267991905516,0.3306406374470484,0.035746573526700964,X: codependent edge
-0.6542832766875555,-0.284099005360783,1.3021166838144547,-2.7223429655338554,-0.15332526986109268,0.6508056270451311,0.9231542164488066,0.44048376934498407,0.971530586756973,-0.04531051401529096,X: subjugated edge
0.4278904406949172,1.9250128017358519,0.44807615912399223,1.6124967040361957,1.0360692639906162,0.42165219507256246,0.5265811138263875,-0.4104100496913502,-2.6511650618107776,-0.2556980979643961,Other
-0.18924434093640552,1.9822603001455896,0.15953902470067563,2.1479036145738792,-1.713475101227141,3.4210335636569065,-0.8319479525950542,-2.7906646214270996,-1.563091485937651,1.8928111737698892,Other
0.32866200228248105,0.046513170214741384,-1.2840817018396853,3.146290223911095,0.4453196947711134,1.5298171399917093,-1.584474485609976,-0.4270418281275275,-1.764589656125023,-0.11793616598880585,Other
0.3619218539288437,0.06397771136885474,-0.7355170115984996,0.9584740756073886,1.811691378464743,0.16098185195373227,-1.659120364316917,0.7480408384870695,0.03568320773571987,-1.588838914993838,Other
1.320661655528167,-0.37344296634951507,-1.575467149442564,2.176546778453755,0.686811554750204,-1.385682833756632,-1.7417785307925338,0.3186853293043411,1.3783896812640424,-0.7299364786369649,Other
-0.3427861508643793,1.1060062915027862,1.2405232989548407,-0.9207493835186651,-1.5088100621784664,3.1712330908134585,-0.33182856642936487,-0.5049624574498384,1.3867575052761063,-0.05008562896467006,X: subjugated edge
-1.4768578168457318,-0.32891987033337716,1.471440138867254,-2.4723696715202,-0.4706602296520651,-2.925931924834475,1.2509177438244488,-0.08009649463589205,-0.13040041220554668,1.3972608524942647,X: codependent edge
1.067222416571983,-0.4213372746456993,-0.6314924709588539,3.9746968239940577,-0.01700071659654112,1.1543299240787488,-1.9152198777870775,-0.6102636789719653,-0.7912794830737963,-1.383673825870646,Other
-0.3314881720972547,0.9785928636649645,-0.3660864605428399,-0.8709959995352993,-0.21067720101591594,1.6637398064929858,1.193634393982781,-1.4494350734723809,-1.1357568699398082,1.8249829646432647,X: subjugated edge
1.114592444577377,-0.5382990953166494,-1.2242678417657085,2.2758815572387867,0.24779213697462874,0.4416347489800934,-2.129875126359481,1.2390190965865733,0.4803912878824695,-2.0557571664626835,Other
0.3833771131824704,-0.03775503444853058,-0.4591857747264811,0.8519013447764487,-0.6397495602867673,0.7569995636928437,-1.459075710706276,-0.3850140344898425,-0.7370891493025299,-0.12038043827140832,Other
-0.13113753020334493,-1.5813107815109928,0.6712763817951243,-1.5680643550663347,0.04573730353912597,-2.58059114961589,0.5866814197846417,1.0410310467635304,0.25547307446104917,-0.29590292444285143,X: codependent edge
0.3487758940462951,0.7041903451231669,-0.2741698337301408,-0.5211998943197651,-0.843919217873397,1.135373695228092,0.8801575202079605,-0.1127657299720567,-1.07372199519357,0.3190485862209651,X: subjugated edge
1.9510125601262995,1.9408669391818687,0.9919904188780803,3.001061027133907,-0.9270859833418716,3.700650850361383,-1.1039140410338524,-2.5589112885394,-1.2034486291793203,-0.7211252913652286,Other
2.076980529053753,0.7212253727997919,0.4328839149446536,3.543926906354004,1.531583507491505,1.3285921731622716,-1.391977114923019,-1.5280886750491647,-0.15331903827030766,-0.15380242017232248,Other
0.0693811351327787,1.461799167547305,1.0824251675830885,0.5077945536353159,-1.3111884389386401,2.515537977534336,1.4031235698716626,-2.3260341579503487,-2.092888370666418,0.8900299378960872,Other
0.1601905933170753,-0.8461021361773309,0.32026780351982964,-0.2513870291233909,-0.7285973280284553,-2.2937550571692378,0.6826495702584514,0.48827462092994917,-0.23816593462619629,-0.5975473331426342,X: codependent edge
1.0762401574663856,0.2363242820282007,-0.6981993839325794,2.0828054595416106,-1.0081378684703715,0.16583345403408878,-0.8023086024105306,-0.8180388925863848,-0.8078319110793095,1.5697562733704884,Other
-0.8456610327673472,-0.9431599243693896,0.8817401466683032,0.1779920683050651,0.9479553924347688,-4.292029402555485,0.5942732942761019,-0.03637234519063637,0.047928130623949294,1.2863139289026781,Other
0.3330703726182551,-0.22776554558134285,-0.5228854778399161,-0.1975858210714746,-0.06522547302253427,0.13388927663818562,-0.14313281477669393,0.9035173448395298,-0.47259328420848745,-0.8414240420580757,X: subjugated edge
-0.0258628479538564,0.7722114773525048,1.6591556538212417,-0.8823892661231524,-0.7676975690995576,1.3350621781121461,-0.2545708913295641,-0.8019998045458432,-0.18515613049581603,0.6892668812356659,X: codependent edge
0.3139082114575536,0.10182061310329862,0.610753076333253,0.043542493925048276,0.03297001395322757,-1.075196127286048,-0.42834893628764975,0.2302320674865974,-0.2520652113728427,0.515394168206465,Other
-0.8333688059494058,-1.4126410226012216,0.7983804622890631,-1.8598059159085503,0.1053356774905897,-4.557800456260084,2.05789480070857,1.4215895166592092,-0.5406465472834444,1.285079169648785,X: codependent edge
-1.589567493308969,-1.3150291055377534,0.5835577330481283,-4.20154969253381,0.6309651232739788,-3.3150483058642615,2.4312711134092257,0.296312950239184,1.9152648497869615,1.6299100735395302,X: subjugated edge
-2.0729834359912918,-1.3811639314907738,2.4258484558287803,-5.173947031904976,2.986205281773755,-4.612191375179168,2.9744829066179523,2.606824512738388,2.147829986818441,2.8967036009761395,X: codependent edge
-1.1173841129896078,0.4914525899395903,-0.8047996354578433,0.9671484486888827,0.31903004711660626,-0.18107908628414504,-0.9711370422463173,0.4555644161492848,-1.39939818851087,1.2228051409681289,Other
-0.458675284939333,2.0638945356566682,1.3616253045166429,0.7020993941879623,-1.1628590240516339,2.2579378062676763,0.05057170474962647,-1.2159747897877455,-2.000961310589137,-0.013804714735124235,Other
-0.2931915866487618,1.3624582440002129,0.14115966220164025,0.6699590473745789,-0.8453162065542437,0.8545565619130087,-0.22618878348324206,-0.8612884821898549,-1.8124767252655314,2.0247684183883394,Other
1.9372311624295169,-1.8959851991460643,-1.830514031313727,4.040673210093104,-0.4355517449210924,-2.9258213374528212,-2.405428959417353,1.6108378580890752,1.677094708686301,-0.13479982005562174,Other
1.1059933699072981,1.421075938069784,-0.26786316075887945,0.5969165747762313,0.8848724839734283,3.1407362855220353,-1.8878418126514416,-1.9706802843421058,-0.9741420066938377,-0.11843447771351778,Other
-0.9620911163416273,0.9364004170146472,-0.6402025550864969,-0.9555286469175298,0.6759626331652244,0.18135983231168828,0.24874189478062297,-0.4093181174197372,-0.46772881491302065,0.4661906690141357,X: subjugated edge
0.34770845245095694,-1.5452999455287577,0.6419216962933074,-0.5874170652136135,0.3526805546512282,-2.131478530929674,1.3535548526102874,0.6002504466622862,0.9494338741231424,0.014069015099551281,X: codependent edge
-0.4070782363503251,-0.3032016167104975,-0.6671892534451351,1.497885151988503,1.2103368229766922,-0.3590258314811656,0.30570042085643756,1.7336786943321534,-0.6979322525117526,-0.21075565798127588,Other
-0.28436383804009513,1.0955224114958095,0.29078361919249873,-2.400550719174849,-0.3176031863667409,1.842105311902995,0.5082454788874731,-0.11677862320410293,0.3872162193812836,0.10684498926654312,X: codependent edge
0.18532564941538202,0.5504335109347853,0.6056413477829027,0.01999995119048159,0.17231574569600605,2.893147837022018,-0.6296221948230964,-1.0481796556780312,0.256893490207183,-1.797536020448462,Other
0.6191711169753933,-1.3090950523879856,-1.296578044178578,0.6112897244296285,0.2012969561078808,-1.0853137165013589,-2.2770770476462854,1.0379212817600239,0.27602480999216716,0.5092892956883974,Other
-0.33925848388401536,0.6107421557961942,-0.36437120911768583,-1.2918179763031357,-0.6195487918310183,0.43876945765590963,-0.8306705003472258,-0.5504714905407736,-0.4197644059707905,1.112042247173804,X: codependent edge
1.0638515327343585,-2.1375005960805877,-1.4941668827004897,1.1112430734390963,-0.07748393879800908,-2.8682558894382426,-2.729805607796747,2.243851117718112,2.194130433433259,-2.5649373346550264,Other
-1.141938226142404,-0.22282217575721136,-0.5462954023348046,-1.0400482432850677,-0.6615885808693746,-1.2047764940292807,0.6668971852372728,-1.3873119169738999,-0.006262299174672012,1.334860953931149,X: codependent edge
0.006339062362268442,1.1379567694000488,2.026487285415793,-0.005726843530146741,0.15824407503082383,2.5044935193908957,1.195079334970925,-2.43947447866439,0.6310423810670921,0.5972683783896225,X: codependent edge
2.5976737265958323,0.018394215571319834,-0.3203694270035603,2.696932422356181,-0.5107796327533695,0.21512462644669772,-2.8163890017129862,-0.21503511328688998,2.314983085682766,-1.9537879688066775,Other
0.2230797426252751,-0.4989375499619459,-0.3661110328729069,0.7464321161615327,0.48539606185488615,-0.3001504461455149,-0.2211202668299039,-1.3059312264754148,0.36272475050705505,0.16408013971116403,Other
1.4332145066061728,0.8893462537723492,-1.2151140605366506,2.95009248870898,-1.4251508410107574,4.127853078340203,-0.5199668450219099,-1.1893982614250544,-1.500770598839989,-2.7774927583915567,Other
0.09152017817320818,0.9747518150865815,-0.16816323937515085,0.8727308577250371,0.2219936597239413,2.4589754824274737,1.3239594154117036,-0.18701088425210588,-1.4079884461067111,-0.11949889248475655,Other
0.5807770953297967,1.3100396928669502,0.4115101007253943,3.4326092957314147,0.31172518823926443,0.33183882760404604,0.3274044868909938,0.08480649630328618,-2.639546673522733,-0.18649308146813778,Other
-0.056783194392691534,0.8743424284463873,-0.1426576382004507,-0.2684318183966158,-1.1341365001312598,2.036526948446141,-0.15273891936444173,-1.6330444348358517,0.15235976520266803,0.062493404776370796,X: subjugated edge
-0.17040758116420443,1.0813747939371465,0.3463049925702226,1.152034317489942,-0.7327815001140804,2.5146457792532253,0.8372211154369451,-1.019896535902829,-1.2231978046471588,-0.9477095630886356,Other
-0.7794823967254196,0.7329085574375346,-0.557603255793325,-3.1027872926353806,0.5152150497216028,0.35246926845120385,1.3475478201955395,0.17079773404181353,0.42222633793163966,0.7192611508528448,X: codependent edge
0.4303013589575532,0.26552864911647195,-0.9735166500500596,2.1014817567933077,-1.1713943374242939,1.11339062834638,-2.2662296150836108,-1.6080639449890544,0.39097242210250194,0.32909186831534576,Other
-0.8515371891857679,0.08950899976381409,0.3880771903386985,-0.26395814091538006,-1.166262817117523,-0.6799303568090445,1.9248394058890523,0.09456083078795285,-1.3268843904231042,1.0161540745459718,X: codependent edge
0.6655852363134291,-0.237259719097402,-1.4512709119295157,3.015647069913794,-0.20100209857450602,1.5391005638990913,-1.5607009530481508,0.29325058888526123,-0.6972738776924519,-1.062821401684117,Other
1.08528700444591,-1.2123682930597257,0.5353924893226538,-1.2957632738321516,2.5332382993838327,-2.4918011045791237,-0.974260849342356,1.5951487064881613,3.0309947363368397,1.7408657063884023,X: subjugated edge
0.36653140723722993,-0.9553115088198088,-0.2632114434940926,0.3183282610995026,-0.36011927377030895,1.1437331113694418,-0.6595396844397026,0.6604653875874148,0.4533613212772217,-1.1030974155055726,Other
-0.28624873355569186,-0.28201448193520967,-1.773734472371669,0.32569541986159467,0.19948927511846465,-0.6882246345104528,-0.3434308583186658,0.19678017136991183,-0.31808821075747257,0.3113749404998393,Other
0.4539655793086961,0.2414521596024293,-0.07843224667155084,2.3369706348594272,0.12398828995998619,-0.24239664893585217,-1.2092093857577946,0.4597610734660704,-1.0081447174221667,-0.11182465072353073,Other
-0.3086730555464126,1.4408125980042632,-1.2898212086691323,0.9714521385361793,-0.9708584717369356,0.846432404243133,-0.5625252782595136,-1.787840828395018,-1.3480231435647971,1.5241571307268518,Other
0.9355471254651493,-0.04179722787551253,-0.3150997712821869,1.8760491339373582,-0.4254236068031237,-0.26363602577784434,-0.44949733630242816,0.010225167879373304,1.1812513739096813,-0.37389821940950063,Other
-1.8314060842151236,1.003476290877664,0.41766663995075765,-4.199384205531403,-0.7437944742494232,1.4729296444489508,1.7254329880946784,-1.553013445185473,-0.29277564684665125,1.8266959049708613,X: codependent edge
-0.3356073681186462,1.0793156564321207,1.9447682936691888,-0.9397669240014235,-0.428010420553411,2.206823310284982,1.4124621440112217,-1.705473560591925,-0.6754603084827268,1.2314347117074964,X: codependent edge
-1.9908119951239978,-0.231446797688791,1.7393847112752514,-5.924249778487896,-1.1990901429009502,-0.19218783976003773,2.0328555821309395,-0.23735587210644796,1.1409561776798205,0.9162690606840979,X: codependent edge
-1.495060830227205,0.5946902113701839,0.27389773147700003,-2.929155488476149,0.4233026975785914,0.43501347580005734,1.7648320661820474,-0.9281071948811989,0.9268510621078885,0.3154104737229937,X: codependent edge
1.3638622298139094,-0.2435280417248615,-1.8290311411237608,2.2186471405491908,1.215413818809182,-0.46041083565873553,-1.0536485943639826,1.3300174683443955,0.8069212518780603,-1.6695374868522472,Other
0.895184981971686,1.3221358940784769,-0.531337609723133,3.170169254329898,0.009877547874890459,3.661375239421697,-0.16316117673214092,-0.5429826248823142,1.5032766421171715,0.07250387365878674,Other
-0.7194802332847904,0.6358433382659322,0.03277340549880181,-0.34030376626612024,1.5234115645609296,-0.22607726593837985,0.8750658820704054,-0.36518314190494616,-0.16658438275905935,0.6756264011723455,X: codependent edge
-1.502503456040897,-1.1904837546883553,2.2995142900289136,-4.588762174153851,1.1317083497632587,-2.116119102745328,2.865828479086443,1.5624668973146196,2.0466511680617225,1.4907568797488497,X: codependent edge
-2.964528837841651,0.16152465215384673,1.076515668676764,-5.005063449429066,-0.05944570281421825,-1.4265205953608926,3.36112411737183,-0.7251689806322957,-0.45687184903007394,3.4162682761481364,X: codependent edge
-0.5434955079326346,1.6481121618238797,1.2684484471607784,-2.2204064321392467,-0.8257569408654892,3.6126823767662635,2.9858043621849357,-2.8109093491086368,-0.5515788164886605,-0.9512586823858442,X: codependent edge
2.4204150122474024,-0.18123103454670117,-1.2529981867226245,4.122202210824533,-0.5134699527338837,1.1415370231015356,-1.4656101406742015,-0.5430570784054994,-0.24736991939486913,-3.0506163246144826,Other
0.4348842714636474,0.44771503009506813,-0.2734286115985468,1.293874437332913,-1.3751359149275484,2.226169824758592,-0.5157641812935427,-0.9923350562432307,-0.31139247551059046,-2.486813185734528,Other
-0.5595722860494895,0.5458788377391453,-0.02134300461565748,-3.3633958783404596,-0.6075349853926848,0.24960772062580056,-0.27368460305008097,-0.2917433280459169,1.4945337832519185,1.3843830137210253,X: subjugated edge
0.46508020950030626,-1.0366228991646005,0.8941908305656151,-0.3278877996086498,0.6033274425742836,-2.6716513009291942,-0.1422794744400359,1.1610744713846324,1.6638771484033588,-0.11626210989260378,X: subjugated edge
-1.5609583529944429,0.5107079492135139,0.6205330576256664,-2.8008757902600196,1.088676742658821,0.1886664175662205,1.2011199989773973,0.7876295335575055,0.39995780159523586,2.0221308586229614,X: codependent edge
-0.29732336269763543,-1.3938351520346257,-0.9955971762205453,0.7919560393909528,0.7359879917896117,-2.1429493591237034,0.15854071851838203,0.640696331768864,0.46829187300775765,-0.19828855019021963,Other
0.09947747301573849,-0.6256241064013961,1.465260840051306,-0.3405792226926174,-0.3952165076434318,-1.0277309026297115,0.059567089369309434,0.008846860427382919,0.4480851156956202,1.244624012803078,X: subjugated edge
-0.08610065182104851,1.075722967494192,-0.2590385424293151,0.1738730430875951,-1.6402466692422681,2.1644291275474035,0.8421410234128973,-0.31162820045492046,-2.0480960559822448,-0.12948560779307008,Other
0.7908061216900806,0.356756290308358,-1.227774180083828,2.2495252062386357,-0.8642339079289605,3.4370385145143603,-2.187775226726755,-2.104782516012419,0.26276813492235634,-0.5339315217904975,Other
0.34464522623605237,-0.304477807746527,-2.951455735578084,1.3145617797200562,0.37081661303108493,-0.18588487446602658,-2.8110328529244892,0.056260102229387654,1.0417515526809322,-0.8854696505372808,Other
0.668326018107997,0.44646102124518744,-0.030249902603140533,1.5094622488416467,-0.6793606923785234,1.5573534934892415,-0.6161939756964228,-1.4441785383262125,-0.6466980005494802,-0.15643568614636844,Other
-0.6883722822307594,-0.060092247755131445,0.06852175995502904,-3.028980287761148,0.22344955293071458,-2.6658779326892645,-0.0848052832438011,-0.0009273185553890784,1.5200970157712024,1.9000251486131665,X: subjugated edge
0.8978154084105481,0.012578502351833248,-0.10807976095957333,1.0053712900562302,-0.03714028381500008,1.6998823115288926,-1.6656728392279416,-0.3519826200577124,1.2751435472913015,-1.996764780009298,Other
1.6289369476239914,0.6568185267201376,-0.8484892893441387,2.7762834149845856,0.44360349792466464,2.719827382170507,-2.081325357176488,0.15862425759355808,-0.16665138431162993,-1.3714816552506504,Other
-0.9701495196514126,-0.7273677406591319,0.1622113839871448,-2.034958535159759,-0.7914963938471,-1.514516075077485,0.22949289072358248,0.3809929228202825,0.7160245666806074,0.8475497350208866,X: subjugated edge
-0.8876956557145598,0.040336405554690695,0.2167446499046986,-0.8358183646486619,1.5696315933905116,1.820396615752461,0.7709075826686984,-0.3031312660729979,-0.05551782084333201,0.6830695331116421,X: codependent edge
1.3357843363202329,-0.3122681946066529,0.23969383742953349,1.9399488585432043,-0.5227854481943981,1.1147871773095512,-1.3593291166325807,-0.44217386061680497,-0.18521475616609492,-1.1345541048496721,Other
-0.19134398669506028,-1.5856033746002556,0.7881763884234125,-0.8655280965218171,1.4075895473821936,-3.4051892697929564,0.09383659612427647,1.822530040427914,0.5366125008357876,-0.09368233386986574,X: subjugated edge
1.403821392066557,-0.9204557562492998,-0.6263831394324428,2.811829403527507,0.1521343171279038,-1.6027968070125533,-1.3383877454604867,1.3133379229237923,0.23735009543756758,0.20011361042628084,Other
-0.4425357118921839,1.5682064470638322,1.2830447539506487,-0.870049820311181,-0.3257655871650674,-0.06159368831240575,1.669953101248498,0.5019678639877905,-1.2057944013584487,0.6124487136467928,X: codependent edge
1.4550455762707113,0.38472331458523407,-0.30746576397562586,5.414502474100525,-0.07066153859547877,-1.0758595082959925,-0.12658467687547215,0.2067566634096718,-1.6825807757158355,1.0342352000441175,Other
0.13148581680545218,-1.3235883014013892,-0.36460459627747294,-0.6395872694822111,0.7905276977937978,-3.251703828842669,-0.1518607590659035,0.5890537496461368,1.5877825839957465,0.2541865786118356,X: subjugated edge
0.2582288233226952,-1.5403543758484106,0.45006167273490805,-2.474816040011244,1.2998084155622962,-2.6340045396315928,0.1780134743165774,1.669795627339944,2.2599818989174887,-0.27903746424861187,X: subjugated edge
1.5647180216699044,-0.11216390011058394,-2.3892728242364916,2.413485854888452,0.2527215891560688,0.5067054646568814,-2.3861015501307303,0.3335797864785257,0.14199293714577446,-1.2640715469614463,Other
-0.36177047744417123,1.5611865331764823,0.2394697513867396,0.4913003847605032,0.5653807851599212,3.474679013399463,0.7400257112514701,-1.306011699318038,-3.1378127606894672,0.39958467562678934,Other
-0.9411220959249583,-0.18675813480435263,-1.0709057673268119,-2.1916733971810434,0.25796995073858914,-1.659285852600842,0.5165984970847576,0.6088484333865374,-0.016260076908426846,1.4311570090516608,X: codependent edge
-0.44856420802835434,1.306999553404016,-0.3794107015129162,0.427653952792639,1.3363330012650123,2.447193893319587,1.1600741026567627,-2.0824326307841217,-1.6330280898454648,-0.8148204467173537,Other
0.4523339506431387,0.3519307708186574,-1.414571541826129,1.3209439985576268,0.41548392822067626,3.2320419910305844,-2.392336128670684,0.3378819055813108,-0.6222860002221634,-2.249396616368271,Other
-1.5657590721805144,0.47125045784589364,-0.025011200294097424,-3.5163311155971346,0.3267091818824207,-2.6730252701488486,0.9871909562188862,-0.5637092783601854,1.0258458124991412,1.3170738957399366,X: subjugated edge
0.6374709026511215,-1.3357205093045694,1.5578402294735005,2.1421621051363013,1.2446802986654877,-2.983157556372013,0.47731732812046695,1.4796175926062527,-0.8276796997914879,0.7633374954706201,Other
-0.5387713176177432,0.9375229217497576,-0.2535929176656935,-0.1386902613143346,-1.1376046762366598,1.0694248654470537,0.27024870710716187,-0.11577209134894018,-1.6445794481625948,0.5171431133270656,X: subjugated edge
1.1478126607335635,-0.3349320372736072,-0.18849231806512967,2.3137805286079938,-0.06253021505791101,0.13148418278678567,-1.650060812751565,-0.7230774505275461,0.9040809297871302,-0.23102202277262762,Other
-2.3942603049004716,0.8630924536109083,2.768929351499941,-4.846087022640973,0.05708516918818424,-0.22514992118211063,2.067188427419969,-0.4170915551206255,-1.1405217457069967,2.833569336947503,X: codependent edge
-0.7865657751041687,-0.814169981986113,0.5256700990897596,-2.0457601811401505,0.1645156889041423,-1.2095867155633115,1.4312176954401647,1.2801007307512842,-0.08310045563392021,-0.5893713824855826,X: codependent edge
-1.686468151234102,0.1770493475099125,-0.5160034392850696,-4.254841582830279,-0.16687628564773288,-0.11124330547168937,0.4649551779499841,-0.08012899545918856,1.5624002817406353,1.180457014752185,X: subjugated edge
-0.8262294663639526,0.3520029539376315,-0.05416369185150244,-0.6000036411025498,0.8024467887962654,-0.6375882362061801,-0.7208769301894133,-1.1135453896350362,0.3335614009783645,1.6400636096168348,X: codependent edge
0.24766590110894313,-0.15403331657586652,0.11260162083395635,-1.5756376907216327,0.23276969933757558,-2.197036355590103,0.5073509485509966,1.233068822609804,0.9641096149527654,0.018799562118991003,X: subjugated edge
-0.1792266254497549,0.4045451930861567,-0.16692396268649778,1.7969232579435848,-2.33558816908239,2.029011088076463,0.40354136121294126,-1.51293910870646,-0.5431615660376325,-1.0470443479752012,Other
-0.25337756894801494,-0.26639707519250877,-0.5124774846696375,-2.2319974010456507,1.3929829211267177,-1.3029315550614005,-0.1274872644840022,0.4309844833428833,0.7284957580721075,-0.27282637596530274,X: subjugated edge
-0.1591848713800608,-0.6490597530412794,0.8816025837241463,-0.12295738899050379,-0.03735974625227281,-2.186249384117302,-0.16980387835986,0.237120767322747,1.4851020890774547,0.8411941617705276,X: subjugated edge
0.20338824061994343,1.6054833827939645,0.7921470087053771,0.8429617839815124,-1.2706073174193637,3.044350697553308,0.11884389092459169,-2.0624956231883744,0.1947982197553071,1.6317274865869946,Other
-1.0085360419431078,1.0489528663614422,-0.5531323284317508,-0.10931303498354444,-0.8288885879018739,4.66348100499121,1.419183184052447,-2.052349268889257,-2.3614753254245477,-1.1732854402671882,X: subjugated edge
0.7068496408990508,-0.7608647450481768,-1.771858063450071,2.181771670859369,-0.8486929551369524,0.384280916572069,-2.5384978237484197,0.3124496685324928,0.20993444498123928,-0.6839623843825811,Other
0.6626659703854839,0.5684443055946129,-0.9062430405906159,4.125937764138599,-0.9571973856568621,3.3364345916456766,-2.0777920586095857,-1.3049968086770483,-0.6933669504722206,-1.4949822160633501,Other
0.385037937656101,-0.742678854701153,0.37608302257742965,3.023995742772981,-0.36489974863998315,-1.573059081568312,-0.5903650852665403,0.8959704582502445,0.008385680948343799,0.2941182791847013,Other
0.5565334427512632,-1.1846846436623242,0.4592982515540811,-0.3853851851942598,-0.4826969977988584,-1.3426687932297354,-0.23069863395901466,1.059496453948642,1.4591374540932756,0.2756993078096641,X: subjugated edge
0.2964180008086595,1.0338094413989762,2.1173677393479684,0.6302876076697838,0.01288939145940543,1.193932054700842,0.3582830586872557,0.4496952039303578,-0.44975478933031426,0.24436348714377507,Other
2.0350733027310675,-1.7040996256474057,-1.1449750521843343,0.5034199670763331,2.2853666994410298,-0.7680522224591293,-1.5594313191559868,2.147764876454507,3.4299267012794847,-1.1294308404828883,Other
-0.0870941710525099,0.9268559135765412,-0.5152596341441432,-1.789658784360348,0.1807131017390795,0.3915596588411079,0.6500792512607784,-1.2162583526834323,0.38698403459865915,0.8709446799524712,X: codependent edge
-0.30708321833457675,-0.2527223125730585,0.6266208005941906,-1.5137106117595176,1.0615184273269869,0.355346522368866,0.7213683549739192,-0.4350817246375982,1.6427221034910837,0.24770438248571008,X: subjugated edge
-0.7535275803573779,-0.21154660308052864,-0.13241589424238764,-0.5960008952409852,-0.06302355190738262,-1.8981527579730533,0.9258827906760372,1.775306893508184,-0.9006913605581701,-0.6865180681306563,X: subjugated edge
-1.0322626705778368,0.4097512196232897,0.17236641726373522,-2.6282330580684263,-0.12355530132172826,-0.3049066160221152,1.0558365547198127,0.13366769707485515,-0.9885779185661517,1.934417558970793,X: subjugated edge
-1.2444717876010754,0.5811988119942524,-0.04977672649149273,-0.9606645427466145,0.026530999711900316,-1.3507504367436127,0.9180853819661233,-0.9432751000101774,-0.9849576645220013,1.498364274178082,X: subjugated edge
-0.8887973132309185,-0.8263431768289082,-1.965813012108988,-1.298732843597862,-0.31989033582749427,-3.412254822347157,-1.188186895386877,1.7456730484496608,1.565806946103424,0.46716731686619634,X: subjugated edge
-0.07068038165207131,0.7177256087500634,0.12731124781320388,0.7651481619268721,-0.6152496544231066,-0.016055083856996166,-0.6606934329469759,0.20196523686157875,-1.4731963852265104,-0.5031860293331321,Other
0.3342951284977145,0.1133705380252234,-0.7810535832418902,1.2788087618047381,0.1776460034139684,0.6586230950790033,-1.6153843165610817,-1.0185453288239847,-0.8176412455213523,0.3860125846539143,Other
0.051142058552161786,-1.2560547928680381,1.1976511932287819,0.011678329735909765,1.50137254034258,-3.2733801410865464,0.3892078968180176,1.0525525814922105,0.31369527267652664,2.0621148167049013,Other
-0.765535277429713,-0.1698744835797392,0.14068633389311375,-1.6675033069897458,-0.015163061272309368,1.6756685877532567,0.8116688317649651,0.021338851241987714,2.445942631992078,0.43669004978580483,X: subjugated edge
0.9001845640199633,1.3812790155589258,-1.012600944591801,3.65403208265481,-1.1303322497253088,3.501389252880748,-2.2177556366673152,-2.347172596047055,-1.3578281582470997,-0.8085814551685813,Other
0.7394126723009475,1.6765947982456966,-0.30529533571250256,2.5645792227702966,-0.6651782234955792,4.721428451123154,-0.637496119969831,-1.6292108964404237,-0.8389352718331721,-1.477618893351282,Other
-0.159648307422017,0.7173484576086773,-1.3792990858341787,0.9312034364697562,-1.1339590012587788,1.9694857339005123,-1.1573606042540243,-0.5143214339431172,-1.7759889181191957,-0.921629027244202,Other
-0.652916144664712,-1.19034348816837,-1.0964781189486577,-1.8970731810508261,0.18482365955683666,-0.26565920273856514,-0.8056275526810062,-0.054017380814865956,1.6445400051084735,-0.8179319200780559,X: subjugated edge
0.5484279208297995,0.4906069024558882,0.23959970809229592,2.9494725795956422,-0.06325036382617719,0.9611022085267944,-0.7725131344013481,-0.1766674295832431,-1.8454862272002943,-0.173399085699613,Other
0.18797358748610446,0.8508609038591928,-0.6394492371620425,0.8672823786075892,-0.8913242818141196,2.565384581548069,-1.2690897210962824,-0.16286812313621957,-1.6526092054730883,-0.6036797128307108,Other
-1.4481272594150476,0.7257079833187221,1.0847081157567946,-1.9208671289295047,-0.25481168374765667,-0.9514443587915278,2.0292084351213084,-0.3587810657225954,-1.1698215088326662,1.5835753715100866,X: codependent edge
-0.0679802559844049,0.7849542886879182,-1.2818244869830357,0.8509092665593574,0.44587288884925497,-0.2079681097796775,-0.651839140690758,-0.4447851826188426,-0.1904176132603374,-1.0984758915014368,Other
0.26203581207438104,0.3632630792475308,0.13728627209110647,0.5573492276147006,0.5262816527767493,1.3150172703484504,0.4766625061259031,-0.536696885368303,-0.752356472651984,-0.2715604635219556,Other
-0.8996947864877538,-0.0724123388305437,-0.4251214370892083,-1.580199498833533,-1.3317854185920044,-1.5107920683417662,0.1508441790959693,0.07813721983101918,0.9429307805935693,-0.35324061119552197,X: subjugated edge
0.189843392837443,-0.6083674959040184,0.6119798897453146,-0.16404965892589196,-0.13639227110218938,0.534648046360263,-0.1712561406554549,-0.48779098410399796,0.782260914769416,0.21963160262238576,X: subjugated edge
-1.4548224852577891,-1.8979355185014963,1.0587489887148502,-4.674620073712948,0.9903567289348463,-3.906938417938147,2.972590889475116,2.051206025218145,0.9446021935347856,-0.12421634292250716,X: codependent edge
1.3361861000121709,0.33964176671335083,0.24953884280015448,1.0370125177503233,1.394320037489788,-0.26000570902005027,-2.107142449509313,0.3918494916253781,1.045503378391484,-0.6648177506612937,Other
1.2479499850594318,0.18605284365218855,0.3586715355162611,1.8637834574752707,-0.8109998850655827,3.1345295831993774,0.18880063475251807,0.339718688638628,-0.6985261994756965,-0.9404867666022815,Other
-0.25251733430296475,0.5575758428248162,-0.693370499734612,0.8894913042496546,-0.19581489845486066,1.1222516617762002,1.1182643040810183,-0.9433601572249671,-0.9230399090266843,0.10994459296065981,Other
0.36345433783907316,-1.3375436932928941,1.1508253388446135,-0.5012710484107972,1.3577850648704408,-1.6367003723583844,0.8196437712968958,1.240859190241531,2.0381822204725135,-1.2954243902112434,X: subjugated edge
-2.409921965799875,0.6450166893150603,-0.6141963216263122,-2.0738219946649545,-0.9629831662854396,1.1390366007673824,1.2832002775897975,-1.8485035947883104,-2.793056687445389,1.9386987041272008,X: subjugated edge
-1.1563476602653329,2.054545094620777,-0.6447126475035928,-2.2098880287448037,0.1263675609513476,3.7249466872719093,1.647316607627189,-1.1560802125871696,-0.6729495364986983,0.30428072621685076,X: codependent edge
-0.2937789201521298,0.07845013077791134,0.7900690618302944,-0.7057563586724599,1.041802064947454,0.6438494061537317,0.33454424802023064,0.09211144886873424,-0.3445825406030159,0.6125228247055527,X: subjugated edge
-1.0721330214268592,-0.06166531920654083,-0.7822007739426438,-1.5726451174964666,1.316492181879738,-0.48328521949102443,-0.07722977148708626,-0.00788501170160083,-0.17238609605634309,-1.1273368901709646,X: subjugated edge
0.7143964826306588,0.309002356085701,0.19535947228881273,0.4835590165201574,0.24006397606113583,2.2765596062602755,-0.7390868575867762,-0.698835177844726,1.5355840560469491,-1.4620731568221292,Other
1.997296530747994,2.032337024710338,-0.7199214114200735,5.676968029077243,1.1878148632388845,3.891447811421634,-2.249582337538932,-0.5869069577280739,-1.4162054630943923,-1.8458502053571977,Other
-1.176614719429302,-1.023647761699891,1.5699269476239677,-0.9694853180717677,0.08232304721234196,-3.779610720429364,0.8789608223130754,-0.02243918227182584,1.5025953971166646,2.4049527696498583,X: subjugated edge
-0.8374634040851927,0.20320693339390494,0.3260075546801455,-3.133133151826787,1.8177662550262161,-0.41365448525309423,1.6073068282516836,-0.0950348590183937,0.6506033895920964,1.0903341252249994,X: codependent edge
0.23544836830993032,-0.7996574222976441,-0.2240176864780796,0.6040899769083043,0.7436823012430414,-3.436461833451935,-0.8574804996139213,1.606671171420639,1.0684243864135183,-0.10985296016300747,Other
1.6111161484996208,-0.547004720844995,-0.11998146070914245,2.8269107346082047,1.3418148326480137,0.965885419426445,-1.2845640103848595,0.8894797834532483,0.5451365991906315,-1.8688818757938073,Other
-1.2223743125399031,-0.04959030788193934,-0.0233441690349091,-1.540137657766324,-0.1425985444748393,-0.5959305724465128,-0.1765530587098847,0.6896072003860072,-0.2678540402106545,-0.15278515471846332,X: subjugated edge
0.24903612230694197,1.3473232416135588,-0.18485361104958875,-0.9297181242877943,0.7488247560789818,1.7605950308109217,-0.24685320539062763,-0.9430381524565015,0.6476774514124898,0.017827349506255807,X: subjugated edge
1.8212988508131087,1.8009906006887368,-0.004189900942394464,3.8487865917632287,0.8125810018489376,3.0822474351607982,-2.2348041267009635,-0.9859259242320048,-0.13597853057300036,-0.5895153198519268,Other
-1.6517591481792673,0.4481421446267063,0.9084789444682303,0.07758674437087332,-0.72584671741811,-0.35722573495289256,0.7622705189512293,-0.5455131773560167,-0.9337752240436834,1.5238151159039492,Other
-1.281069206845832,-0.3765947230234853,-0.07644527073023888,-1.3337074016800068,-0.18562184990252836,-1.7098087772744732,0.8444356007337045,1.2393809101715938,-0.6998947045915072,2.2628850301052896,X: subjugated edge
-0.42360660646083825,2.4927388666385184,-0.0754276725613123,0.24949876217093014,-2.845846888399579,3.5528745599598732,1.0764917010787396,-2.170780630100997,-2.9708370032084765,-0.3273764723196113,Other
-0.520588412855411,-0.4275544813295202,1.4687328782641746,-2.3158615243567833,-0.07078760975425073,-2.1650119891622035,1.381681370665284,1.1537392152519788,1.0909451094810803,0.9314667814939745,X: subjugated edge
0.8126012877536446,-0.5711359143597373,-0.7029710955843471,-0.5599243209430792,-0.5357043935568282,0.7723566374835437,-0.5439476692286203,-0.2843291937823136,1.2124150347332276,-2.17828068120264,X: subjugated edge
0.24165971982083806,-1.7749430445787269,-0.7806448733843521,-0.502240392514182,0.1412802306734841,-3.389067081544471,-0.6299728678728427,0.6546612101996998,1.6677991098917593,-0.21188358733170318,X: subjugated edge
-1.7749620596421283,1.3960915692447435,-0.4598052843205065,-0.9833709959398499,2.3667503904961693,-0.02053855369555979,0.8725789679244802,0.5885625960853988,-1.5716896943873873,2.264750984823234,X: subjugated edge
0.5154104029008109,0.968245592371294,0.04198671559561511,-0.4008760644507734,1.3796273774921126,0.8942434873773956,0.2256916987130954,0.9272179023185929,0.4252407966556994,-1.207703297426927,X: subjugated edge
-0.5775388873556505,2.417805536116446,0.67107882069812,-3.0460900174049077,-2.159173118266984,1.9057055060891623,0.3127567630902901,-1.9128680062184245,-1.1112840608933172,1.2925357336583594,X: subjugated edge
1.274447216941239,-1.3895233522181258,0.4524122372358564,0.9355397464483975,1.1464110944723904,-2.4981492068830806,-0.126424290114022,1.5678144496762352,1.3946365711098305,0.5322167645696265,Other
-0.6275875364369197,1.4581708074791095,0.37683860431749716,-2.6614975769268066,0.2339296465612869,3.504328591886553,1.5672282284711083,-0.44250335600114077,0.8052004663683815,-0.06527237862751212,X: codependent edge
-0.6366152831022357,0.07013551836612739,1.2458235706269605,-0.8561016872458009,-0.10121027070461874,-0.951355905627434,0.40704198187697616,0.46089447922217286,-1.1987762256719257,1.184445745170853,X: subjugated edge
0.5411316108045314,0.8061002168001363,0.03893994418537272,0.5623906385088457,-0.5237834468265276,0.6135387681708677,-0.9091598549448867,-0.7285706201374861,-0.0990137825881181,1.0026334193199844,Other
0.7629264823369366,-1.647777141104471,0.6363775625102457,1.3920538562964044,0.7687010117790636,-3.044705582560582,-0.695096588434045,1.7260285296816815,0.43447729055807527,-0.10908505682832367,Other
0.4480993639362036,1.4680818226652972,0.662846210365811,1.2089014718830153,-1.6754245742778804,1.9470843303261431,-1.1380156976025977,-1.7813559228219153,-0.5571199348216204,0.5762970244360998,Other
-1.6855973173848082,0.7865167513318304,2.1068558419122545,-2.0959156973994992,-0.9694954998029585,2.7718250970672926,1.8602310681737275,-1.6172329383693809,-0.28115281092670374,0.21983805336849582,X: codependent edge
0.5380344399282511,-0.038910034786217525,-0.516369243901974,0.25811827909312657,-0.023747275495756087,0.3067779088160335,0.34019531321255236,-0.49604307605039166,1.5493197842106339,0.002932888632576125,Other
-1.034308051674399,0.6451126876611214,-1.4972212547153434,-0.9818134311006768,-0.8725270286909914,-0.8469117487574174,-0.6822001826176161,-1.4025894497890161,-0.2563290534850361,0.6627859366154712,X: codependent edge
0.2352761115882635,-0.7654953010422492,0.16541712565446054,-0.6364758114067661,-0.6507521201621458,1.4885781549700154,0.891877704343771,-0.9181445608781567,-0.04105880572253123,-1.2305845909027064,X: codependent edge
-1.4237344353990602,-0.5794400855816993,1.1439207274935905,-2.224846680520266,-0.49027222474261356,-0.35670203402268397,1.257481810456603,0.32110250856340583,-0.18785529235255266,0.448924245382782,X: codependent edge
0.44632214754306365,-0.46344461362539624,1.1969694686936208,-0.6411064495218497,0.10457938850808803,-0.6458507445330586,1.7894213780818964,0.3642141554195173,0.11996216054808742,0.5823829765735372,X: codependent edge
-0.8065989043073726,-1.852727861690278,1.8639027451196384,-4.035189084534553,1.894179387495187,-6.921454388370355,0.9323456145477961,2.81339972240332,1.3384114913052625,0.8261549926662564,X: subjugated edge
-1.2826346502605217,0.8617584942033671,2.273027048968557,-1.2811013329940808,-0.19617504438352412,-0.764010337138019,1.8768516973646223,0.21094032160922294,0.5260470906729472,2.4607682679838163,X: codependent edge
0.7138201364823995,1.1915936141825663,0.3008864421839239,1.7066962692748806,0.9861110477516142,2.0714951433343476,-1.0826035022733338,0.5432755344861987,0.6055900003542802,-0.1095992651287514,Other
0.2416445216767513,-0.7013441497638416,0.10043897210240046,0.8894062519458553,-0.35545146155440277,-1.2663129502183268,-0.651811434000853,1.4299040483557137,-0.9228440693208219,-0.07895001589823562,Other
-0.6139768013928971,0.3482030159448188,-0.6393701333547355,-3.080329676341645,0.3652459149405507,0.9417467477735298,1.176400416178835,-0.6646023707021221,-0.08415206426171719,0.062392202659403206,X: codependent edge
1.4511788490210642,-0.2655404746292363,-0.4186378500764548,2.080031321190848,-0.38081925587422294,1.6234908008969164,-0.920868655445968,-1.0461827676618458,0.11147332102686065,-0.8200777947422913,Other
-0.44065242156974244,0.3282739620810305,-0.3564325137053355,-1.0559046913017114,0.3438379098086578,-0.40128946717862274,0.9417080193929928,0.6065792714021978,-0.7743276919406226,0.8619868365474619,X: subjugated edge
0.03210767397093466,-0.6275772412110292,-0.15006217461268015,0.1926718998252674,-0.7633056656080098,-0.6128162222639513,-1.0783007097964314,1.1637954600353426,0.5514460003675332,0.38788444860291427,Other
0.2689134476786009,-0.8834251560876358,0.3672465209190738,-3.6287183265701217,2.362516914768741,-2.252759037177259,0.45469718852306884,2.892695814119479,2.5247046380413876,-0.4241771460630035,X: subjugated edge
-0.6196659341286136,1.0520748860237426,0.7326625665406015,-0.9327699117036745,-1.6904408136499431,0.8680911463469108,0.06586511799937755,-1.1860073733909995,-0.43294328365013934,1.6761031218050095,X: subjugated edge
0.47113629339992935,-0.06387058512449259,-0.4545793698788635,-0.02078824373311805,1.2735623444406272,1.1239217787834823,-1.5609018212700752,-0.8765219668610685,1.5685927142638114,0.11642770186900175,X: subjugated edge
-0.5334523471647244,2.0221089508534758,0.9479973931122454,0.0941077445264766,-0.6647260245743137,2.3457192440030483,1.0057626914142206,-1.5415013266233537,-2.124486295832364,0.9585920514849076,Other
-0.4116383222162092,0.046309964794139964,-2.0215349049302893,-0.6180381915879576,0.6024252550447642,-1.1060801562025881,-0.42955821549791323,0.6529395421065964,0.18165770624890656,-0.26095296123807066,X: codependent edge
1.362642639803341,-0.9260780403504922,-0.3887656670182672,2.12994934284731,1.3851381997795706,-1.9913724643391002,-1.1569171902863633,2.2569269861076178,0.3666916587854674,-0.5773052862899553,Other
-1.040586052512433,1.2269408764359389,1.2299887738080935,-0.5756150961446731,0.14325030728764465,2.3040346645986167,1.8721032970687161,0.21647850143991143,-0.5510209175035856,-0.511549532490813,X: codependent edge
-2.41278033092949,0.6308001641460198,2.2426392948626868,-5.082306243730003,-1.0326779652256262,0.04954724923198017,3.4739476691105846,-0.25558015492204567,-0.43979022352144037,2.446211886787025,X: codependent edge
1.6109369950118944,0.7268728636964236,0.1574855449011665,0.898011544123161,0.35481697520748945,1.9246665747885143,-0.035037246658120136,-0.8259461826508389,0.4498400357503423,0.3942921068437666,Other
2.549327952607003,1.1906006788679186,0.43515490911358157,2.6033300845413927,1.065911762466527,3.015957611578776,-2.6089335040835167,-1.1851282019554956,0.6623511632457237,-1.339528012761681,Other
-0.40526926544933184,-0.6527962938457945,0.1527157018840939,-2.359829647091094,-0.6584433899087743,-1.5629379423443295,1.4991861990225097,0.5937685587876276,0.8124151633810318,0.3801954540082202,X: codependent edge
-1.9368380406201853,-0.12725330898528756,0.28952844040136216,-5.180755053951635,1.4544048293060254,-1.3650680576463037,2.994649945917434,0.1556108221075032,-0.21210828378250435,0.8393015988719846,X: codependent edge
-0.31048397619594376,-0.17144983148779322,0.5813825570463662,0.9953993165622688,0.41056442272820415,-1.3267889253418081,0.21981262047879674,1.4196941939753147,-0.9147350898900584,0.7950475398256911,Other
-0.2862229498406692,-1.2907465369156184,0.04445503614019576,-0.788199359872444,0.030509825941614555,-2.9507960709136896,-1.0166967836612923,-0.29662987865350077,1.290155222877167,0.03356818200106715,X: subjugated edge
-0.18992384102225704,-0.2635901501582435,-0.6926126454347412,0.4189769830293316,-0.7611215663394055,-1.1831985144089439,-1.2068569944807792,0.2803528670619506,1.218440070233067,1.0285715180660455,Other
-1.1133880419218483,1.3363794578768242,0.00987203032598255,0.40486506250012677,-0.5993864003384718,4.808172453075622,0.49309490938779454,-1.0323572425030638,-1.0695356632294835,-0.007412901298370134,Other
0.5795611424764774,0.237338103793847,-0.9293857081812505,0.9214613759951731,-1.5262642558875172,0.23213193452990155,0.6577117671916457,-1.01989749364314,-1.9104335720453218,-1.0399896491910643,Other
0.5245073752860862,-1.3460613278449878,0.4707508498279148,-1.484982335529526,0.32337156658836336,-1.2977832891101908,-0.1687326488896189,0.46122599511994844,2.743993896277564,-0.710450887357351,X: subjugated edge
-1.4944056198193065,-1.555839411664935,0.6943980940753436,-2.3036819732402116,0.48272872331863786,-3.4328761592973924,0.9703952696345248,-0.16222474259020858,1.5721081022150272,2.7390753065098608,X: subjugated edge
0.6991967316948878,1.6647760587482714,-0.6213581118385421,2.7537959053655623,-1.5663192788084,4.391917375796378,-1.3180603928664825,-2.351997234079496,-1.4065299331871384,-0.8021861215237824,Other
2.052684981945891,-0.09031901025512999,-1.3659679502555717,5.314194495960011,0.5014330559951882,0.6146690757332697,-3.1462410578287687,-0.09202825303630774,-0.7836382048910295,-2.209901466782202,Other
0.17196033243705985,-0.6474102057016173,0.06376645282989862,0.5903864119833645,-0.26470309771222605,0.3033859686022889,0.5556566767059521,1.2002437544420532,0.3551894938535181,-1.8696496438715673,Other
-0.33732516206850605,-0.2739917648970031,0.6079464818461477,-0.27000505027906063,-0.6180265236047016,-0.1995630747751333,0.4575182298428327,-0.6597598406594578,0.5765382279678616,-0.3730208878072482,X: subjugated edge
-0.1420032144075213,-1.477307754317332,-0.9054881191593261,-1.532017485845739,0.24627152203025077,-4.177119834942809,1.2739048895057685,1.5583809608244557,1.4616991093858562,0.26935785550080465,X: subjugated edge
0.6152567669685612,1.4230951495116198,-1.5398605283316227,3.5431183852848065,-0.4262306405939482,4.152804739700169,-0.6832227656558134,-2.2283050029823377,-1.6307850982903052,-0.4165806766764147,Other
-1.7306716055072182,-0.3930529375860296,1.4451652373972412,-3.8314424785076486,0.2279032702439075,-1.0132799767875915,2.5707802980021244,0.7575323203619716,0.2753498999902171,1.004963367213337,X: codependent edge
0.16439070297730224,1.367401527738422,-1.5087960770465823,2.4876906986682146,-1.356815437872109,3.4083222519679266,-0.9838298849609471,-3.3143933569847666,-1.8194613211228576,-1.0658002947373442,Other
-0.3904639494628101,0.05165171444731515,0.11618606352654126,-1.2702159351967346,-0.3971127746567369,-2.478254471672231,-0.47314106294606484,1.354032599017003,1.2618298986741578,1.8695477940637533,X: subjugated edge
1.8478250129560454,1.4295319745684398,0.967310354759248,4.293219696511379,-0.3037344646773201,1.0212296139697488,-1.6057648353222578,-1.3146301351295129,-0.2596732410319862,1.3810296461782179,Other
-0.17417273380495787,0.2566944990430854,1.29854377057139,0.0033520069719089607,-1.1971539334860801,-0.6395018998852733,-0.31196096080596736,-2.8271156876503065,-0.9716822427335248,1.4800821097453682,Other
1.6678876111195198,0.853232662869076,-0.2014013054225421,2.181687239667077,-0.7886927650533362,2.469370788178718,-0.6587502559162155,-1.5331483480957155,-1.784408270407681,0.18084056534603765,Other
-1.1037406977820072,0.7190930460883368,0.6688470434180043,-1.0737803495773282,-0.0791953251026638,0.599572342519101,0.8401003024401925,-1.231704355676851,-0.2550262575916459,2.423797040234674,X: codependent edge
0.5872591668027922,0.6232910662519707,1.8323186468946515,-0.29368764089954824,0.3919036703324844,-0.5248524569877447,1.0984744206945487,-0.782975246939086,-0.7064628732237219,2.05036295306559,X: codependent edge
0.3194002637912288,0.3479344771827106,-1.6938659001822547,0.2762224262626152,0.084913756047547,1.3632125200296936,-0.8998540511947637,-0.4962207145147689,-0.5562439475017125,-0.9724086228652244,Other
-0.8690472478647824,-0.2328507161155849,-0.20841789226016327,0.32236256559124477,0.5388555218642376,0.026997390070551908,0.3383836175536789,-0.07983984306859859,-0.6519223914919745,-0.24417242489494317,Other
0.17739611463694044,1.9154346915728602,0.5960771445033769,3.3017631749030087,-1.5664166015762344,2.9934335490141804,-0.7420144971775982,-2.7537725471901098,-2.5746549458387102,1.6219819845045036,Other
1.2125188368316004,-0.9069369850959007,-0.39762323638916997,1.2090145630866103,-0.17575940451320815,-0.990149955823225,-0.8620950342768186,-0.2679012072081508,0.675050848634819,-1.7270741301076953,Other
-0.3237917042866007,0.004307642343159692,0.6375832902914833,-3.0297113642095255,-0.7446297621445408,0.6228662831049591,0.36578149651102176,0.27802794322740215,-0.4530355768321356,-0.47256708521431245,X: subjugated edge
-1.6919626491697632,0.01488587520759545,1.1340450539977083,-4.851488136391327,1.8430302374033618,-2.3944670220293953,2.455930207142857,1.7190509118530009,2.6652704804536613,0.5851997565373989,X: subjugated edge
-0.01756282647744591,0.4024407533435215,0.8330286089845271,0.33582837866066795,0.7128089573177054,1.106140656721892,-0.14852301300557735,-0.17199690164188955,0.4573716152896637,0.14963753280522407,Other
-0.9024230947925126,-0.4294726458945011,-0.7092291087870418,-0.4400865265031415,-0.8753492395082051,-0.5294271239263739,0.8197450522629928,-0.08503016088202305,-0.962388456221247,-1.3129132117546756,X: subjugated edge
-0.3423409386638824,0.31474630558958777,-0.35283468091264425,0.07551043283297415,1.1738363996111425,0.2982850930873524,1.3286164097541246,-0.5525814945116101,-1.1577249853144356,-1.1014718041682179,Other
-0.08158776968512098,-0.16884258520296613,-0.6467797561075591,-0.482006697608321,-0.3950947719238169,0.23154731217613084,-0.02544312698977108,0.0021048152888257024,0.3296649291641679,-0.6699898512952788,X: subjugated edge
-1.7056522160155172,-1.5819525174378992,0.7500238849270561,-4.697194935223182,2.375760889806725,-3.580312846547426,2.205718499785224,2.4280296101068153,1.4036603727586876,0.3171445891368958,X: codependent edge
-1.615658339320678,0.009552286256846456,-0.21527743504985714,-4.534417104346793,-0.5603115881301877,-0.9836196135159784,1.5437865933512573,-0.42385338663658734,0.9574512445729505,1.8886447319643866,X: codependent edge
0.48206683552552526,-1.1005653330301517,0.8789402948388729,-1.4453478412358658,-0.23733201699784046,-2.706986011189241,1.45754161942149,1.015680825450672,0.883752124061195,-0.04401038334992711,X: codependent edge
-0.5227186961696804,-1.734385762448901,0.7052668817836507,-0.6079189377641442,0.43270064044488377,-3.6645872587610526,0.9880794352002746,1.7270361965751422,-0.4279813255149325,1.0418158498410839,X: codependent edge
-2.564744341820567,0.13687332068938496,1.5657241343080754,-3.8566939383189163,-0.5260676441062365,-0.7140625525893076,3.1531032556056915,-1.12998997218278,-1.113298605334873,2.5342017148756373,X: codependent edge
0.7848440366081351,0.48788334201956646,-1.28464527508572,3.16295253127834,-0.9076853092825627,2.342677578489326,-1.193930422631643,0.12041473960488958,-1.1634195127035465,-1.071299332622431,Other
0.27236975527423984,0.5266980421045764,-1.3893100898029564,-0.6304089512778452,2.1779080410095744,0.41653188668044294,-1.4102582586290797,0.42930039200369474,0.6867500825479005,0.24607842857352602,X: codependent edge
-0.713874824036484,0.5671707070196942,-0.09994019224557463,-1.2150396526388014,-0.2739156531937756,-0.792764396494589,-0.41569873274402236,0.7080386272357694,-1.3456752208923681,0.8183622803555402,X: subjugated edge
-1.3168302110582415,-1.9325890209406105,2.443347741372258,-4.752347980650258,0.5894949409263404,-5.66742133283328,3.0373221911387036,2.0300299311867303,1.5629263007540888,1.3183037274457083,X: codependent edge
0.8358078963143372,-1.3610169279074695,1.3666219669146982,0.585039970454109,0.6666358169455624,-3.5226993959419253,-0.7681455656310436,2.79894866133498,-0.051075599807027805,-1.5646119244767953,Other
0.3493506225604296,1.9735214368136709,-0.7814618839415741,1.815827630002605,-1.3696612837328628,3.439122127344485,-0.054272439856456356,-1.2150367783102065,-1.6884297129170593,-0.018956836305226987,Other
2.3826022826840734,-1.0472087600770361,-0.5132512333467463,1.7893696096749026,1.1980719197130476,0.5249982056514456,-1.7059022942312694,1.494931155034295,1.3546293567449692,-2.774774725070687,Other
0.42018859872493736,0.6108410311366891,0.3550277055694229,1.071119847151206,-1.754615023803118,0.8372351495687761,0.532960027134336,-1.7900376840286376,0.31885259237448293,0.15662637925184275,Other
0.3877031412620148,-0.686937621665846,-1.1385104506206107,0.05997330667100942,-0.5706909808447405,-0.11310052516248179,-1.1891410756632,-0.2677833312078702,0.48404126989376905,-0.5265049021345304,Other
-0.16692793010856513,0.07967273926756446,1.7411478167215422,1.5144464083070004,0.28044336399406133,0.05419915620256363,0.31566502924370987,0.4662206730835452,-0.6618789569388639,-0.5254663068468001,Other
0.816775867200791,-0.6332542022735941,-0.2585514126122608,0.23787738316173102,1.5396598292907386,-0.5742670697779395,-0.44515115750129247,1.2751321377292162,2.1425675041794925,-0.38883225258459764,Other
0.6250852012481537,0.5615411546196448,-0.7399803440089825,0.9591136680284438,-0.9590006367963758,2.5193319439349438,-1.0210613106457924,-1.2944758295164172,-0.8084032723183106,-0.46567796262309114,Other
1.251725008565195,0.13677411731669906,-0.822742894879036,4.300441018402798,-0.09899821977777273,-1.5050224544336426,-2.232299311574171,0.47766517382000917,0.5389291106970433,-0.8947387478452598,Other
-0.5213229186372847,-0.4482897736442336,1.0386249431516372,-1.5371850481952072,0.0637736014722365,-0.39091399230148227,2.31226757015146,0.39399394866270593,-0.21044097218420016,0.7753947597551201,X: codependent edge
-0.4354074729439623,-1.0501721196807103,-0.5679704298042905,-0.9312638406964755,1.3909216820210553,-1.8999441864585744,-0.522587213175868,2.042801208145552,1.1770499033073303,-0.44190622973238125,X: subjugated edge
-0.4791031709119801,0.2677741974925111,-1.7869091405899722,1.003850637144467,-1.9444062809457427,0.6558277197724867,-1.1900062690702633,-1.8074160245711357,-1.4384528570451085,0.2782120829010988,Other
0.7908017211789892,-1.21271879904259,0.23738861570341552,0.7613691665777003,1.2896775219802907,-2.4816204353531086,-0.667878239952238,2.2394977351791994,1.4490914380185982,-1.0273119591989808,Other
1.498374440296732,0.4274810421208385,-2.579289190531348,2.9353726855629896,-0.6364312182038335,2.552908644615037,-1.3448170390932201,-0.23125815277189388,0.2144618380493799,-2.661132420259301,Other
-0.45884049314930064,2.6264849090369,0.34144682365882967,0.6936562061885508,0.3036725535903653,2.6621174959319043,-1.1272698418342635,-0.935033784315583,-2.0366928089927456,0.9741190163264128,Other
-0.42477372779309125,1.350170051262012,1.6900489857902505,-0.7234226601461409,-0.636414273444299,0.05031834941694924,1.9565150503820181,-0.56594108595919,-1.5368915468322708,1.5790836295597706,X: codependent edge
0.3140772238697992,0.7183478868941628,0.3096886313330859,1.1038539582636793,-0.30330180932445616,0.38452860458653426,-0.779803159894688,-0.7389617798975622,-0.2546211835841749,0.40402477884015664,Other
-0.24576150001290142,-0.08560729774114767,1.1004186781933192,0.17139223876162163,0.07123134725593938,-1.2475091105691647,0.8779034602778604,-0.027771325911452996,-0.6242494267742927,0.31375494622330735,Other
0.95205365313989,-1.9387526270035254,-0.16626468063618582,2.575665748211634,-0.5338512936307458,-0.9925546408167774,-1.2958645674340517,2.551104632562015,-0.19021831477209417,-2.3172601270612057,Other
-2.2517772906190467,-1.3222863959001843,3.0193316926777043,-5.883178251836086,-0.4431254969447137,-4.458677719698511,4.541469870170756,0.574381971263548,1.026765463892756,3.6288913919596215,X: codependent edge
-0.8267050469168946,1.2827928561027135,-0.35637820094193284,-0.9566492393252517,-1.088048441074174,4.982736597540871,0.5531236597455647,-0.8903911664320302,-1.2517724889159603,-1.2313880044569376,X: subjugated edge
-0.7824163339614458,-0.7897560801247798,0.2942413107789874,-1.9200608618864012,0.06883975612482904,-1.605213091547841,0.1881521775657018,0.33725470620745146,0.4244628961940639,1.0949951947146859,X: subjugated edge
-2.320356012386145,-0.6992520981640467,0.3550917197404,-5.420326860540541,-0.48326764036540043,-2.1307758461623196,1.6742397917945206,-1.089443674644632,0.7524434240910638,3.4084602474413694,X: codependent edge
-0.9636384443688041,-0.16565047568402144,1.014323242498153,-1.749894195414319,-0.3588161545428064,-1.3761501896308173,1.2464020985770374,-0.9577337361357118,0.5616657623976218,1.0577084423408074,X: codependent edge
-0.9151561158459262,-1.0620462588465547,0.17285687052455445,-2.3008076816543612,-1.3263206860933392,-2.4271975802280306,0.8974101344421446,0.5041310490394011,0.15558225457313987,0.8942566243659137,X: codependent edge
-0.20110465451883033,-1.2267687345516363,1.809186148182814,-1.1082106893330468,0.3920979962556872,-3.057469598771205,1.2940341202123795,1.6223694239326147,-0.039239918161189546,0.9958966770635594,X: codependent edge
1.1129658916602636,-0.050474072781421825,-1.070434095018724,2.5485980532279497,0.6580121042588015,-0.375814374748741,-1.3174732172653596,0.6408710584176476,-0.31258700410990936,-0.8761158193738015,Other
-0.24506065119070236,-0.8915294546720363,1.789323002210041,-1.3303258587633582,1.418932813643642,-4.610254132685897,-0.04388097306899175,2.1666289831887933,1.502393330525497,2.6941077852864024,X: subjugated edge
-1.0308137202711538,-0.7410185797788948,0.477373460455863,-2.072448062679846,-0.2021070861518748,-1.0327692319982353,0.732727594232258,0.7582608624914242,0.5369722149389538,0.09655083149371335,X: codependent edge
-0.056954541213528984,-0.781191026147006,0.4648555356055408,-1.5029234274707775,0.95303503031823,-0.3661797401718714,0.706894678063284,0.4333330035028945,0.32638921519716485,-0.6469405371506786,X: codependent edge
1.0491736214413494,0.5223602138344686,-0.20346413723124457,3.26597245743829,-1.1841767680048056,0.428071809062023,-1.3808511826193226,-0.47892306987269107,-1.3615156823537014,-1.021378001908511,Other
-0.9759588161149049,-0.23212569049535728,0.56336394452307,-3.101215244309211,1.461720501954105,-2.1604437445349833,1.4900688468953434,0.9590744644483375,1.1145472381257515,2.2830892675258916,X: codependent edge
-0.9105748839214486,-0.17857196789385368,0.4778803243942247,-2.0244276722280583,1.6767159561073472,-0.14815661248215317,0.9217659086368453,0.45678265245654215,0.43068202123546206,0.24489265423542705,X: codependent edge
0.5585489592742234,0.5969458973088833,-0.4718731843010329,2.0366776534599946,-0.1693716143828539,0.40538434621054686,-0.7945597699659998,-0.1695371733538008,0.20098294439068554,-0.13886526479637812,Other
-0.22153611573080054,-0.14203960823294015,-0.28441559928196436,-1.4456424351200923,2.4861938151677956,-2.1852581709121237,0.9337729865259108,1.2848445475132975,1.5856193177245266,0.9690310555017823,X: subjugated edge
0.6474846907094743,-0.27825376845717287,-0.07273075552703984,1.366066563295981,-0.042066858655603334,0.04108334983416129,-1.8219409413074847,-0.2639901732176526,-0.09766889584192556,0.2194518013170751,Other
-0.013646791795296761,0.47045035557017084,-1.07766837792811,0.22236489347263658,-0.8798465023086446,-1.628176128887693,-0.981206349919664,-0.8821680228887536,0.23745368029747926,0.5509326666170871,Other
0.701663648089567,0.668197843557631,0.3516533286113928,2.4329228841725015,-0.9554699134351616,0.1678451697071199,0.5563177940670333,0.12906550794255978,-0.6033212810503655,0.8547030411827057,Other
-1.0350781140406409,-0.14707349950860418,-0.6337173838816015,-2.804695159221263,-0.08119634793239881,0.1556775346625041,1.8636726351489108,1.109432630114109,0.2988333722473069,0.744682512200074,X: codependent edge
-0.01208465078826744,0.0806077756205216,-0.409528147222447,0.1544308784413956,1.7082860690073405,-2.3506767257258034,1.5392701853448747,0.849381003790818,-1.4003459642963003,-0.5034949847278357,Other
-0.21069001436315682,-0.781790229733328,0.3345513238578848,0.4195006722738457,-0.255387144316499,-0.7732682357657729,0.3463322542621437,0.5143688257730358,-0.39373559754322285,0.3624499634698375,Other
-1.2158909241041307,-0.8606830431645255,0.8037560180457346,-1.9011363518532396,-0.7647613907014699,-0.6807777672095863,1.6170314359103357,-0.7734148338901481,-0.44917464844932353,0.7432604641213871,X: codependent edge
-1.5634779478686884,0.7691475019668077,-1.0892270568504696,-2.21907681584257,-1.1608818486220618,-2.420471089455863,1.2955271557455552,0.19026637666967905,-1.1190669449080777,2.8328117335122127,X: subjugated edge
0.6857490352746618,0.4449420625446217,-0.2450733792155772,-0.04604656568160781,0.8862987204180413,1.2417181181897847,0.33171165701570693,0.8423842928056277,0.07387563197711941,-0.9720170417017939,X: codependent edge
-0.3509523822179781,0.4552984384165761,-0.045589605919524046,-0.6227482131671864,0.12914609838956392,0.8784894637569773,0.4775179150057687,0.2806055934911168,-0.12523737916907748,0.6251120204735229,X: codependent edge
-1.0222802816473295,0.28085434872552223,0.38845333344466904,-1.5175849668544676,-0.5245139384593756,0.8224107993627177,1.6361259038701483,-2.15272007166884,-0.09702460343683764,-0.4947175761619802,X: codependent edge
-0.09617893692333225,0.04620327581495357,1.619563690876415,1.1120800816831822,-1.1671502962700797,-0.7505965891477687,1.1457682139202774,-0.529178102190904,-0.9623801207369891,0.6612810504162909,Other
1.1280188573493026,0.6964118908227692,-0.7651834772954862,0.6197114878076402,-0.8748896870866796,2.295020862112936,-0.7986787513636634,-1.0113558085453986,-0.12747611595219144,-1.2068055775822781,Other
-2.280737845371923,0.9351087610227838,-1.1145930571655438,-2.404150418119826,0.9646028531325873,0.7084168903830637,0.5202095806293874,0.24485129186802534,1.2194553382938187,1.7224342603098515,X: subjugated edge
-1.4966386899033264,0.9112280051906476,0.8040153297541923,-2.156260084451202,-0.14202842591489173,-0.01824463640579832,1.2373756262847133,-1.0856069057140343,-0.9352328854801462,1.8105098274233833,X: codependent edge
-0.9228864418952676,-0.10077791594598683,0.000987417628591003,-0.18486530094299947,0.2254148044466166,-1.4288694245878675,0.30053227079595196,0.0032374366203283544,-0.43098785561972475,1.8046211139698278,X: subjugated edge
1.461178866720329,1.386992729908838,-2.684019874485907,3.8697018118163227,0.4252129785246124,1.7793497681580561,-3.195364683742796,-0.3843390028795254,-1.356513431207603,-0.6180382916879124,Other
0.2825869829192965,0.22846068173232117,0.09107910289242666,-0.6690738889735057,1.9093361721791595,0.3973600211297285,-1.4096585590460669,0.10767199086487178,0.49694906107865705,-0.212716997501341,X: codependent edge
0.7673172404612268,0.6323761925657985,0.7149389139496689,0.758387017698753,-0.3143546604959811,3.068833125818991,-0.5714860430126805,-1.0462737542045306,-0.9522495664876169,-1.087002753241925,Other
-1.1401609191262305,0.28208789083487973,-0.13905305967772286,-0.9808337177025441,0.42198858552476515,0.3826450606820622,0.5946350676625028,0.12332392518070573,-1.5275397045059707,-0.003651717650544728,X: subjugated edge
-1.1195358752705262,0.2470067074841741,1.872296712668745,-0.6889811888474993,-1.0863294319458425,-1.2770236708056464,1.7609632341747117,0.32976100252342055,-1.7246922810323873,1.546714612345149,X: subjugated edge
0.4478137167227104,-0.7357519902503197,-0.60037638533582,-0.30953869354292995,0.2841581730985383,-1.4205400807653223,-0.1892262803130464,1.2860374734995923,1.4306478641395972,-0.33707363509147614,X: subjugated edge
0.05827433093544655,0.701350838344826,0.02416437541132805,-0.3324319731408346,-1.5382478576189451,0.2505189123715549,0.10825990343787935,-0.41167161298777133,0.17217253189504844,0.18860859967945073,X: subjugated edge
0.5487388188641266,2.845294394907639,-1.325153422228495,3.190623135691143,-2.359513738429708,5.2395595490365965,-1.20055653729885,-3.14826437381263,-1.1973893284545991,-1.20907001931624,Other
-0.18767099092845213,-0.3747950747900833,-0.299625570357982,0.2003380553081224,-1.7337609759680395,-0.6052596314240428,-0.6804230002974091,0.6222123847441761,-0.08415272121438755,1.2537502896113217,Other
0.278143726454627,0.07099471542494816,-0.03677969004081777,0.7584936324908969,1.0710945681959732,3.0556352116926755,0.4326431677665752,-0.8771402992565052,-0.5670878763281642,-1.4436085781796557,Other
0.15811908490510918,-0.4462052643472624,-1.1236413116509814,3.644879142044722,-0.973249861906906,-2.288235188865628,-0.7005945668888245,1.4133709242033499,-0.3742552635299559,-0.9417652030870143,Other
0.7777673890849254,-0.48801990156193453,2.6518842195035726,0.9801379537501896,2.350424801521932,-1.3188800513330414,0.28468001070773163,3.0375253182413475,-0.24533911326103386,-0.6255245793903665,Other
0.8070082819444706,1.5444494781186728,-0.40863479045973183,2.6884204184334064,-0.8665238229743066,3.944138905854967,-0.9289825789751842,-1.2058105667747747,-2.5642574987801074,-0.8247730316269777,Other
-1.6198719943917699,-0.6729710177274647,-0.02705235939255729,-2.7324043311860544,1.5385728932502158,-4.406503840315185,0.653172173551146,1.8212830433348302,1.1159763334762345,2.104382536525147,X: subjugated edge
-2.2472685553408556,-0.4740804733663613,1.3165946861117825,-3.6267970524341426,-0.43799783146555,-2.2164375141691677,1.8799135826976139,0.12996143286131456,0.6349127752444355,1.6111121491282558,X: codependent edge
1.0017453976515072,-1.5874928237313013,0.791222017362873,0.3318751428976405,-1.1759200112817483,-2.551802781943545,-0.8171028753929785,0.5042793404166869,2.343711854408128,-0.3275121678567813,Other
1.1877250932619365,-0.7576117245422473,0.9726856762615248,1.3229967063153854,1.7872942880449807,0.20187771171519997,-0.6685883291291177,0.9143384415036738,0.9580063676078584,0.08439082021964972,Other
-1.0206230195133374,-1.7083998929533477,-0.8914010258942062,-0.710066359444746,1.561909767870637,-1.7970408635415622,0.8561530205961778,1.94740030305848,0.4248732715961061,0.11096575058869368,X: codependent edge
-1.8598354065456286,0.6318046992119288,1.2657322870355407,-1.8743979459344913,-0.5583077582770268,-1.209517558237575,2.2697901354806707,-0.308141908929331,-0.6817977081626393,1.9138462149873783,X: codependent edge
0.09903482100720092,2.7996972218373095,-1.4802452254276113,1.4622364505048921,-1.1082148822987368,3.6489670963369303,0.41966658826276226,-2.2835567280398474,-2.392357978130263,-0.2953038122257311,Other
0.9308382263505294,-0.36667879365052214,0.5371525327675513,0.5755033386757075,-0.545092375432916,0.3850732699104752,0.45238678906650764,1.519669830061508,-0.3427334220357151,-1.4050870041687318,Other
1.7975945224343146,-1.6667579329902373,-2.10882698202679,2.044644989797857,0.39115860483363457,-0.8825804666271291,-0.8298517038118596,1.5012957312697275,1.4929273702473882,-2.195752619559152,Other
0.516297572101451,0.8999996644297332,-0.6701784482502009,1.347682625482609,-0.030098280172521696,3.4021091287433656,-0.2694346210355567,-1.8051653954087075,-1.6263309156712067,-0.23524918522577187,Other
-0.37171669658569495,-0.7269249589301569,0.12285436724861454,-0.4740577925647873,-0.048777062752324046,-3.785720436441536,0.7414009044812957,1.7564770068766338,0.568981322380972,1.3683353847639785,X: codependent edge
-0.8931306215848627,1.2993469305535403,0.5828564067699351,-0.40000121198066424,-2.1088239995305913,2.545804618008883,0.566571516007266,-2.839196706398748,-0.9233939288574217,1.8444630744805925,X: subjugated edge
0.011451291670654416,-0.2820290477899447,-0.02222098187615168,1.1539727935056394,-0.19145585100543966,-2.086260550434154,0.6009232625243648,-0.2941765412390575,1.3326592304590008,1.7670543417195574,Other
-0.2992647038852564,-0.6318156890827807,1.3538519296356084,0.12868668250538473,0.7770145982527281,-1.5032729479530684,0.3415941987176491,1.0273256920389904,0.907604049060174,1.0133162189773903,Other
-1.0150679057288161,-0.17795755574568647,0.7365144890874161,-2.8625222278250906,-0.34879238947664526,-0.7856222215486944,-0.010109193900234459,0.289392903242193,0.897687077333088,0.5294311139682384,X: subjugated edge
2.0487556508632867,0.7577767609361872,0.006400894974667448,2.994160789777335,-0.36809706793287494,4.626598669266357,-0.38894379122304845,-1.8180549904698482,-0.9802956492485647,-1.3841303866653125,Other
1.785168402072131,-0.22742063075565644,-1.688515511683565,2.4094170063168843,-0.7302786467830257,1.7477612371847393,-3.0355944777862063,-0.7179140952658343,-0.3299069170110726,-1.7636142104043562,Other
1.1360486835554284,-0.49672470279370545,1.18985185210835,-1.496431009196991,-0.20168383940101942,0.062061804020197286,0.012535662978885087,-0.828801046589581,1.408035890028898,-0.7281742699289917,X: subjugated edge
-0.9208503978091276,-0.1988316029788718,-0.4930617419721397,-0.4559087978888652,1.1344429430686718,-1.2869511349065232,-0.19148851515563886,1.1259078241069764,-0.6962733363623751,0.7761462779271268,X: subjugated edge
0.8550193242972788,-1.271855184500885,0.8239863229158029,-0.4749491870349567,-0.8773293353256616,-2.5154800381243083,0.5745300691830275,1.4466281010062803,0.22083781241912231,0.05649855820353411,X: codependent edge
0.6396264094979018,0.39703160229398016,2.0025056890978954,0.8270208454790684,0.9812477054149777,0.451111253665188,1.3686202422986484,-0.7725907674686305,0.9954831308504772,-0.8126993318453886,Other
0.44254562420405297,-1.7867265938449102,0.7332509216861358,0.4560170648700377,1.1177350832620598,-2.5254648000823345,0.39493705217311087,2.5897706976375083,1.3172478534381755,0.8572651613816389,Other
1.2496652670437771,-0.44412145436551537,0.6983353907313093,0.9834898901048097,0.6220386738502457,1.6774404381196402,0.31177550765340567,1.3110925522502441,0.23252882040209266,-2.1640648706723353,Other
0.6353711428612774,0.7593852088307432,-2.9562963240717606,2.2032346848604982,-1.0017222874251601,2.6658906190675293,-1.801358896104908,-1.514617028398007,-1.0196493710490664,-1.4889898000665096,Other
0.7400142363043355,0.3030482829327168,-0.5126000430229518,1.9440757866088063,-0.4929206673167941,1.8340320456702255,0.8899503140309577,-1.936034789392965,-0.24527857548114557,0.34212871559306035,Other
0.6369062833722101,0.5903205729863903,1.1182543726760512,1.599318268820478,0.1928564242333155,2.9154165447151,0.5851586802947462,-1.1593970532308475,0.5973198204601957,0.4377699403894524,Other
0.3407914080021059,-0.06504567271880911,0.5630614492777664,-0.5102739199063386,-0.523296220454702,1.6293444384626288,-0.6776295735443545,-0.6331422348471034,0.6708876117055471,-0.3560237324985361,X: subjugated edge
-1.7836111297141835,1.1697461809855167,-0.5975235826165162,-3.2100560874414366,-0.31271651554544844,-0.7480042299691849,1.1210277666663095,0.1382210673723061,-0.8444113170301036,2.6535901459625997,X: codependent edge
0.08362107741055723,0.924699196769792,0.26869753164227494,-0.4934800959196028,0.6128070874588458,1.5987458173983948,-0.05617843848019524,-0.5064881394830291,0.5113179307044653,-0.34780691778443057,X: subjugated edge
-0.5561919588491252,0.44614100424767456,-1.9751892156958384,-0.2969181649201495,1.676705556718189,0.5491435524569819,-0.6595092217545291,-0.3352092346552986,0.5035440330847438,-1.9326903151478587,X: codependent edge
-1.2798409576400205,0.927545777313543,1.3162526579111473,-2.4114936866917773,0.42908491148857547,0.9440326607105751,0.30933999336562645,-0.3916847066013429,0.25607286084047626,1.611601154932127,X: subjugated edge
1.681816619300824,0.7504235544035768,-2.598494591674914,5.122268886901893,-2.297084135109089,5.8381250990552696,-2.1405366223967346,-2.56801627975096,-2.0510146038741,-3.3844657021748965,Other
1.7289953408857035,-0.43946351334689027,0.5073268752739065,3.5696594757544418,1.2939475265987563,1.0365762858066718,-2.107764145996434,1.29762905963437,2.15160536507321,-1.6783801581687854,Other
1.359220600295612,-1.3438989116913336,1.1353805817771934,0.8228972985990506,0.9028662339720632,-1.4139896245204366,-2.4025496488137597,0.6809659446021056,1.3315752588146,-0.013541490355787,Other
0.2552134168558746,0.42036212584262383,-0.48383439533236283,1.781287981661734,1.5717119072641248,1.462318970737435,-0.6671457713839475,-0.23239404125604363,-2.1377847548386097,-0.7027680555697109,Other
1.3506251209526567,0.5460892308314287,-0.10685556543578506,0.39022037555380673,0.9819332398501812,-0.09656518451837282,-1.627974085204774,0.3139220711329292,1.3502200693635784,-0.4164449166599573,Other
0.012053180601825543,1.0904719911385654,-0.530319964559609,0.4889764437328942,-1.1527099089508672,2.469893073993307,-0.8938366289798582,-0.02389819028014961,-1.050323075396265,-1.1513149889077918,Other
0.20279727689777938,-0.9363212750452935,0.4512284322707233,0.7854202164460752,1.2579151559786617,-3.856332106639526,-2.27636712592565,2.9166434466512903,0.649813508594355,0.73325832032042,Other
-1.093471370461983,-0.9064310592771633,-0.8177179942673845,-1.8843695914584133,-0.41287346901109845,0.17715502094122154,-0.18600172653862213,-0.28586889593177844,-0.04951245758229261,-0.9718635250524427,X: codependent edge
0.39699130449884,0.45990026630777037,0.3624402695577572,1.0967981383219345,-0.1864093943768015,-0.3107261657511077,-0.264876755952666,-0.8762641722368779,0.018718596841122037,0.9715245997078219,Other
0.0603859284244171,-0.07116698885308664,-1.7772344374786386,1.3838519507156402,0.23840362146010236,0.7604891335132343,-1.3206603982557703,0.5473060850748802,-0.6373509519041588,-0.976473986152645,Other
-1.3026521168344645,-1.8857616105711281,-0.6441207265594129,-2.8445698117877933,2.0614584093679276,-4.3050848493565494,0.977642517864111,3.2185695033754427,1.3538120764114892,1.9549724017325367,X: subjugated edge
-0.051197111816596905,0.37510816375419076,0.252083873356128,-0.7015324105717698,0.9674410506265994,2.0401691884826634,1.1963310632293773,-1.4690454172244656,-0.4235343794921791,-0.6055321609341061,X: codependent edge
-0.07972956385680847,-1.8524229149889546,-0.16088997946454542,-1.3154429632327398,0.7028506682271969,-4.1417476065509,0.3746722623249422,1.771102601123679,1.166520108064078,1.6396077121282329,X: subjugated edge
1.79756116664464,-0.9452565518733762,-0.7352785010158125,1.8660009825202788,2.1041615445655393,0.4725088640922589,-0.9092504798641068,1.2904578765366035,0.8077382098152746,-2.2030102555468596,Other
0.8942133285134095,1.3516813728601071,-0.415803219777103,1.0859864883962118,-0.3341030141455935,6.278405916652073,-0.02592642804841716,-2.6071232852833304,-0.2539317846961149,-2.230836007470831,Other
0.011445439091466015,1.8248790178071153,1.4917969820744472,1.5597258945761472,-2.111863223338184,3.677857389568056,-0.10142101268513282,-3.321873548851797,-1.5893273694980357,0.47673734391423833,Other
0.248787309801083,-1.2156563684719617,-0.27383373339697753,-1.9868138946859126,-1.1002870879018636,-1.6091010541717246,0.019520357135194066,-0.009217757932577397,0.794171740728857,0.805028811841818,X: subjugated edge
0.044212378104198057,-0.3293915374126943,-0.33294433924589684,-0.6877124372994426,0.8527740900502153,0.1966888854029798,0.5633837787852974,0.6749032585689589,0.9889486078230104,0.5435488881928089,X: subjugated edge
-0.20291398479554773,0.04262252307870598,0.049723889395501306,-0.8203969237606763,-0.2690176660262601,-0.47077642714720225,-0.15240911971172308,0.6030523031772618,-0.18754006944988288,1.1353368357250238,X: subjugated edge
-1.0824271973882869,1.781226927581568,0.8058412568517593,-0.3683974443510027,-0.913712202147578,0.09513483012256052,0.5814789761017884,-1.4813296003410374,-2.299174093327542,1.6342722235572416,X: subjugated edge
-0.15105187760692926,-0.49286894782440155,0.36030786479129373,-3.163933797841829,-0.4708162608800719,-1.39411817247038,0.6732322917736113,0.8684389713480084,1.713516545292189,-0.49095162573042617,X: subjugated edge
-0.7460982566525134,-0.4768840230332781,0.8545891591869987,-1.9323660328691745,-0.00014814473608243395,-1.102825403384148,-0.16708283971722482,0.3776396040291683,1.0983346279858066,1.3927949754027154,X: subjugated edge
-1.2503155389231464,1.5487255584628619,0.9533923797960977,-1.5932917265303077,-1.3208899752316579,2.007969151240559,0.5507597878008839,-2.2846541179041413,-0.03203564372511103,1.1776316737384738,X: codependent edge
0.5112218145475347,-0.374789152718258,-1.6258097623134893,1.0191317836480476,0.6356947090502262,1.5880107690376541,-1.6150980146392961,0.4293420182083648,1.3136790197991675,-1.423308730325342,Other
0.39126465993323495,0.7222017089664575,-1.8673385218877208,0.5765260378159391,-0.5471189159579735,3.184753807141451,-0.7958651699513692,-0.2662167833040229,-1.024882478901249,-0.6620726111995531,Other
-1.786707511368078,-1.4771429651124275,0.5797596473841377,-2.3015130629675804,0.9058165608337783,-4.538279913397928,1.7651068660156688,2.2898963032046082,-0.7638933520063247,1.2874108439562686,X: codependent edge
-0.12268463749512722,-0.17123274409232622,0.43678031330383893,0.7501139560340188,0.9103175784123361,-2.3682930562213325,1.062842778772172,0.4271614550219107,-0.6603354045148708,1.414372746384026,Other
0.9957013858999235,-1.6595968383264046,0.04241070455313645,0.4224048309584772,0.11692979200341247,-1.9793340046009047,-1.4190937631485951,0.6004795883590601,1.6548606222151878,-1.072128473308616,Other
1.0592237388963208,-1.0554337809557044,-0.2412683312539825,1.9633908792800057,-0.7580735976691225,-1.2157443250108038,-1.634593281687164,0.7021858363811002,0.3721241468844457,-1.2382509112496196,Other
1.0258368428852387,0.8392013551522634,-0.3223744147582727,0.7728521423679884,-2.065566844937264,4.041856740206894,-0.5215121422429034,-1.200420373704301,-1.5220233144085331,-1.3573491166266591,Other
0.0389132069014598,-0.04990539108671263,-0.6277445607356691,0.5670289397296432,3.03475178062809,-3.2534593503794387,-0.9106701355874227,2.327606659137513,-1.1783564380088545,1.3987042464894792,Other
-0.8450453279691511,-0.31910574055297464,0.14705004097543925,-1.344247386573884,1.2285514979869814,0.08061937006909725,0.24732857779499529,0.28310532478916917,0.5648260061478886,0.047111014790009675,X: subjugated edge
-1.0836988273580606,-0.7487496239809176,-0.4533225450911438,-0.1194233671054189,1.7084986428485047,-1.31263313055977,-0.7837946542112808,0.8295386665682499,0.07972508072769169,1.670719971833651,X: codependent edge
0.3446049047503575,-0.22065607324128275,0.1721872910435858,0.31333987789456985,-0.5322163968138918,0.924576605055637,0.03716510346703611,0.4931148245193925,-0.6319636650883674,-1.049016375911932,Other
0.379280034365163,0.30111316710069364,-1.5504033337680436,2.3950056483823987,0.08158062948199526,1.2380014680154874,0.1738263278926342,-0.494698770315454,0.551339112591714,-0.28102277360338235,Other
1.2873311116050654,0.9829162064617618,0.041768829657192474,4.07306853975251,-0.840807910828094,2.3024739169530077,-1.7186690475833475,-1.4528138517282918,-1.7659085684199818,-0.6011015848102368,Other
1.0999796503420836,-2.6251466840968023,-1.7659811506897443,0.12847549146970105,-0.328807240764596,-2.9986877480905143,-0.8533985467768626,2.7615016573337163,0.8140672628663295,-0.19641792841225403,Other
-0.1322286565311721,-0.8317611742628097,0.03966403800772578,0.4413390090514757,0.11004155113297942,-1.7813074033952094,0.07247137375939222,-0.3549146260039313,0.7314005069093221,1.022969839049475,Other
-1.2442058788608694,0.15909624218900573,0.9741575226151842,-3.3340879912064167,0.8495704614310083,-0.7599104266551985,0.047464315514961664,1.8051368808338328,0.8929663588777614,1.1705876152258805,X: subjugated edge
-0.31910659701089783,-0.09886311596228586,0.5325060586205254,-0.008147622714657243,0.9767814118302307,-0.23372249870004425,-0.19208746758368633,0.05422241246444809,0.014995437828778213,-0.08934343437471676,X: codependent edge
0.21723119481052466,0.403376242526725,-1.5889771568930495,-0.15004236726985687,-1.0798575348067825,-1.6115072765313123,-1.5953136163125947,-0.13842177045756188,0.660981276185065,0.7633239695418782,X: codependent edge
-0.2020832453894041,0.26754028612655384,-0.3985599321287514,-0.39151683526769787,-0.25898704280327034,0.6818198824211567,-0.2651853742713548,-0.3987991303004181,-1.3384661000596272,-0.5296192040551491,X: subjugated edge
-0.5778941080776558,-0.30486786299340723,-1.2090417620167233,0.6300760587740429,0.6083254950051651,0.43025682547036204,0.20398750448574454,0.7059190836514817,-0.8552855010698833,-1.914646566997771,Other
0.2528848149698989,-0.5268531959871771,-1.5144364373021997,0.535045960351299,-0.2863090947120455,0.7132525484127477,0.5155321199176596,0.06921092954864055,-1.0518312495644169,-2.198486698952957,Other
-0.5039577414106104,-0.2455014897355009,-0.0379489985372501,2.220123839973702,-0.16077407822959583,-0.5763415650276922,-0.7124680894726694,0.754210271123038,-1.29301245488967,-1.0566143143908102,Other
-0.628066083725374,1.1487423498227427,0.768487139351441,-1.6306022436391507,0.011920925588602527,1.8117069254696654,0.4532857278121879,-1.1166852513668608,-0.45703962932210324,1.1451303096468783,X: subjugated edge
0.31145283430343956,-0.7320079329057144,0.2784314823278111,-0.46278287326835477,0.6014186873101903,-1.7004611544794412,-0.7802810983630981,0.38993450508504557,-0.17489015889902504,1.7633825637989515,X: codependent edge
-0.4019925801292048,-0.06280672314395548,0.4949352811268116,0.0942185220243541,0.08001105207092915,-0.22052586765222953,-0.4267692845130042,1.4431163851923785,-1.1338358236069865,-1.3241908095671686,Other
0.24410438897835213,0.18334221399842102,-0.11165643956453056,2.9865266293501502,-0.6359080527837425,0.7674148496255903,-0.16173792458062874,-0.401628261491231,0.012882335931168332,-0.8573364353951598,Other
0.2732040228521227,1.560350929874458,-0.2888067846566019,1.7001083207436087,-0.9752549155679396,2.300550902357731,-0.33375607684442743,-2.115899580176072,-0.6064477189766702,-0.18855272468088316,Other
-1.1394290010915746,-0.30030825823631324,-0.6935932157009614,-1.0196966430434733,-1.0387789214898673,-0.6908576416006931,-0.8178969565589032,-1.3599342634271294,0.7767963287847325,1.846231806819205,X: subjugated edge
-0.4812411238654122,0.9588066560109609,-0.24329521103595805,0.0534530313455957,-1.700380317481696,2.786386818925024,0.26506089389197685,-0.08509261159799864,-0.38934662668232545,-0.429928724077699,Other
1.4377769399164624,1.2319794032650222,-1.920491999209771,4.2061140372779,-0.8228531642912167,4.426212486021111,-2.846601099265098,-1.7082125087212532,-1.8280305075458303,-1.008522761597535,Other
-1.1620795127342871,-0.06375426499064825,0.3744640452952136,-0.06085797496291123,1.4022615790419344,-2.3013742143002007,1.0489392442847933,2.2252120881877175,0.6967960657387512,0.6551150357144861,X: codependent edge
-2.116654448970531,-0.2107189790767625,1.1262091051229155,-4.134744722188449,-0.7896961842430937,-1.2781681846903623,3.046407303937778,0.10181671495784128,0.3223993219105282,3.9297755113456945,X: codependent edge
-1.8618451532425115,-0.3290536720482161,0.6313906551223237,-3.071567497489576,0.4270760686197229,-2.1033805161326455,2.0278106305438834,0.5461383851418758,-0.06164305090847133,1.5224757906326163,X: codependent edge
0.029109946576669203,-0.25582313424258235,2.9376733821956584,-0.3108117592201858,1.0993176596477228,-2.4970945872393004,1.4332583828608618,0.8139431567694102,0.6361196234710031,1.1647160065573907,X: codependent edge
0.03091727803269891,0.8542398605768328,-1.7336786546207061,1.1982935896515108,-2.4391390041300403,0.21212621793609654,-1.1999176711563821,-0.07632924283362197,-2.3508731060813837,-0.4685814117325011,Other
-0.11761085542512094,0.2310099772555139,-0.8132914366246693,-0.11231846776914634,-1.0589687504716627,0.9458147871996716,-0.2276222667786796,-2.29395734771953,-1.001307260037654,-0.5200239575006496,X: subjugated edge
1.2141898289285016,0.2352897091698694,-1.7519313702099888,1.6327038340577062,1.2001346366183157,0.6612838435549793,-1.2765708216052596,0.5243494442314689,0.52312128977495,-0.5074129522997729,Other
-2.672834433102938,-1.125223510379835,0.20264404500795313,-5.298526539712713,0.45974808172309245,-2.6758664827410175,2.4439404021870894,0.8519015639127248,2.150730962458936,0.8129621747476252,X: subjugated edge
0.3959338744308236,-0.9674900773752345,-0.5028131767498314,-1.1926486242768795,-1.3204741655227492,-0.285632653732823,-0.5976304082206998,-0.028415855266108486,1.2114499719606413,-2.109869011754278,X: subjugated edge
1.5614382018035733,2.14344682477698,0.2317992190409247,2.9976887924815654,-0.13046327824806603,3.5226656616756484,-0.9037367598300771,-1.554309704687937,-0.8706497135052857,-1.0730604963050432,Other
-1.127780764891714,-0.1778257252886896,0.28172795014149565,-1.6540138685315062,-0.30411603047840935,-2.1456059565101726,-0.014808213799101577,-0.20317353187086204,0.09209694525268516,1.5108050447851715,X: subjugated edge
-0.3798065117898951,-0.7747719955783602,-0.3626315963217718,-2.073895579258667,0.5258388736307715,-2.047786463244536,-0.42908191558567926,0.9588044902088466,0.5974075231861447,-0.3555756071528619,X: subjugated edge
-0.7528919172286209,1.4310991655892973,0.01463387863045168,-0.28892140836708496,-0.9705622338650909,3.086395712756903,1.1019239977146584,-1.5277604760475545,-2.4518430885970743,0.6522868724624292,X: subjugated edge
-0.8943460460775288,0.2818085486835521,-0.8736638810744645,-0.47528556705491853,-0.1395015845423855,3.170735242079116,0.9091355016052933,-1.2593007581952245,-0.9352065858131041,-0.7183661075591645,X: subjugated edge
-0.32626200502304,0.5781549168645216,-0.3384488411106501,-0.9743374581474986,-0.5576191010256623,1.9108644037543137,0.16259346839700894,-0.3985202547517799,-1.2255130526742752,1.0137994646818131,X: subjugated edge
1.4274852836845047,-0.1380470752815336,-0.9762993527062496,2.891379809365965,-0.10103275491916147,0.5851505549809526,-0.40072437070732714,0.5951114055222132,0.5479661906668003,-0.6666320524930793,Other
1.8373866754875203,-0.31867309057680415,-0.17576630711553504,2.59547812928119,0.03391446228719164,0.10354930681623109,-1.0761202824716056,-0.15228288716922334,1.0205174533240327,-1.23026215995107,Other
-0.3359392250401477,-0.16958637249729036,0.5624076432394581,-0.7717517536500238,-0.16092855461294947,-1.9849989738004221,0.3301922198405685,1.4556939884651934,0.6880399823368467,0.5305031089557669,X: subjugated edge
1.9050602140644701,-1.3827381702986268,-0.3472298078020869,2.4300219613478764,0.003642402915295828,-0.40120326476452095,-2.49986313883971,2.0403715182839237,1.905139003928025,-2.526997055283325,Other
0.035576476984624864,-0.08792740941989748,-0.4579902725308139,-1.5325647497304642,0.21664656819680636,0.14530473267840463,0.8462719571443511,0.7964007371318644,0.18356570537948305,-1.3070811170110626,X: codependent edge
1.753691026701081,0.29603307704261733,-1.859206047122374,3.137562072899631,0.26265784731941966,1.715693591991251,-1.5741728983649461,0.5200367815327864,-0.9491148010866786,-1.8013536916997506,Other
-0.09329864965349177,1.8504632338437539,0.47397583648266595,0.611343777079433,-2.039167510397797,4.858410255632824,1.6319966808552069,-2.2829000906044086,-1.8569943170146477,0.6395114623361813,Other
0.1310578260461443,0.0859990650052155,-0.7332481000687134,-0.7613271900966216,0.7180148315447843,-0.43259739508372,1.1968805770624074,1.1146364539920566,-0.4566064696575624,0.17455985334947194,X: codependent edge
0.36547447264283456,-2.334177042210305,0.6920909241570745,-0.4953659812366824,0.8520694361540422,-2.452429638579244,-0.9278701686985129,3.3121299869736243,2.332016901275593,-0.33842407296760574,X: subjugated edge
3.1788536793675353,-0.09398543278462142,-0.08113307476552589,5.179207006932481,0.08288469561218592,-0.5043457366229789,-3.3839004512655273,0.7138051972229111,-0.21926835263912448,-1.457023211170843,Other
0.8512855748447891,2.739504133108306,-1.236302585003249,4.842095252585715,-1.0875738864816173,5.263109723620536,-3.3422002788118546,-2.971748855107231,-2.1907017271141696,0.2834463991514493,Other
-0.7072645299514636,0.8663662349850397,-1.518160929196481,-0.5307195316566162,-0.9201112022672625,2.016558396939602,0.5360475820974985,-1.0935857959739983,-0.2495925182000337,-0.07109363845508974,X: codependent edge
0.9689978702758579,-0.8108889438085887,0.018840406163180688,-0.4031739395666847,1.646417296907855,-2.6252156616107754,-0.22590820431776293,1.7793070161970435,0.39107285639510814,-0.36098217321034276,X: subjugated edge
-0.3618325370843415,0.5911065144305567,0.7828886852251732,-1.059449347946257,-0.09633787499548316,1.1771112016717646,0.6970085612589689,0.14162674846372314,0.4062595010704055,0.2933817438883668,X: codependent edge
-0.48975018290120914,-0.7420134248897403,0.4552677897355749,-1.681519463032278,1.691016903784257,-0.48572597172876164,-0.3474167807256352,1.2593597644625578,-0.15584310185206318,0.3475575931832238,X: codependent edge
0.9086013598921112,-1.3538075195468575,-0.8025701365572011,-0.8477750846005119,0.573191544355086,0.30470402798283414,-1.1093828482134025,0.8481854242896281,1.3125006737599847,-0.6872322503824542,X: subjugated edge
0.031085587771152785,-0.3483693632340722,0.09002674378851488,-0.7225366501939097,0.17532200837822964,-1.924084699992135,0.15572696513224635,1.5283271667291318,0.20177254089139948,1.4545770367810906,X: subjugated edge
0.2785759145118061,0.09152643923886121,0.2027116894355158,2.117141267570198,0.18832226916919922,-1.622618172098154,0.4693325745215047,-0.7881395941922245,0.7002450222058823,0.6577240830566983,Other
0.013985221865292462,-1.8721555024333958,-0.2958993511877524,0.28787378662471025,1.7132168731079696,-3.1413721676864133,0.061096561415506595,1.4690654029989443,0.5626482709297109,0.6035465691290874,Other
0.3365831266054347,-1.1491592905386359,-1.8183190153868831,2.2252542566547153,0.7208475886105276,-0.06871393268177495,-0.5728299306347987,0.190905025652654,-0.3379646389392581,-1.1499561732230066,Other
0.4249658974361492,0.010335563182354726,0.7213914999397384,0.6637282781945182,0.10208700109266255,0.745745138143743,-0.0871964005397659,-0.669475636613311,0.6614457122412344,-0.823259259824528,Other
-1.9369669327054153,-0.40817317598895414,0.6807649043175183,-3.697375221129502,0.2528382164920564,-2.3181419492413973,2.6451808269158836,1.3554157372523936,0.008880209023627794,1.794363102366412,X: codependent edge
0.6665726686095336,0.39481127114609077,0.08878658501500286,1.8736539117337419,-0.0405778653931626,-0.7523935246413147,0.013822019882182401,0.6462560745984111,-0.34598247406588245,0.650547257786856,Other
-0.9820194198303006,-1.2146683273085614,0.46901279795856426,-1.947748340462849,-0.22412995626858584,-3.624433334829536,0.05737052092846118,0.7546086143116801,0.1615086390972218,2.2439102010301575,X: subjugated edge
-1.4422991355594112,0.7141137485533007,-1.479578456744243,-2.079570296721065,-1.5230810243248216,3.388969755954297,1.4578293218768303,-0.84873597569356,-0.14520942100394074,-1.591120709785502,X: codependent edge
-0.05841124385868244,-1.183759097060195,0.5416952817260212,-0.19612116137186408,-0.942197000306622,-2.076285396046595,1.2067499517070737,0.4559522394392294,0.7411180918456735,2.2799059417303544,X: codependent edge
0.08398100331445427,1.64273430193763,0.43027903758157426,1.4674417795794197,-1.8695106076592283,2.2415475877403086,0.4797458672155741,-2.9673131193645914,-1.424066003708741,0.42893496513060986,Other
-0.6935061645722808,-1.7157582843783166,0.699726124079108,-0.8709174861012574,2.203530219942102,-5.776282521482966,1.045544658005408,3.9419875680135084,0.7821245528799043,1.4332876537349386,X: codependent edge
0.8310318576679744,-1.0925542703834126,-0.05035684081462294,0.08603509308594226,-0.034887796613813915,-2.3804648462007227,0.5980242050411829,1.834771168113826,1.125973656988816,-2.034230252714798,Other
-1.342175166370907,0.4173708030318292,-1.382167451356671,0.8144911973169621,1.3005408515574963,1.700813364478924,-0.8403286280363774,0.5380298349242828,-0.7245097474472975,0.256393661484132,Other
-0.40694374877255896,1.6642332514976381,1.270910203067169,-0.5001065311320912,-0.19683923890379862,3.010616593881074,1.8080357960043836,-1.9786700379241404,-1.7005734586736878,1.3452072269849413,X: subjugated edge
-0.5848741349330007,0.31504303611617074,0.13215366076538804,2.1736646081141107,-0.5744809349037044,-0.6370696341306885,0.1409697246134119,-0.6634994806711297,-1.5376677690140004,-0.5787213089746271,Other
-0.04658727033933937,0.5628579201823911,-0.6885428824897999,0.7491452809344057,-1.1545416185055486,3.2909866590797177,0.5464792404418838,-1.461006332029267,-0.8452803870669685,-2.6313458034987813,Other
0.2788642846472388,0.01753690167305848,-0.7977413132932505,-0.3526671057995978,-0.03270958387811335,-0.1633318775912099,-0.47784991909060964,0.04531469169640689,0.8835904098062916,-0.1354046295509196,X: subjugated edge
-1.0078929496235447,-1.0263984541151934,0.8882523620040317,-3.530243916226018,2.306544912598761,-3.700949258652375,0.22343875756329423,2.0401864322053487,1.5518132097432071,0.8792908621681192,X: subjugated edge
0.7242826774562282,-0.4901383482393793,0.26548529517516384,0.3541967858291848,1.4367073222793367,-0.6808750757134919,-0.796133482790116,0.7582779358474643,0.37405435251736974,0.8339983729013141,Other
0.06300236833469973,-1.2119097199812767,-0.476657671632005,-1.8081964099012837,0.6174328419670753,-0.4317054372688667,0.504549076389047,0.09596750419088984,1.065745540963963,-0.31987954540907954,X: subjugated edge
-1.8919462533119105,-1.2787099677768716,1.0092749371559846,-3.846237357818831,-0.883422470072756,-3.5653617431559077,1.715477500714221,2.1605366035868263,0.6542066143472244,1.4588365716794163,X: codependent edge
-1.958591440397031,0.40174891931974643,-0.6161158859883833,-3.6966699774650422,-0.7319737506158838,-1.0032887839662346,0.7255773705644218,-0.45255481714344425,-0.4245705414050819,1.681275550252862,X: codependent edge
-0.012319292929311235,-1.1231779820879617,-1.1379615934562146,1.190640811233748,-0.5877739597045589,-2.8616547694514587,-0.9739722907045785,0.9203292048447402,0.7044677661666572,0.5451114326241973,Other
-0.2209673177863541,0.3195540067233614,-1.8196493913013205,0.507137356709828,0.8323092417443445,1.2423315062463596,-0.17143117107048578,-0.1819333858138053,-0.842012532700154,-1.0047022285897924,Other
-0.1034201135746335,-1.3018227522210977,-0.7262910297589755,-1.6939112179306504,1.8429066358989714,-2.844004651914329,1.0637103943944086,0.6341667138234504,1.489614385739084,0.6521597105362869,X: subjugated edge
-0.02798245653021798,0.29638302011675466,1.3271175403771935,0.6178819582556752,0.09823292641072034,0.5165512077700998,-0.9874727924098109,-0.2405578463761193,-1.655140199058005,-0.0271498940323735,Other
0.22555983951018072,-0.4886825689629625,1.171152600555334,-2.2041512256159455,-0.5856128260713382,-0.18503620453271052,2.4583621261247304,-0.13943035175005564,0.631239889147906,0.21877524765257506,X: codependent edge
0.9476496098482997,1.4066155336506445,-0.19978618110627347,0.6798031315277933,0.7565777697288658,0.5524144512721514,-0.6478313171519493,-0.182350868320311,-1.6246635790780826,-0.1057538193470231,Other
-1.1111049009175582,0.32371889557906497,0.07882672809616009,-1.0537962541271064,-0.7124842842345982,-1.3665627979613681,1.303968804805561,0.11615108044225952,0.5767955882383071,1.4642320963215605,X: codependent edge
-1.1719715929007948,1.2357828929941415,0.11113226669373474,-0.9498792322697003,-0.49913805918587995,1.0861451840479366,0.601791904327222,-0.5776771865972242,-3.0314511223144893,1.0656888858376528,X: subjugated edge
-1.0933238578873825,-0.7556467164251925,0.7192682193612561,-4.666410591136048,0.5922634122556316,-0.40727805347453283,1.141027248485482,1.5744578247717902,2.0921105905007717,0.007968945456956145,X: subjugated edge
0.2889166671687069,0.056143340244167284,-1.38215078753077,3.163892889152474,-0.7055269153139005,1.8192545650567462,-0.6942705956670459,0.9931547385330681,-1.6414888210141063,-2.192157572768854,Other
1.2449473786464456,-0.9810871581162783,-0.9591993086302772,3.40539148502219,-0.2339900093619111,-0.8574676135451057,-2.1521722171212354,0.9229086690260156,-0.45243478479955423,-1.2567381787000573,Other
-0.4313394382395105,-0.4136052427444181,1.069202132218166,-0.7465503775480538,-0.7633408917972906,-1.5887469181204894,0.20038445948466055,0.7911123963569087,0.2940396224945354,1.4267234044244308,X: subjugated edge
-2.5016998441596545,-0.2621042227446291,-0.023889854645798625,-5.09286641525618,1.2853230643779234,-2.449763233646104,2.7539501041975716,1.1453689764053336,1.081872400858279,2.0011807674981172,X: codependent edge
-1.7039928626103755,-0.7258582206871392,0.25049273976804465,-2.0138089218150164,2.1720289649657483,-0.9629803289962358,0.2264562458339856,0.09678014976650307,0.8825389203977219,1.388471238900189,X: subjugated edge
-0.8330367227960116,-1.215502858845695,-0.0046915040127955675,-2.6052190955324894,0.21553068672144604,-1.993865586862649,0.9534456927764061,0.8927257411431404,1.6134512086853268,0.5340938456170582,X: subjugated edge
-0.5577288874952148,-1.4135173236526528,0.3263400785277262,-2.4465510467094296,0.15720931161745744,-1.3862442958219021,0.2872620189319996,0.48009855278950786,0.2888779390168109,0.7231623673811409,X: subjugated edge
-0.4083886272547264,-2.339748115707397,-0.7924445819814072,-0.23345530933094072,-0.09508023549772299,-4.6094891600549355,-0.7708389535572701,1.885599978834843,1.1525740497957564,-0.8172582672896809,X: subjugated edge
0.038581122980917065,-1.0563464635034578,0.327270553239267,-0.8868495783736838,0.6465598491774158,-2.83087184123832,1.5972847956990328,0.48995416027220273,0.6238269049204568,0.7362749823246731,X: codependent edge
-0.3117463308224471,0.6274938966718445,0.5988450439663006,1.5375016413483857,-0.7143261280564963,0.4461207732269953,-0.21258690304440786,-0.33780651260655414,-1.0798053507051606,1.1016491178833074,Other
1.0493396105434072,-1.598498532013283,1.0512817936791927,1.2018861447037519,0.22831538737299634,-2.2064625649386493,-1.1615044005527722,2.037386896932507,-0.536533126212007,-0.6686618908412438,Other
-0.6760173056813688,-1.368122846253305,0.15628602251079465,-2.5296465219588935,0.8570785837838709,-1.4232266994114204,0.437112161750482,2.3144550319078396,1.1254364186675894,0.8577535415000204,X: subjugated edge
-0.862317959475543,1.790898571232915,-0.08534449507995828,0.418628242551837,-1.3233835641602532,1.6569035442650715,0.03191447124409996,-0.7242503611535995,-1.6588552211967926,-0.9241637195793889,Other
0.4788755385204616,-0.636496049848254,0.8284306126482537,-1.1421813992940475,-0.24067367872726284,-0.40022630846818225,0.018422614547279434,-0.8879491810942473,1.2579756779369737,0.09030081233180912,X: subjugated edge
-1.5356420699261193,0.3210460091648358,-0.3564053125608851,-3.588853018033257,-0.6970914730007973,0.5860643580532306,1.107898634280734,-1.4537256959340994,-1.5108601012056926,0.7780892798832953,X: subjugated edge
0.3896917053200022,0.6423171465004947,-1.5741251016953939,1.9603834490654453,-0.8067728477779308,0.03249194042800932,-0.8246315255267339,1.3510757482993987,-1.2030342250179382,0.3448108318732892,Other
0.10255318372626686,0.6625261297812802,0.573839258325868,0.5145730611405497,-0.21009359756728405,2.3413017757490078,0.088394643019268,0.16570607365341972,0.5292974780669961,-0.06335413553161465,Other
-0.1474424899181674,-1.5223142306080597,0.7519165308959269,-1.3276896606733004,0.9662399813089466,-2.815772728774708,-0.07767697097737614,1.7448796428303297,1.5286717763796223,1.059777414089391,X: subjugated edge
1.5882761071492624,-0.23105967989949022,-0.11263572420695162,2.7347467782241583,-1.2878838882895969,-0.5431470428740487,-0.7593408742455772,-0.3822248570717794,0.23079635868070578,-1.398666821414232,Other
-0.6222074452947179,-1.6182272695183921,-0.10930886839911472,-1.9529271617430575,1.659899259145404,-0.5972091890600706,0.3336970183133288,1.9179800084330365,1.9352360827691777,-1.5715434284670045,X: subjugated edge
2.0602981705240784,2.4463178589103234,-1.7300751062122985,5.016926249038236,-0.5188475862603239,7.78331094576608,-2.695470409729827,-3.5185297261514537,-1.3565699838504366,-2.0499222153930385,Other
-0.2254314492280993,-1.5948752640156,-0.27084183652069227,-2.768154364026197,0.7765922967215877,-2.4510989442502913,1.1571900348099045,0.9663761530687952,2.8175391062471458,0.23252155788847917,X: subjugated edge
-1.2770164449702281,-1.0478402188698202,1.5066116119787796,-1.9717469361954993,0.994534361151295,-4.385212444284859,1.5447535888245334,1.1495349307919538,1.0572660098940414,1.4102560509595137,X: codependent edge
0.0699195809948253,-1.0406008548415047,-1.0580123645198596,-0.7652367619545971,-0.22218097869479142,-1.360918553143808,0.2904447013423874,0.14357429412318246,-0.24990552327778737,-0.22179350752013796,X: subjugated edge
-1.0762452003187681,-1.4966604767228804,0.8495337832835662,-2.960689792029012,0.4275094550054308,-2.2975362576720246,2.1096029380487242,0.8760226193825431,1.6440600096652092,0.5239334431815372,X: codependent edge
-0.7517558478135002,1.3525939097565454,0.11815192113431672,-1.6755114034022032,-1.1664373636363456,2.20455691634191,1.5827398769399124,0.3797063205316993,-1.7106861735257,0.2489184380357996,X: subjugated edge
0.39703330001549114,2.422447901083496,-0.9054349642388178,1.3099552167764206,-1.2312890149248363,3.8834336157899627,-0.18685235283576096,-2.5596557637035984,-2.0374242701372705,-1.4870944021751675,Other
0.5555820886501248,-0.4757491193126174,0.21665764468138654,1.3080410804017841,0.9612130014455659,-0.4404796090952686,-0.3196657490377932,0.997947696335016,0.9122546794792321,-1.9932458799009451,Other
-0.6221677002542582,-1.32042314684441,1.2199841827735203,-2.635004606138051,0.5913664125747664,-1.9293379909949768,0.9675873894505085,1.4383344595447438,0.33753380128526933,0.679914107124416,X: codependent edge
0.9874051450464006,-2.236925498726021,-0.4543574881584752,0.7502768058258089,0.8229972622390102,-1.8260636960126193,-1.1281048173185808,2.4901375160193826,1.267150217196814,-1.411543210851101,Other
1.157507758021134,-0.24410871852210148,-1.4818420118316056,5.372451443999132,-2.1737209820006362,0.91186971169985,-3.160131476349917,-1.1530549774112868,-0.088974342150975,-0.2790724041134912,Other
1.436301756563291,-0.31636542316144384,-1.9710842910214206,3.744802629072841,-0.28629675961309525,2.4299074531678064,-1.4251091440712107,1.0436764615742018,-0.3465997283567012,-3.3796075624673962,Other
0.5294134071257222,-0.6512961263601446,-0.08426282788190417,-0.9693806150923442,1.098022100256858,-1.0423344322378538,-0.2516291531023392,1.3152536850907464,1.5801266308029551,-0.12203158372364195,X: subjugated edge
1.3634287120856987,0.2213752539762284,-1.004562568751737,2.4202765325152376,-0.3201382688311635,1.4140354485720361,-0.8554814903460851,-1.2754669417496947,-1.0781693539171344,0.6156667416616297,Other
-1.8807984279740577,0.3951731428154863,1.8393570348386643,-2.661179012099855,-1.2245706284126854,0.0017773924729219126,2.1505583230539695,-0.9280646393195446,-1.4653294513037047,1.618906621844857,X: codependent edge
-0.31790654862846257,0.32308325793790066,2.1237576792960446,-1.0799854578331765,-0.26073873343184406,0.5156221456973453,1.6927397386197112,-0.48875611400159824,1.3319217482028352,0.8414306833175781,X: subjugated edge
-0.8670052563234263,-0.3161248719684872,1.579425149895422,-0.7942662299180472,-2.8792884884734224,-1.8023841837095982,0.3278649625494263,-1.2222102573346416,-1.9589978551165197,1.3997757160546207,X: subjugated edge
0.11922586112739209,-1.101621829574262,-0.8993855640886743,-0.42622514125126365,-0.533026281313722,-1.3167540203495944,-1.371092106631625,0.9683271472568347,0.5334372551806071,0.08152905966546109,X: codependent edge
-0.5714492191967373,0.6658330978067158,0.9898763985396417,-0.5342715256780552,0.9715190304933484,-0.7472667117508316,-0.9831274060506445,0.4138526322513854,1.432425466002104,0.3211736759632223,X: subjugated edge
-0.16615784194973238,0.012513759421530454,0.7896358136310059,-1.7998023712889806,-0.5084212383744944,0.9409443502867559,0.37919260072253236,0.14931493527581913,-0.18496304585072465,-0.5121584371843071,X: codependent edge
1.8821748802040494,0.8883575248346502,-0.3006329033777354,2.513468608599182,-0.9922606352122292,1.7187451794217656,-2.1263101575069685,-0.8585989109133184,0.2696444869982074,-0.758790865228003,Other
-0.1697197964203783,0.7900755494722314,-0.6363239533070301,0.6997992181382168,-2.6530544307856103,3.4594975401126695,-0.8365923380506947,-1.722202875215567,-0.7548618016483709,-1.7024314976232948,Other
0.4137923171902139,-1.4217620690471156,0.8751880916658259,-0.1390455077347872,-0.9558701648173136,-2.5879355787067757,0.3344796868309421,-0.977225275466685,0.63126269383585,0.7009854933689568,X: subjugated edge
-0.2322693299242352,-1.4342222074576032,-0.13973314412623478,-2.250375740798032,1.2920884264086894,-3.321532846566115,-0.2078083130618506,2.2405259191807425,1.2088224905266058,-0.22397362424507655,X: subjugated edge
0.07571328795683367,-0.7555407187405284,0.14242064973335278,1.7390379083009433,0.8491693144446328,-1.3338225441257006,-1.0675139286903634,1.3150473018853386,-1.0555675405065987,-0.0038650612778589654,Other
0.006016680436071459,-1.056265408290668,-1.7191887328725195,-0.16651365279887298,-1.1430547445311054,0.2884812114354356,1.130427639444386,-0.4607465363244272,0.07241118112704459,-0.9664341527063178,X: codependent edge
0.4483240659731595,0.7552517759761007,0.628949754086064,0.3322971874527779,-0.562511701389243,1.4840324339229083,-0.08097362550719767,-0.609132388809754,-0.4622814348447235,1.1135245133366456,Other
1.165307535547177,0.35130967598791774,-0.5954093584524552,4.072111299887383,-0.11395664261913097,-0.1829947924920069,-1.95428715266576,0.17119111464062026,-0.06562480893919698,-0.7244136043304961,Other
1.6473939976033294,1.0991839937853107,-0.1259987210276194,2.6675106734935605,-1.3458958248100017,1.2938017565434903,-1.7946215183647132,-0.5516058175846881,0.9777416001773589,-1.3820830033707754,Other
0.30962008190916684,0.3964868174109183,0.5129945738009221,-0.1335795962327363,-1.4207777294451773,0.16386727763559805,-0.1312247299783631,-0.5539890089281031,-0.44513539392357043,-0.3447721423961655,X: subjugated edge
0.5895468860356021,0.20864958187336902,-0.18060050322202628,2.3464572544604594,-0.33641136625297025,-0.26724296877516385,-0.6548648626695139,-0.06667094610658791,0.2990778845811871,-0.5633191913574394,Other
-1.150864509185567,1.1997297803441704,0.15164465840879884,-3.0757022424198546,-0.14548952848267294,1.0684937379807178,1.9080116829575418,-0.2551883849497736,0.16674747652990318,2.8309544785469707,X: codependent edge
-0.08787674241562057,0.4697273397350485,0.5391457730153926,-0.23113021968329903,0.1784532915717335,2.6998526005283745,0.24895068644448634,-0.5018965387395935,0.20763933144236135,-0.9006614889579188,X: subjugated edge
0.940289464883589,0.0681009634377188,-0.5544739906471152,0.43987370137784454,0.6638024189220698,-1.2180232880335142,0.43667573444729557,0.5566377806329318,0.08173339271591713,0.14291950445241308,Other
0.8659686384171532,1.4804530339306854,-1.5666140617075028,3.681145487523652,-1.8652894661150536,5.103381719477332,-1.6787700145903206,-2.415554930852655,-1.5908905598479546,-0.5499743394569374,Other
0.21160973279505021,0.11518088315279006,0.16656977098355763,0.011497468066061,-0.23407577370659713,0.08898814333438976,0.23607612754123253,0.6410027701834163,-0.44314661606213146,1.2212645945285494,Other
0.8863939595679524,-0.30434060491792164,-1.5896450185358457,0.8137665947668479,-0.7134168843856507,-0.7691923520156747,-0.6136505822712222,-1.3000654799776057,0.3613757026470469,-0.518342803367129,Other
0.49076670899381886,-0.8378232587776496,-1.461462647184774,0.24920664833005357,0.05502882514244507,-2.142408960037245,-0.12936899444475358,1.2656832960100806,0.4163211529153087,-0.7545786046896195,Other
1.2003062582593216,0.7030254590454112,-1.1837650170230558,1.3110010096621427,-0.3208242918659953,-0.06464141387281508,-0.4490197882832563,-0.658358304237751,-0.02201790398745196,-0.26830508864815283,Other
0.2893591569571111,1.2370505418424689,0.17941237209754038,2.8772015038530254,-0.954493088582106,1.7739571782364099,-0.3402926059340411,-0.6332692981990796,-1.9481549925524808,0.061043760304039574,Other
-0.35569831557103465,-0.05058740143343007,0.39332311024329386,-1.4675628597124628,-2.1965466131575093,0.10354977136435774,0.4396521910815687,-1.53591370263928,-0.5012609833681758,0.9909134642095251,X: subjugated edge
0.33584125693302364,1.3079156237798386,-1.3583452010390702,1.3241065367518283,1.1017640132715372,1.4668604505279645,-2.722703208090106,-0.41765522775046515,0.7996412717208295,0.5881861669281581,Other
-2.9305943758527757,-1.970015031971576,0.9217056081053043,-5.951909869556602,1.192102029995479,-7.001287812239804,2.465705776586548,2.059429754775106,1.447210407037076,2.2600400044850057,X: codependent edge
0.38288573638504947,-0.0554533748079148,1.2642238213981885,-1.1845297412024096,-0.8378503503188552,-1.1870802115128256,1.100177050787884,-0.010029956499706949,1.3512409714512486,-0.23033581663469818,X: subjugated edge
-3.6484128252147836,-0.04009491210443619,1.117624649018765,-6.090702492601624,0.6404766047673571,-1.0705780107070697,3.911868070861444,-0.4673858067623475,0.35732540452768,2.159515646483505,X: codependent edge
-1.723463407405418,-0.726994372407347,0.9627026545372025,-4.797184884381721,0.3743844767500817,-2.25814173876489,1.6609484093382436,1.190880109906312,0.5368297217656999,1.792021357631933,X: codependent edge
0.45176860094098414,2.383861037981873,1.2697983994289312,1.3986011178934268,-0.6491031442185302,3.5288304179327716,1.5069374112347491,-3.4644127894390113,-1.6451148909954902,-0.6591532183870747,Other
0.47752933726679525,-0.06619263268876116,0.7872464138833133,-0.13395509799345473,-0.35176917737177527,-0.6404282926462368,-0.29189007996121075,-0.6095331981387508,-0.32721529950305606,-0.37155436469698366,X: subjugated edge
-1.1624287801399305,-0.4077307716044333,1.4819546903821212,-1.6380991633712578,0.8057128646451679,0.4231194453494687,1.0015963277619777,-0.5036786375607487,-1.17673379950402,0.37773166675861924,X: subjugated edge
-0.7121020418789388,0.02596211343350502,-2.1674652641796985,-2.0218345772319837,-0.7489671857821758,-1.3863275048567583,-0.7924041388914371,0.26465773108711177,0.5065831000232472,0.2447149986234352,X: codependent edge
1.370540988614132,-2.0028137385258296,0.9817140819789043,0.03485766387415057,-0.24341582937491346,-2.5827467413765786,-1.4279831731971786,1.6926712638074384,3.092610370584362,-1.2356698229975889,Other
-0.48403013157267616,-0.7598679253449151,0.6115334967442246,-2.6018931379726693,1.129119443465865,-2.5014921342696312,1.1050089459920607,1.420033678742378,1.2410148640417231,-0.5956433409782201,X: subjugated edge
2.242920312402985,0.9832399694454041,1.4889489387662864,4.907112330752313,-0.31446709142080387,3.221871028490252,-0.7958018531509532,0.22595187896300484,-0.2733232904127634,-1.9553726309130863,Other
-0.001919853176346149,-0.6289453549327747,-0.8750069784740295,0.025804438747227265,-0.115934358194515,-2.1792107577671933,0.06517133434873501,0.18258230314069754,0.21883039052365247,-0.7466792957632371,Other
0.4080361768812668,-0.8288751628002715,-1.6976442430706409,0.4264514286501968,0.8228022428546368,-1.2791749732844153,-1.380745405991147,1.4491066424442853,1.7697302626826137,-1.1827724839562737,Other
1.6168743984986076,1.3095256365144003,-1.2486575426727655,3.003579770782724,-1.714669859913943,4.268790339357932,-1.8181064275811405,-1.7042289039647183,-1.398973497399352,-1.2118308731054501,Other
0.13102711619341956,1.340254400951829,0.22407782325967548,2.25409348138654,-0.36301544286203363,3.011343613725436,-1.6312493592348913,-1.233223666003243,-0.7529329100099367,-0.15532407393698786,Other
-1.0023439806908012,0.5169904721611418,0.8419459639078803,0.6079375867252759,0.014422498601512401,-0.9539672836368572,1.4128028327599322,0.5987166443089962,-1.6621510546688785,1.2188715513154342,Other
-0.10972745169429012,-0.4551173340386673,1.0853509789123525,0.6126806712073188,-1.0176226172597185,-2.5383242841486418,0.6448346205760133,1.444817345313658,-0.45940110776056325,0.7799487831354596,Other
-0.03561073619009093,-0.23947106511632352,0.36466634272204457,-1.3504477345430725,0.6981516707467809,-1.1359200843466741,-0.6345878397526102,0.17017155352573315,0.6773518695036966,0.7619714660544274,X: subjugated edge
-1.3647416522015654,-0.804149961574959,0.360893569781276,-3.58109585653331,-0.2730664233013814,-2.3352301555732575,1.1074651964878002,1.10552227433551,1.2119075224297013,-0.6263007454202328,X: subjugated edge
-0.25583207134082336,-0.9947731190286448,0.9563236044203249,-1.781454383236869,1.4977928281092305,-1.8926900770935304,0.42883269894213843,1.6594242964057453,1.890639156611467,-0.5049519379498622,X: subjugated edge
-0.7421920939974367,-1.0444164883084324,-0.32132044299379514,-2.035260206241658,0.467001288676099,-2.663475183157836,1.735283822406489,1.2417972629734002,-0.5233326740167765,0.8576824427114228,X: codependent edge
0.9243577571874341,-0.6180544067852075,0.08872265167945675,4.56357403087143,1.2699177982609262,-1.543774571171363,-1.4491883507306733,1.2203871110814384,-0.4734021050722066,-0.3945152559992507,Other
0.03461187418525562,-1.034720990684745,1.1874302749671175,-1.4814540825695064,-0.6857827714737488,-1.3276719489285311,0.7569543522462878,0.21763000225450327,0.9633503483998913,1.1641243747910617,X: subjugated edge
-0.28279574914757005,-1.563705118543149,1.2309814196220286,-0.7403514538331789,0.5206024346446978,-1.6816273172473348,-0.05203781381818007,-1.2816854861938012,0.5378019276423485,-0.7593033214080994,X: subjugated edge
-0.10618193062257626,0.21940266975390574,1.375370687794474,-1.1207358045710012,-0.6606318059730599,-1.693217863422241,0.2801481744217428,0.6892706784455602,0.41960243800355257,0.07774807419773444,X: subjugated edge
0.22312201840616613,0.23459558089343707,-0.5629136664107461,1.7768864655587406,-0.45526847499506656,0.7125623078683473,-0.21303844842028768,-0.9018669401721572,-1.6747106477989695,-0.5658263578564484,Other
0.6168141996897798,1.7007927584283167,-2.1191254615217057,4.2696678874658645,-2.6476850428462657,4.320671562965365,-1.574739350599436,-2.648220696815013,-1.9834692580057158,-0.8950876484645569,Other
-0.9997122286693814,-0.6683383683547026,0.6463673475480585,-1.862676805103358,-0.6533457582471144,-1.5665473169161364,1.036156335738495,0.04202851004125949,0.20931491729977358,0.8742189212546323,X: codependent edge
-1.0415876326212719,0.29610058962327057,-0.8258424422698236,-2.0885503223884223,0.36092825823423746,0.010613831436241145,0.6591032066185105,-0.6475102709520795,0.3242101266679036,0.8279953432375693,X: codependent edge
1.10467921540253,0.31271257927480167,-0.33297009237443487,1.8345735250772843,0.3681796960348463,-0.04329506270663419,-1.3486131315193115,0.11132653525629599,-0.9692952644425672,-0.9153883847211802,Other
-0.4123368722047306,-0.2538375611255331,-0.27044782678360424,1.1712067465982576,-0.05623879720907288,-2.2214522621875634,0.850661033212506,0.13183638553350346,-1.52362667655773,1.3533704492094745,Other
-1.416842092596874,0.7443335887496761,1.0542644066836269,-2.2870205739477143,-0.45695002892519315,-0.6657189461354662,1.307940745027084,-1.3012796887007476,-0.4753199940510181,2.674754568639396,X: codependent edge
0.44381270938310463,0.7752291868507144,-1.5017331933996703,1.3689875404323115,-1.6559605056155333,2.3090513946635793,-1.0818060652316088,-1.2146276051765095,-0.5532213914739676,-1.6892104595083643,Other
0.4633698060326869,0.32741109519753997,-0.7799721691403095,-1.8516872778760984,0.5263555926878607,1.7637429535171179,-0.42753137469676283,-0.03348332440739108,0.8014261841660393,-0.4968374959393344,X: subjugated edge
-1.5307152572567064,-0.25563970504779554,1.4113929078540515,-2.9283298763407926,-0.36625875875781977,-1.9472356558796557,1.953413402350479,0.7227922658109045,-0.24848072472280677,2.0966779235841138,X: codependent edge
0.2294817154636063,-0.35753010855453504,-1.0352778387989852,-0.8880980863643406,1.3090353767895548,-0.871226927067821,-0.15481537065010853,-0.14807358979009844,1.2844345784604445,0.03778231776186458,X: subjugated edge
0.7355830924283736,-1.3677538987970592,-0.6146084840677697,-1.3029806820612306,-0.03577158061556626,-0.24087749861840646,-0.5905378360382477,0.4056762221519523,1.291216268688583,-1.0091786359841062,X: subjugated edge
0.37438645170626306,-0.8059177786176916,0.3621056405561424,0.07355260551841736,0.013786919964969911,-1.2981260601175997,0.2339306956376977,1.1546156560755587,1.6520269481481762,0.08191565101754011,Other
0.6319814837613953,-0.6220075239016879,0.6739952746089207,0.463639713596282,-0.8444950278512023,-0.6948000031594678,-0.4147176248708884,-0.39332432719294236,0.10387665354315101,-1.5545289494816936,Other
-1.404269098090749,-1.123971762429434,0.8417580734362642,0.17192837742599876,-0.23856130962381328,-5.158733451074028,0.6304146330502404,0.05807453558254694,-0.8114011546829788,1.1490317391089937,Other
0.3310401549961956,0.43992396668766426,0.35810565067111433,2.5193139334443995,0.21300247356058347,0.6728411563009635,-1.1578617505097903,-0.6768100676699438,-0.27956055885516695,-1.3490025543729052,Other
-0.30261975947044656,1.19662786898701,0.5274021593323256,0.0946718739836796,-0.9296051774153151,2.245872063173104,-0.7887368194293432,-1.3915272690941867,-0.9815065318728461,0.7867056108829584,Other
-0.4827901587246448,-0.9080624323291501,0.9812890800581275,-1.1672914451593959,-0.44977479043362434,-0.3176569227762973,2.125717743366598,0.4057639665014503,0.8957732499225803,-0.34036392869576193,X: codependent edge
0.8705556094197265,0.28344143574463715,-0.09780943371110601,4.869575657935461,0.02428450395213244,-0.6227506817573656,-2.356511010405387,-0.35912187710676824,-1.4797315934378985,-0.45662577768335166,Other
1.47927451067423,-1.0341111395297102,-1.980881219939317,1.3020797651900986,1.748025541750959,-0.23564959087974324,-1.1055598077455384,0.7907709870987268,0.9313418106329061,-1.2844765460617165,Other
1.794370054600359,-0.30492217093916213,-1.158408573452531,1.992547105448983,0.14882089547553684,0.710536682693259,-2.482713157477013,0.8755302266085119,0.980733715583039,-1.4493788017965885,Other
1.314807871505905,-0.6903295791777758,0.1417382655490514,-0.7876851928147521,1.2241801532767322,0.20229892293148333,-0.03249295504250216,2.0632930750511194,0.7274956376356108,-1.3492635703061269,X: subjugated edge
-0.10973418163018368,0.6018956486064415,-0.2909838974953747,1.4868238782925185,0.5213392264657649,2.6513732965157404,-1.7005471385868682,-1.6496405993352852,-0.49470462846673,-0.19478096387907146,Other
0.35272016302634307,-0.6787881738421783,1.5702464360785846,-2.3343043442158002,1.4758845039103927,-0.5082387478253694,0.26575034755314386,0.008083694073665715,2.5043551022865085,1.2457167428347151,X: subjugated edge
0.7668228717842437,1.0116604137066467,-0.4127937368283606,2.445865673185431,-0.9630459574043769,2.634323219913895,0.329643966858006,-0.439973260030714,-1.8559966149374527,-0.9831901275906099,Other
0.12117794929946196,-0.24572077366219902,-0.2753857661553173,-1.2981610994521156,-0.3953210395109983,-0.44856405443095165,0.32010011586219705,1.183743367936004,1.089303694513797,-0.14316580598747425,X: subjugated edge
0.13076418791154437,-0.6496037095948308,0.9325227383822706,-1.4954785191138131,0.0772613982930618,-0.3294008968931321,0.0686129958202697,-1.0749138173505517,1.3134831062176202,-0.2785103844178335,X: subjugated edge
0.823753131876182,-1.253305262345163,-0.30607100493412154,1.0865602543765882,1.0406574968356275,-2.107391097032889,-2.2127797772738527,2.01985219629403,0.9354541772006261,0.24010219740760208,Other
-0.059282646025932216,0.2532045102953498,-0.2566777455187611,-0.5576705432067783,0.15766716827991656,-1.5122422160422075,-1.0629093925771922,1.1094567578410348,-0.14523975132798014,0.027686555147442567,X: codependent edge
-0.7292869363736615,0.8952184022261802,0.7590024622553082,-1.9518748145866875,-0.46753160520877424,1.7982985016700304,1.9303766327146692,-1.5286122233881922,-0.7531413660189886,0.05235934012537802,X: codependent edge
-0.4144730658358585,0.2733212565368742,-1.316726617485243,-0.9585982405428096,0.4391759839124182,0.2636705547631784,-0.5428530794317598,1.1773891205278406,0.1087495713167636,-0.11955402270027413,X: codependent edge
0.6339103777337424,2.238831666414424,-0.5251600604369371,2.851035276038036,-1.3232108288799254,5.932495145603155,-0.765622888057008,-2.408064333466789,-2.357563985655473,-0.7744668629172733,Other
0.002993291199955732,1.4297874524704182,0.4811302323414327,0.7618681386858485,0.029542894788775143,0.881515856392441,0.42691496468065104,-0.8230684687680251,-1.2844249681335085,1.3260882246845223,Other
0.34020997686833787,-0.3075277647170156,0.14349604627812987,-0.07247450196459981,1.177882155599786,0.51506638312875,-1.167713446641762,0.22126780764734888,0.2513168424828557,-0.21607205161110987,X: codependent edge
0.6700792422021898,-0.31802743380706927,0.5432045440685047,1.8042279301103918,0.21768003444185108,-0.1594327326059751,0.04735024805931898,1.0872479853701769,-0.002781203201900173,-1.4479266993345725,Other
-0.3748414628976096,0.4696967194853532,-1.6704080613740864,0.32595126653663153,-0.5124172547902118,1.3353816624777828,-0.7852641409468861,0.04297878394198984,-0.7231708400718024,0.16636278345331784,Other
0.7562481636298061,-0.8380191804256851,-1.798850837391748,3.7170996882349927,0.8019690683261085,-3.365224168818563,-1.1563919103669855,2.28293248286338,-1.1193978829061333,0.48695776078359754,Other
0.37884260345839443,1.1662883065324867,0.47026018270796405,1.697507941862109,-1.2194831479499946,1.6613451301035913,-0.5060530607779876,-0.34302811964419444,-1.0409306188910807,0.9122216186787461,Other
-1.2348130869114786,0.3616005218435837,0.7426373803008806,-0.9666824581831629,-0.3834355907500724,0.552483298208827,0.08045959127313718,-0.45060894038314686,-0.7984186295541938,0.08792611061526001,X: subjugated edge
1.4423047911862443,0.2564589108585328,-0.8465432191966564,3.5716815994678806,-0.011800749973545133,-0.9255976194022449,-1.7832024408871914,2.1336294407544276,-1.757027940672605,-1.419880002706394,Other
-0.5007447437569161,0.6869536677708163,0.39829058375870263,0.1912576594770149,-1.4878274139936316,0.5219045472726579,1.0353725333401047,-0.17164310076997102,-1.1904114709234166,0.4188905578095401,Other
-1.6550953431851838,1.722829883369059,1.0976696515975324,-2.0789786274934454,-0.3146334936845556,2.9361112681085952,2.0308179174155545,-1.0283204584006018,-1.538043328601537,1.389346338773041,X: codependent edge
-1.0450437095863023,0.17095535218750518,-0.2815930927566609,-1.3626664888546571,-1.0769049562330522,-0.598243632377064,0.6802640409502745,-1.3606895426857113,0.6497653822283066,0.9186180620061113,X: subjugated edge
-1.021045160678322,-0.11304037087138435,-0.43696713624838357,-0.1375005565578613,-0.5176782471119237,-0.9326237936395388,1.2427475489547257,-1.2956994799675536,-0.5401726977321808,0.24010335706140135,X: codependent edge
0.05217331865753347,1.5087196233225784,0.5752737085411244,-0.32367741384098336,-0.06198793502562872,3.92625821006677,0.06704767044218599,-2.2432051810609623,-0.43164248277489337,-0.6396108005587566,X: subjugated edge
-0.2738505055462372,0.9675504159911353,1.007123149972915,-0.3866104766179297,-0.816968715412713,-0.21654799678492886,0.7008005321589028,-1.7935478491224814,0.3013918178598075,1.2891700596295208,X: codependent edge
-0.33683196764059287,-0.3209798403837223,-1.1092529035176661,0.677969432402414,-0.05356682782601349,1.0667173079151047,-0.6063649906227992,1.249606799683757,-0.3412915547667371,-1.0688662620184948,Other
0.6197019654824789,0.005186448659020086,-0.35750656325361896,1.1497492807531187,0.08240279665014501,2.005948044878146,0.09180905498910386,0.39850810700144257,-0.019022981015812308,-1.1918573064244862,Other
0.3398753611927038,0.19538091593879858,-0.29028303267407973,-0.6597749594079871,-0.7292632333414548,2.580604588642067,-0.16688747480654034,-0.9347340294840971,1.1236114433105908,-1.2683177607964395,X: subjugated edge
0.31604787064428624,0.36181294460498287,0.5999545158514503,0.11399592828442545,0.7114497906795382,0.12491230807670298,-0.38477495348009105,-0.053109060820475576,0.172886255087482,0.49493580897100004,Other
0.40982845732869266,-1.356599850939114,-0.32644543503058426,0.08480212193664716,-0.3503349404396398,-0.37244840186826766,-1.5710440986561358,0.666489362810583,1.0943767867371201,-0.27382151477021865,Other
0.6161346680022383,-1.5424846078015602,-0.45520161094994616,-0.8905798324084853,2.709094400338304,-2.5037507422401544,0.1617792302445905,2.9759939388961545,1.4691774797994266,0.21393005926251296,X: subjugated edge
-2.107953341777443,-0.8873900220024538,1.8113070174322745,-5.26276591520894,0.22977194203621948,-2.5214005135203177,1.838004375789126,0.10984156859126637,1.229728302779865,1.2461473735673312,X: codependent edge
-0.3644382522644612,-0.9647384430113423,0.10546773497612849,-1.124576341755321,-0.22165836212629375,0.1592647486656933,0.374837434304764,0.8860723588888566,0.5268862576867377,-0.7965359650149961,X: subjugated edge
-2.180210064489474,-0.6438240139725026,0.8923773639001072,-4.651694263211444,-0.2337663464943035,-2.872065543678696,3.801177124480582,0.6027374865169653,-1.2089317920640466,1.3075339389384975,X: codependent edge
0.03605992679779541,0.6347106420900043,-1.3077775183175728,0.7749465679124814,0.8109111168553902,1.426960786885295,-0.014412672041272723,-0.7477739865972615,-0.4712362361872804,-0.57089490166033,Other
-0.00463297222434532,-0.16892915632473834,-0.6816781216876877,0.25152909448158695,-0.3653713641942252,-2.442953264410836,0.9050817660290429,1.153284275263914,-1.0055094293340032,-0.02376014295592671,Other
1.0455322747896802,0.19639460501018827,0.22091059729304519,2.3070335859809066,-1.0797551198277981,2.277348915114011,-1.0883330467162513,-0.8548641625724966,-0.35617820957329854,-2.0433556877199437,Other
1.1876343927211208,-1.2243034100422616,-0.19594200748545748,1.0921911777915354,1.1013803956386972,-1.8668676810717384,-0.17566740029414118,0.6692861421519332,0.34689810271903243,-0.42382372372324223,Other
0.20277504825236733,-0.46164220292094515,0.9301080031662321,-0.3995779747334493,0.2998267949096235,-1.171468217801864,0.2864690599494472,1.1208136945401843,0.7964246662101093,-0.6128743079602577,X: subjugated edge
-0.5003610773968998,0.5872576617448404,0.6664138180095107,-1.2080838898377997,0.3728189007075303,0.7300761389088206,0.9496697167283912,-0.23180305812425986,-0.2318229021281603,-0.025144456889035327,X: codependent edge
0.48516111254573785,0.5949524581768018,1.4861000714498678,1.2216779414841443,0.46834729143582243,-0.6065647757234117,1.8205054825228075,0.07086317200780967,-1.3070225634262094,1.1281283997504363,Other
-0.5279176373243135,-0.7245738281879079,-0.5853462429429871,-1.1266358002378132,0.35245743517640743,0.41607225013496735,-0.07645194944338868,-0.18647363317334076,0.1580528206034315,-1.6881747272573113,X: subjugated edge
-0.001392651443348899,0.1616623863795536,-1.73083566258502,0.11914110760819491,1.6251265424290675,0.8575885032838072,-0.7633907193233451,1.2193723430398942,0.9099357079684319,-0.24421875224541978,Other
0.9861363169607678,2.198847853482332,-1.075324212629767,1.8551516887469048,-2.0728343227447596,2.801683387862555,-1.900909122034943,-0.9525900619534755,-1.0753073211450728,-0.6926665342560676,Other
-0.5577713459894236,-0.017597929255638137,-0.642737366132609,0.2301701083975265,-0.9289515655136182,1.8662184858557112,0.795448111663451,-1.351955054877747,-1.0343048622207642,-0.5262370652698006,Other
0.8056786392425009,-0.6931869461424454,-0.7889570560943335,1.5274925165518107,0.34626629100140816,-0.392285011496471,-1.3797598283893024,0.9413666450496142,-0.378373018406878,-1.1403319051145442,Other
0.6774013686923024,-0.17376238936216024,-0.5356622618396399,-1.5610265207186411,1.6046308322981993,-0.331188213564413,0.01793376751709408,0.2634233950433005,2.2526720020307596,0.43688021362670293,X: subjugated edge
-0.9547918171308215,0.09217710752683304,1.4361519295439313,-2.5613511739464636,1.5332582357771645,-3.267299138726156,0.124927299834247,2.6380379201526964,0.3917595963199514,2.719945272373586,X: subjugated edge
0.973894128217401,-0.1511683806905494,1.3042877165088422,-0.46115504814957886,1.4847366198870262,-2.2400887227980473,0.26798743014113346,1.7112321230797614,0.6214290284386421,0.66327211846313,X: subjugated edge
0.6985663453715051,-0.03135470067650179,-0.4453682607128268,1.801114101390496,-1.2935634707996617,-0.15868080260142903,-1.2071104558966925,-0.34700702907999387,-0.996170882636574,1.0153123148910739,Other
0.10192588737265744,-1.4434467969368396,2.3747499941146972,-0.26482568488502345,0.5196615216822431,-1.5958745498788838,1.5400813113197787,0.3955321755575737,1.2770760687729474,0.05854103547476541,X: subjugated edge
-0.7623234580276522,-0.9626304750859512,-0.160499807952225,-3.15624748297557,-0.4917512837697501,-1.165341194333045,0.48934830030156673,-0.23885727746411767,1.936015748734093,-0.8957111511582792,X: subjugated edge
-0.85920601857557,-0.14933523707149754,-1.0456486799181872,-3.0361548114763757,-0.5723751225771985,-1.7591510343561563,-0.22764157818272523,0.41413850190522544,0.14156584585170667,0.20006102589665015,X: codependent edge
-0.5376625769030224,-0.1652679700224367,1.2505321580845323,-1.7375415398369052,1.4937916041559618,-0.9918053406457745,0.6760666911583103,-0.2257119489011078,1.460780423529815,1.4087701631021459,X: subjugated edge
0.54259446329196,-0.5661892748600006,-1.54032054622509,0.3136804437330485,0.20335694022833248,1.9106368169993337,-1.737881318314241,-0.482182804308801,0.45366638878337734,-2.3913201552066767,Other
-0.9556251674013979,-0.17701358607643694,-0.2271727087633873,-0.6248819037866514,0.04729236712035895,0.7590868435540816,1.2428319730981685,0.16066520363739767,-0.7426861709445601,-0.23448377574560453,X: codependent edge
0.4375122486198699,0.06101485541420536,0.580701101276535,0.8765141942539585,0.9286085602240572,1.4618440254748837,-0.8532967029595226,0.4721752126978526,-0.3418282568510609,-0.8032584602808981,Other
-1.2417555288783926,0.8894134565245253,0.49941836059560396,-0.9242587574615899,-1.573465304182832,1.1635393885134862,0.9557459298772181,-1.0900959238799481,-2.0002901870048957,1.2600456299786045,X: subjugated edge
-0.20406858443884895,-0.09921173522605088,0.4241718895722659,0.1913460551196695,0.5945307888673348,-0.6850340497149694,0.6028584734135116,0.012303683047003522,0.42796546060581586,0.45337277594408004,Other
0.10964775457400863,0.3991032052982532,-0.8892674357129385,-0.06080700371107062,-0.9192462849414016,1.2073795917980592,0.7277147320850604,-0.022878322599006684,0.5051145056762156,-0.9969379286656804,X: codependent edge
2.4451301450589167,-0.541600301433921,-0.2903216922231542,2.568817869171138,0.5139633125931047,-0.7244628406513268,-1.9714663209634675,-0.008877317989982259,0.6430884905381802,-1.5235915839180685,Other
-1.3773156555203674,0.5720957235984819,1.598739155628766,-3.0399622328671847,-0.43512553235528495,-0.09532375250485958,1.5705364217693898,-0.15489501709140874,-0.764014425881326,0.40179251572803387,X: codependent edge
1.4720145664901334,0.3757302976123567,-1.0264142810031476,1.8764173027797002,-1.20197115007811,1.924930017474978,-1.3606712024819954,-0.662094231743323,-1.2760098279157321,-1.6271948432428298,Other
0.14984241398728004,0.8658170031798195,0.005610690837993815,3.491367885776999,0.6524561180159169,1.6097447668561573,-1.664955161369185,0.09472931494369718,-0.06491523324370962,-1.170785226627443,Other
0.41117191801596314,0.7134604624444878,-1.3723135145429046,1.850770623842272,-0.2296754215515226,1.4028674215642785,-1.8249042955743189,0.24804925241260267,-1.5850641719289538,-0.8066579546988389,Other
0.11834791338820451,0.5887356228811461,-0.2921305407516058,2.410037184189529,0.04454165558921913,0.5097068113093337,-0.5017445525382143,-0.7630072309743721,-1.3333015747195753,-0.844981175956568,Other
0.444726818195233,-0.09841740865778026,0.18566638529630883,-0.1469651166937841,0.35736486668514167,-1.2631070116483503,-0.7847221033125753,-0.2611809023629224,0.9363195531275952,0.3534462508202796,X: subjugated edge
-0.15368510436201774,0.24493922704446816,0.6562206098812143,-0.34486937759738523,-0.513682188842326,1.7366928110343256,-0.7900618642144995,-1.6811567223760853,-0.54938995722111,0.27450249068405097,X: codependent edge
1.4540501814574582,1.0635089284515264,-1.3907286804446735,3.086811232953399,0.005739782297234264,2.938048948609562,-1.073031553917508,-2.3093003662470166,-0.9423949328685024,-1.5550825610958687,Other
-0.4564711442247224,-0.6520745694027944,-1.536350329352392,-1.0254409548078072,0.23598720931071757,-2.615550085976333,-0.15418674287204298,0.4632695526898103,0.35093851903919454,1.3387068585857664,X: subjugated edge
1.1322345721792477,-0.6284077786968656,-0.11332948566926015,1.9120962032717457,-0.2652295398011732,-0.5382888216479634,-0.794975262223722,0.271310380459911,0.9458866009466573,-0.4441563671514476,Other
-0.6443671202130229,0.18143139795036198,-0.07566438691436295,0.008970056508299074,-0.2771875690901183,-0.07807141795959194,-0.07126699731747643,-1.0753702975111947,-0.06040940732405814,0.08320834097701651,Other
-0.06025184640128695,0.41527969026545347,0.7351016923729167,-0.16822984986282535,-0.22222529402011293,2.265965392360032,0.4355293698665266,-1.0647859249094722,-0.9682186122946049,-0.2364808371504591,X: subjugated edge
-1.0719625522902192,-0.8241064992640045,0.006256920073697492,-3.6980755086905512,2.1522438656421436,-3.448588455757424,1.1926246228316228,2.7291800069589147,0.5803139998080198,-0.30534398003081076,X: codependent edge
0.4550237203475199,-0.07476256341330836,-1.6319661726468424,0.4130193873902457,-0.6606422922984163,0.26825348733057874,-1.2743246083791797,0.4156627262528036,-0.31544121069085307,-0.8413565726565115,Other
1.4451259569265338,-0.09399877422878479,-0.400627972591813,0.24411234492729106,-0.9648734435800214,0.48785365088966626,-0.9306978759309428,-1.3098991249806384,0.02852395146429909,-0.7980487527596507,Other
-0.07735617982085408,-2.2152801156034707,2.151205361714264,-1.9185411669716594,1.6764306004830556,-3.122678921039974,0.42901418626822296,2.084092818580799,1.912677803313937,-0.9315764682279573,X: subjugated edge
-0.19688569870390954,-0.21959398925875973,0.7709928471290699,-0.5404562913990817,-0.25887391404881077,-0.35611904333071126,0.5677250399782986,0.3527042493644075,-0.04074273944357161,-0.8001124396354026,X: codependent edge
-1.1146169630679268,-0.1573178328484663,0.7870408264112196,-3.768040230284657,0.5773948802090344,-0.5326698931780497,2.047004806380569,-0.09202219753999075,0.31481608061533345,0.5219259030406844,X: codependent edge
-0.2292926535523081,-0.16029294282301915,0.27824924296442544,-2.028135071515387,-0.5657359295772401,1.796929294524939,1.221196427180252,-0.7408829477465679,-0.09632111036826504,-0.7009386108111921,X: codependent edge
-1.5927942597215277,1.4159142745772682,-0.9167002631375936,-2.0022192779769075,0.6073575508422799,1.1665085333884677,1.7777721800914754,-1.0423091458908238,-1.4014624804018883,0.7970750529997629,X: subjugated edge
-0.9128779867188273,-1.2157982985088753,-0.2889731911966983,-3.401045874185096,0.268892439920422,-3.6269620890145644,0.7687968655752939,1.850845985845202,1.8119299014948544,0.6615079704790807,X: subjugated edge
0.22678604610913541,-0.8246225712046127,-2.8801811849360326,0.6268129385840814,0.8102806482047533,-1.5623197405613483,-1.442460601659757,1.869144196984653,0.36912412883136464,-1.1154265481947958,Other
1.3190131977413961,-2.612195798319334,1.1811232129098554,0.4488149625908808,0.1947820542915133,-2.736233409060735,-0.7943461396161728,1.495213659826479,1.8661993532764716,-0.03537344148241406,Other
2.809210861229503,-0.4809166661741407,0.21739301174894576,6.630480643701001,-0.1783109063003228,0.5544234652900584,-3.3646948580231646,0.6258609127711936,-1.4921823980095195,-2.2579445922072248,Other
-0.5865850850709007,-0.39564355412600094,0.2723474756255543,-1.2715127188346638,1.0616186105329302,-0.10385660993751977,-0.4461795944656941,0.7696522256760064,0.3927557484922127,0.4239654165922932,X: subjugated edge
1.43530015664544,-0.5099771763342562,-0.2890680316036057,2.4212250279497605,0.41987928838185185,0.6156571216842507,-1.3325969606796473,-0.1847480573420125,-0.4772018377692536,-1.8724820584106625,Other
0.2437524804016479,1.10767733948376,-1.045135365946988,-0.297967858070302,1.9020884860320035,2.7250003138654257,-0.7343416118237034,-0.19762407083595088,-0.9815322290992393,-0.23005297084652873,X: subjugated edge
-0.15124764674637586,0.8606175223369632,0.17048128085726708,-1.9236367543142514,-0.22603594396112872,2.2250854285961457,1.249319583050421,-1.6953549575334597,1.4316458822144005,0.21397728680570366,X: subjugated edge
0.4325944517261522,0.07785672426730414,1.3326044769989664,-0.2180667962022236,0.15171600998282736,0.7413484586753307,1.2613255228866402,0.882171089156616,0.207004947757331,-0.9001597907007151,X: codependent edge
0.06191648367995918,-0.37061305353986224,0.3461870610784489,-1.178712843250163,2.0052456818805244,-2.9972955135162747,-0.405517791389606,2.34467437899261,1.8845910407066055,-0.0681900649924806,X: subjugated edge
0.11039572561221853,1.0261896681068639,-0.2646781399489789,1.8824818434961916,-1.392091257772921,0.9225280434366534,0.4118423291305595,-1.7040131282585302,-0.35764261577866907,-0.18330925590961095,Other
-0.4083331628266692,-0.01975785983585163,-1.3769995506329884,-0.2925211381575209,-1.4107283738810104,1.4834106419391773,-0.6712015740952759,-1.1068188577778009,0.4253805464273555,0.09117680838454137,X: codependent edge
-1.3981096597988507,-0.8182700389184578,1.4598721880442311,-3.237521702959648,-0.5925134984630875,-1.8287463478561854,2.2174869867218927,1.1380172831168855,0.18491056340393822,1.6171336658680007,X: codependent edge
-1.5436252025220816,-1.7162486774845516,0.2948916359059392,-4.491528817797044,1.1062478690686384,-1.7845825749425823,1.8949334341292927,2.6971097549293144,2.8128777112103505,0.47881582430900904,X: subjugated edge
0.653244883281227,-0.44131449389568267,-1.476787379962904,2.339618035479516,-0.968841328424729,-1.2185769241491702,-0.2229183743334241,-0.9408012787887525,0.7158862262947938,-0.2185474288788618,Other
-0.2767000900857134,0.7546436171726086,-0.7011087412417731,0.414427103875355,0.23103848905634172,1.4058170560870125,-0.4774563820815356,-0.5730488943685903,-0.38607209541333554,0.4141197631965503,Other
-0.5960888996561666,2.2765386895430897,-1.1832844991459495,-2.100932200030336,-0.6550961502957191,3.45814923069329,0.6753164155121407,-2.0464010756938165,-1.4524828125027562,-0.5834202166419302,X: subjugated edge
0.008505626723153567,0.06161034618947592,-0.607781345594699,1.1837958729399596,1.1978456976689278,0.268773473618537,-1.6844913526509337,-0.08525940093227863,0.203084430284395,-1.1591555493106753,Other
0.7949322529156275,-0.7653555151203043,0.14132253538861722,-0.7126903202987228,1.3998473167158139,-1.51243808267897,0.43955771239230323,1.4934341994279303,0.9618385869793618,-1.02523810227868,X: subjugated edge
0.1803639430263982,-1.184965208284214,-0.6507945732082707,-1.8906903349207327,0.5642478362602988,-0.3824460274045274,-0.44689305732740775,0.6176764312173317,0.9024411114390967,-1.5633756904156901,X: subjugated edge
-0.6560549366409674,0.5519548963055988,0.9867472533675626,-0.0037720005367150033,1.0587171997024312,-0.3486591942030226,0.9332814680068555,-0.3427389913803865,0.2831480638631071,0.8992654200899507,X: codependent edge
1.2262929556489497,-1.7646160523842684,0.0003936402421617635,2.072131675919267,1.4382982385998493,-3.363896076082684,-2.447619957895579,1.8946891992818526,3.0574676368286235,0.20905360551527952,Other
1.579185502981632,0.5503451014048882,-0.032609808041905164,3.149614712292381,-0.9665407414044771,2.3967941288273114,-1.4905629562906166,-1.9644988713547,-1.6721185377494456,0.1720606298864238,Other
0.4945566553228533,0.8177116062629123,-0.4899124795316169,-0.4649052867680347,-1.2723166564835588,4.513869919184668,0.42523144242879574,-2.7281661525972676,0.05779400796652512,-1.394375774844132,X: codependent edge
0.9736635113440901,0.43627945323286405,2.197816486470023,1.956710885289886,-0.6865866095396405,0.6531147137009611,-0.061256633373668046,0.05253071076125859,-0.8025569386178317,0.6952472848905692,Other
1.241959996813811,-0.21966167193855743,-0.8034266227165193,0.28492895094330994,0.15389358293462357,0.9923217232607799,-0.7579149071013856,-0.3212439505593867,1.2681618376655341,-0.9764762385500256,Other
1.1300993164045137,0.5649406535468146,-0.8009109541960937,2.3308102433488793,0.31349071534375533,1.9614941340976737,-1.1820680709060456,1.3185133940133582,-0.5565927687643382,-3.011387136106817,Other
0.6140991771126236,0.17093837112829996,-1.4761548353595666,0.6136198468197016,-2.263609344057404,0.3061904513672786,-0.327842204046499,0.3320504606406889,-0.4393521193914013,-1.1245484920855024,Other
0.5983470470748828,-0.7781238418605918,-0.22205518405093166,0.29781995136114736,0.25238295996224874,-0.07919194265590324,-0.4050593942259879,0.31730624708916416,0.4464777737220008,-0.8326727395282549,Other
0.5196605733465026,1.8504123223750257,-1.3417661737215343,2.2556574439926793,-0.32162910452857324,1.043015987168972,-1.6923988565081443,0.22174740786784275,-2.770260045773859,0.28888598678681077,Other
-1.0973376745470436,-0.3516793796105163,0.5799313121377454,-2.5537753106939114,0.5339793198041861,-1.099216778051364,1.1263103562589756,1.2072311256604533,1.8669157375379797,0.14693754946470394,X: subjugated edge
0.7007231568595857,0.7757523004499094,-1.9049645544521796,2.748321353213491,1.071064199551691,0.706530491148706,-0.18186373937226064,-0.5838206877464784,-0.984260306920606,-0.5483547231809596,Other
-1.355813971126554,-2.4186142826957147,0.7343516157710301,-4.118245296206828,1.126716944500069,-3.9793418009527053,1.7205525139690303,0.3846035321876111,1.9814147990851034,1.0105594812246261,X: subjugated edge
-0.7945994551250549,1.276470882780929,-0.769595177905368,0.3268514693828672,-1.1190342585011224,1.8272191887329527,0.16229703081612712,-0.9448022252109571,-2.0599748696067532,-0.9433265603333922,Other
1.3035650678080875,1.4687637446545818,-0.6100090323510261,3.8144149348669147,-1.8890966490354715,3.5857286745945385,0.4396299989359529,-1.9281943943960393,-2.6578768325004556,-1.4996775160548976,Other
0.8402201626941975,0.029833787126638218,0.3839568362918923,0.8059695052995778,0.737692042873557,-1.528925956548553,0.4120272312316192,0.6331072682558962,0.02771678749399009,0.870930686183687,Other
1.4873982896858626,0.5587710347377585,1.1506157305122704,4.271626422479037,-1.2215210171065949,1.1470683882339947,0.01477879801496984,-1.1403898661296235,-1.2341420504712524,-0.7689891355380254,Other
-0.27167438368729224,0.5585151816075627,-0.5315614577947351,-0.8606648486165511,0.8309840676031941,0.5651077614592952,0.2025599806911195,-0.9028362537333832,-1.1072324158744205,0.7871069126193628,X: subjugated edge
-1.1522488412767675,-0.6427835696407243,0.6168013373750802,-2.2344000864351345,1.7540654536530815,-4.668210542350745,1.6894526088396924,0.9511471330585497,0.9139112338442876,1.6573982926088244,X: codependent edge
-0.24043719707034283,0.5471223054393403,-0.47661260818017864,0.7359015142658122,-1.4495271115816548,-0.38796328995532714,0.5379012790088071,-0.5326509648324702,-2.0501083466432233,-0.367723877893831,Other
0.1020312972405742,-0.8086304698725554,-1.2121411553766548,-0.14815739206942324,0.316788912234735,0.5113780583818458,-2.2590985020140284,0.48324633737938905,0.7272992077399246,-1.5208717945553571,X: codependent edge
0.07898871634000969,-0.6087569236453261,-0.6689365001981427,1.686695783415743,1.27823085305928,-0.18526880551543023,-0.06406080272208503,0.7614581836037152,0.6709334601393881,-1.2310691953788675,Other
1.1336804787567016,1.1269431432122987,0.36053205573166897,5.886116005541963,0.5286170453690513,1.2947984773882961,-0.8086253284900189,-1.7468700030363853,-2.682273058803365,0.6051842916731137,Other
-0.36127042500344553,0.9746576907002027,-0.6231984053972608,0.8435720736957008,-2.457848282671602,2.9437885504482164,-0.3843186685286149,-1.7686246338936666,-1.8155254013489799,0.17684305476354215,Other
0.35203447180292424,-0.7063755021157926,1.683363344802927,0.17197053438769522,-0.5837131959303977,-0.308175098176351,0.34690969127594573,-0.5668382676974817,0.682178626288886,-1.1975613645636618,Other
-0.9886271494346061,-0.7335763435010406,0.2873613239517625,-0.9367971776391208,-1.243642255523369,-2.8187629991988947,-0.29610355726240334,0.6794378924138488,-0.8002820555943762,1.4376824929315073,X: subjugated edge
0.450317278043813,-0.6455966024576721,-0.8384871335047634,0.6448573764458438,0.8485436285437133,-0.24139586208063601,-2.0685147436378877,0.3154664095152887,1.109224245431039,-2.0630759483060874,Other
0.003108550185636745,0.7326395664654908,-0.2642454677794386,-1.4170795235764297,0.143445711308601,3.5688951601799146,0.8136349399463979,-0.7067071726320654,-0.06540467638344738,-0.7834998049974623,X: codependent edge
-0.7498133382845175,-0.9999847808103971,-0.9005268488425764,-1.706842128891824,-2.424604998674059,-1.9438612030238334,0.5037412865159233,1.2819040105127502,-0.9424546049848336,0.28632083191967306,X: subjugated edge
-0.2358293621748528,0.3567126390359526,0.8654021037786345,2.2767894573865517,-0.27775282977851945,-0.8243059127295438,-1.243456127077684,-0.622453919702739,-0.32562902211701206,2.555265934464222,Other
-0.18417574651522164,0.7468468106342946,-1.3450300639117976,-0.006048292681890603,0.4026866049562775,1.4566015938034076,-0.8994201249251983,-0.709357247845203,0.33659797542009945,0.4098061326618585,X: codependent edge
-0.2701551293370962,-0.08824545029310012,-0.8942032003967916,-0.12881972135609482,0.30771667784875234,-1.7799915697344408,0.46063870687166375,0.6438730821759617,-0.5952843498462975,-0.5026914004740799,X: subjugated edge
1.7713412422676835,1.0100636968649277,-1.237306872603922,3.291344978145819,-0.3437186492013052,3.015061836056059,-2.095304804663001,-2.2511675164585228,-0.93459597166669,-1.4984967176464759,Other
-0.09844600230787963,-0.30431016948979245,0.3805281502579999,-1.331276511925982,-0.4381687991068113,-1.1758703753257962,1.1788258846957806,0.9691636588531735,1.0440542207202919,0.9599011806894521,X: subjugated edge
-0.24389611017733773,-0.2138556009939144,0.9079928189225162,-1.7830043951505337,-1.050722392804515,-1.6568389281429088,1.3788327006056111,0.4330216565751,-0.9051978322406389,1.6395141145000713,X: codependent edge
-2.0974509576101417,-0.9772462311318565,1.7501539089800577,-4.810468884978506,0.17012394224883,-1.0727640554618618,1.343124070265597,1.2028292560169098,1.0765317758421564,1.6778957228955071,X: subjugated edge
-0.8942073519794773,1.0171773476202053,0.7688102058981741,-1.5283343735878046,-0.3062262973672598,2.2399912346578073,0.9091270325021625,-3.433507964637653,-1.6703456072117437,0.6260534469450242,X: subjugated edge
-0.26307342445635284,-0.7665204469788703,0.06489744379215814,0.4667659046411602,0.8345263498623685,-0.16446145735103368,-0.10955815055779222,0.7558684188153861,0.6117785777792207,-0.5150742707165356,Other
-0.6858526761766428,0.3497718177150592,0.8596948128698485,-2.460210528765348,0.41381923519200176,0.8411682725112136,-0.14067654784016126,-1.0307598769538933,0.27651179643062335,1.269097561895648,X: subjugated edge
1.381707593377797,-0.07131606712593476,-1.5802441505806648,3.6304725512758016,-0.025878138298649656,-0.09723846878820938,-2.8380963064361002,0.8849219760797137,-2.005255769303938,-0.500106987022133,Other
-0.16493777539621862,-1.0527830631116626,-1.6130158732167195,-1.7976638924145187,1.1963607260945852,-0.7713653016153562,-1.2066699710816555,2.1173704395183193,0.5890425899001179,-2.0245773875177644,X: codependent edge
1.2884442493182524,-0.6091031438233208,0.6536959535329052,0.779142998744022,0.6280096321835349,-0.9042352380274588,-1.1528640650333606,1.0304391097231613,0.9492520712486403,-0.9786650877836198,Other
0.061704634050368024,1.382872239040734,-1.1018603833073772,0.7464641445568636,-1.9368632748752563,2.4802972425030023,-0.3296933150935738,-2.811076050829426,-1.2879584450204165,-1.4020952456303566,Other
0.037227836421576635,0.20165754263448052,-0.23174727758797184,0.9350235116813557,0.1717086665836453,-0.03355739609792824,0.6509529526800453,1.0467464008804777,-0.5235864296788733,0.03454863643669985,Other
-0.08879644771250095,-1.009150341366842,1.096214046888951,-0.9316070718790055,1.4240775674069444,-1.0704327088437404,0.9451273737436809,1.2010018070936406,0.14427628736653597,-0.6656723857048401,X: codependent edge
0.0037962516214591325,0.30532828734869183,0.332719328203753,-1.0822271551686478,0.4386732787255534,0.8987422805446315,0.7096556891862125,1.3224350600904045,0.4673337467061258,-1.0247716580626685,X: codependent edge
1.7187950030498593,-0.1461140315945451,-0.20809978809798757,3.7139791739610533,-1.427288079759229,0.214912463789098,-1.5827045230342645,-0.33365381204875794,-0.6072580302848583,-0.22465529980749888,Other
-2.3196107267512183,3.4540464022441815,1.7656136715742474,-3.811129833338302,0.559746441697274,4.94044432102358,2.9864843447314926,-1.958542888731877,-1.613661107564881,1.896676058810358,X: codependent edge
-2.001545744438679,0.2851238413422724,0.6001046925547385,-1.3924443127621284,0.23794733205296414,-1.175470151142981,1.6599251837859457,-0.4519948700047681,0.20924336793329362,1.4301159038665006,X: codependent edge
-0.5431708310561139,-0.3806248470663645,0.08029729350363607,-1.2120688194518467,0.1543218301569614,-0.45066159989290333,0.11240761792913456,1.4101301422067625,-0.08660284309298855,0.744082586174817,X: codependent edge
0.014527881937568883,1.4200279177871042,0.024806549980799328,-0.0999532924719807,-1.3538514120113594,0.9795356206148462,1.4230927477099025,-1.2179286605252337,-0.417496088619573,0.8231949594254347,X: codependent edge
0.6901044247640123,-1.8410361672928455,-0.8769556888167392,2.284826816098216,1.4313027714442557,-3.3599972197047956,-2.660065345951166,3.1070321420055156,1.120928371642889,-1.0674584904305344,Other
0.4730871980274752,0.09432015638109745,0.13813565036720646,0.406665347989546,-0.4988356161055939,1.2418730865990204,-1.6976325788358841,-0.16206024562306048,0.8009270915497257,-0.6029333967248237,Other
-0.3842459128805702,1.9944284946810726,2.5256058752043797,-1.4434832540292368,1.389782523587713,2.055782318973727,1.7117318941026018,-0.9056982298381834,0.2436548864990179,0.6741850578356873,X: codependent edge
1.0190436932417624,-0.11619928435975406,0.08279536357028577,0.6956742521851991,-0.19595503893462418,0.08671102516416607,-0.9257616177240308,0.44531731792334284,0.9093404964701441,0.2817427694936988,Other
1.030195403152731,-1.7333010446480788,0.14935387963804467,1.3726687061616991,2.1962988043011813,-3.8508368014835037,-1.78317556915262,3.370215627239997,1.6320583399502524,-0.6827357083157046,Other
0.18405783127156553,-0.39591796441059773,-0.7940788158303371,-0.6361367188685936,-0.14823145297758072,-0.5109031487676859,-1.286337053950152,0.992785049897416,2.3778945136864045,-0.605294800196861,X: subjugated edge
0.9626575724868413,1.4545180409590368,0.7089534215205191,2.038664541015565,1.0133745560871248,2.0038386205334033,-1.0962684873272337,-0.5312021251143667,-0.5123565695713795,-0.08077942857232118,Other
0.2726452634321288,0.37606959632077114,0.9045012194228703,-1.0664651740254196,-0.40256708715460376,-0.18366855050083408,0.8717940040143803,-1.856121267181075,-0.16031735673539185,1.6506970144078972,X: codependent edge
-0.5614830267828836,-0.8388561095125178,0.8881796085597158,-0.4179315018273215,0.34902143782296047,-0.2754886662109324,1.730100917237364,1.3939912586832133,0.6312107590776326,0.6945585225994071,X: codependent edge
0.6978168390000047,-0.685242807179024,0.4654021278617952,0.9521198022392494,1.450852374928993,-1.2805159289350327,0.9157402522107679,0.08778707601182134,-0.07963796835282755,-0.5429904479683462,Other
0.11061312257867771,-0.5597002711498134,1.089114495435776,-2.096760124362651,1.007428168030442,-4.586250160249747,-0.7846167356449125,0.8993721960903127,1.7668458784335606,1.9063845592463442,X: subjugated edge
0.001339846754486929,0.36119788405399617,1.1424683665836495,0.227038507601865,0.8712331949984987,-1.3211985182153518,-0.5122367694868717,0.03433188418089601,-0.4599515813498953,1.4722010054982329,Other
1.4729535721895743,1.3381961329386531,-0.20133985849673838,1.909990731368964,-0.8091601337871468,3.1355183698710976,-2.2720379713411054,-2.431095522207416,-0.3309061544145522,-0.010720523948929195,Other
-2.4508721285400865,1.052423012799171,0.8005266000617861,-4.275782155038576,-0.25611907733434025,0.3348686293143185,3.1650338207603754,-0.6251935269944565,0.22470946055099772,1.4076411224847223,X: codependent edge
-1.4176841701595697,0.45601218210912847,0.8905874563668609,-3.032983649608538,0.5355386810736306,0.1784643223069975,1.776945823799412,1.514721575056745,0.3770768594180497,0.6788173310339052,X: codependent edge
-1.18707042637437,-1.3316447600574832,-0.3793779786187696,-2.0696524581330755,-0.1597376277150066,-0.530534917703971,0.7797321417546225,0.6923974891864195,0.229473921209304,-0.9012489018040755,X: codependent edge
-0.3632606475688056,-1.3279325139934413,-0.4184279649116543,-1.9678679758527076,1.0161333288106373,-3.7131974395793907,0.25637442185194526,2.027619130269715,0.8780796155535733,0.9307703861223386,X: subjugated edge
-0.2546081697660301,0.5332520212137634,-0.07789733000451526,1.2747691107133412,-0.49462930920636455,-1.6220765231313072,0.11331862096843297,1.144245174003395,-2.770517360129979,0.20757368916242877,Other
-1.5073256477730475,-1.3454710979328943,-0.8538190034807337,-1.8229454595727126,0.7446784028428508,-3.3668185808591726,-0.09458085129142324,1.9911685189856088,0.998962226597631,-0.8071387254685364,X: subjugated edge
-0.9851580323108263,-0.22556702106860427,1.0544937347665697,-1.7734730257360383,0.15704858225516258,-1.5616488870727259,1.5982702972167544,-0.24378535292701986,0.8760367979161277,1.9782713031989656,X: codependent edge
-0.8608416785235702,0.304150446186177,-0.2908773387163104,-0.12535245681319718,-0.5501884561859915,-0.9938803718203646,0.3751325772300732,-0.29793654283126775,-0.5646336440964477,0.18553557832462908,X: subjugated edge
2.457424092075892,-1.1375939953626888,-1.0669054290413291,3.2033904971404406,0.3705290565345869,-1.0427311855079133,-3.2234166472349868,1.380518709294567,0.3490265655273955,-2.0993656631596718,Other
1.8017419477471466,-1.0242623343588635,-0.7630050014207406,2.379541534331749,0.5305765679093682,0.7338111274269783,-1.2639446274311499,2.082316056283835,0.5718586022129972,-2.6860576689127766,Other
-0.4117494176846493,-0.09412106456781866,-0.22240367618123968,-0.8964374348787126,-0.45428279701240754,-0.6697865009687234,-0.11061031822251172,0.7767012952488448,0.9579549276365256,0.619284693156109,X: subjugated edge
-0.3635832903067989,0.5036502875240538,0.3589352677120365,-1.5406304170456753,1.6843343577559269,1.064764011011115,0.6048209533315485,-1.697199968516299,0.13171678487669924,0.7705142409233379,X: codependent edge
-1.1492039971882941,1.0615187704137568,0.303452891788047,-4.143225353329996,0.44542753656703277,0.5129603290832819,0.904722428222323,-1.2378501005022853,1.0228698101484888,0.7972290456112121,X: subjugated edge
-1.9081304132252668,0.6070534347705518,0.5935028693911654,-4.231198900211151,0.010355433843952933,0.455129911938847,2.366708180313581,-0.5031501728083362,-0.8766015815996874,1.0628333856112497,X: codependent edge
-0.11688018640852403,0.07365659499219453,-0.4392555969846448,1.2403180503593458,-0.774641411803416,-1.02337302232483,0.05511735183500906,-1.1652963784589545,-0.09562219292437768,2.1766929347983366,Other
-0.9978519832440257,-0.7461947535570493,-0.4508275042567109,-2.2145390095458426,-0.5821118737674624,1.0012396612957923,-0.11725852062510489,-2.4773729473455526,-0.057998609101129805,-0.5095070377389705,X: codependent edge
-0.08485053166200977,-1.0709069958445192,1.4005875008241182,-2.825193915379682,2.504193807574084,-1.3499405335147074,0.9354046917712596,1.3858535944787191,3.2106611412654535,-0.13789234753966173,X: subjugated edge
-1.6002058490434774,-0.5108770883291476,-0.8232548360485519,-3.025393669919294,-0.27417767603323506,-0.9482964211527843,1.0957062539155564,0.2570699064161586,0.4025663192169314,1.3951755782305808,X: codependent edge
-0.7619744583102578,0.40993558498056715,0.2218182457969986,-2.7681860661519044,0.08328829123121557,1.2038970920860066,1.0547987848704972,-0.6639354697899578,1.567393073753,-0.30044507452289626,X: subjugated edge
0.14862709530283086,0.33662370662734287,-0.4820278296285612,0.021276359155335933,0.15754431470582028,2.2089487111056467,0.448522846238959,-0.9292802796601436,-0.5286505365629981,-1.1661918399052955,Other
0.3662095977839374,-2.0999019857251224,0.4088914151096583,-0.5292268174615229,0.6514326018595056,-4.722698796068602,-0.5526431504214867,1.8991696287192412,2.858808370755984,0.8464220354382719,X: subjugated edge
0.41747195874201454,-0.785677028267503,-1.3606784454333207,0.4762612875179353,-0.5553006228295879,-0.17535955712864837,-0.4244575191161062,0.5966886223664104,0.44440274795747153,-0.165147340612549,Other
-1.3204889841570373,1.2045075516061559,-0.018286599211606913,-1.7518284311173549,-1.144379989827175,0.7955683712535864,-0.31147515990804886,-1.7697994946009494,-0.4150866501283963,1.2643491404687288,X: subjugated edge
0.8546857301355617,0.07921504780413943,-0.28724979739813755,2.4320887006276286,-0.3933585366492714,-0.1824959067447591,-0.860265317897063,0.7923852395099773,-1.206251673290165,-0.48716954212562386,Other
-0.8002116966018503,-1.417008913102986,1.0605980216439954,-3.4317954195179663,-0.23615446012860974,-1.3831709787508288,0.8714329685854539,0.9997729896789721,1.1463613123062686,0.24998662235556857,X: subjugated edge
0.6328579146073064,2.3558211815981513,0.13464424888455706,2.4786005481197386,0.37781221786544195,4.159061763565854,0.6718303911777805,-2.250485640385325,-2.326692474971261,-0.5857348080470344,Other
-0.010638676618193147,-0.028941732314764643,-0.9425068216778366,-0.5119815068315356,0.062107132602761586,-0.5661872507795469,-0.5334006340237457,-0.7937484828550596,0.25597620638470003,-0.3430504996749356,X: codependent edge
-1.3763874990779479,0.38433395931340797,0.24373919998266386,-1.9973733471973913,-0.40338903551722016,-0.7239714605452149,1.5979648479293669,-0.6295028879118013,-1.6614653292913113,1.6870575345775465,X: subjugated edge
-0.31619770458118795,0.3995247560451345,0.6827152863033875,0.7798924550789836,-0.23001688739028797,0.9737886195790887,-0.7769638098820024,0.4319143237936107,-0.40866672428213713,0.7723218546173567,Other
0.3653637420637676,-0.36759546616018607,-0.9408210625405378,-0.3902273490788753,0.9041358158731305,-1.6229123312378668,-0.961210758207504,0.06479118490569813,1.4414480293237584,-1.3083996968140026,X: subjugated edge
0.612965380474599,-0.7275736818213943,-0.5464816229706476,0.5943856050765292,-0.3033720731994777,-1.3642703205051987,-1.3404106662679252,0.8560724414238066,0.8473320683691374,0.10873890939535724,Other
-0.14098789744441861,2.1216749850659404,-0.12588236614100007,1.5561541340432203,-0.14337788947276353,3.914159693539494,1.9057272007915076,-1.5848586065514643,-2.470959649286942,-1.3728527189483177,Other
1.5317788906010528,1.0032058696177506,-1.0187487924431484,4.117030554713207,-1.5863073923694178,2.1889091882047147,-2.1073686923912245,0.028681998348956794,-2.741604458373896,-1.5736394882178066,Other
1.007510770986559,0.8219372011086765,1.6251851021144812,1.6865570952574966,0.39435492349161416,1.5908467231890784,0.030659522207686432,-0.14630458751485387,0.006450189718497312,-1.138067591028022,Other
-0.25665411639975283,0.5762891917182107,0.03608841809980329,-0.3302937543667208,0.08777051198254504,2.4744311885236976,0.3036622271511035,-0.9163898429659072,0.9957621550325771,-0.5508862267103337,X: subjugated edge
0.7501218121369445,-1.0033173903616845,-0.1636900980708184,3.1048469903052895,0.026902738352104667,-2.7006372617302175,-1.8283606214370667,1.3168714216032253,-0.1591270060989156,1.1009121290233712,Other
1.9337934851881868,1.2775301917402737,-1.5326167006937084,5.363965199116104,-1.2406307715956721,5.099573939407423,-2.5345491871106445,-0.9389149978512801,0.5802096103400276,-2.966823800038618,Other
1.960484600783027,-0.8431326580117493,0.12962293824277704,2.1826572968698787,-0.3813694253149462,1.3643863952448423,-1.108458243891079,0.1629749928952252,0.42810610516950287,-1.9317430566301685,Other
-1.2279998808224974,0.2832867981506457,1.0030739753198261,-1.4586245908984359,-1.6827169650880012,0.3214177493273599,1.4366749059417587,-1.8426845111500922,-2.353841011947531,1.5329636207510495,X: subjugated edge
-0.9265331111571506,-1.6393899054645689,-0.23051457773207384,0.41112303996011,-0.1296054370976124,-3.3315838087127387,-1.1341399556175227,1.573246375824429,-0.3000264957837906,0.13358980301289147,Other
1.484918786733851,-2.0408588506475196,-0.8622366010606876,2.182732580106891,0.9178043524705446,-2.5426680336693686,-1.9269391439061483,1.9912924791711362,2.2563563356277516,-1.0916441205424305,Other
-1.0582810508376372,0.3182912026531147,-0.1469512083844341,-2.644223854512473,-0.6848503516579175,0.5361646010655684,1.4931989904404022,-1.6843136290390643,-0.3022115525121205,1.8589145083116199,X: codependent edge
-1.322541133291679,-0.8090992671949081,-0.2621834921644337,-3.0252953452037987,-0.7853258629215584,-3.2299122346770335,1.315090473979465,0.4443185613244394,1.5502045857244968,1.3374303680041701,X: subjugated edge
-0.4861941306990469,-1.9891675712972732,1.26758574032595,0.6058097845620447,0.1396448126980352,-3.0748815170433597,1.8485841950398658,1.076971170671166,0.31644631345917995,0.29792190950345393,Other
0.42022670947458574,0.5406095029470755,-0.4607526775704771,1.5643233794409055,-0.3590941711634158,1.7521455907451304,-1.2617442400801222,-1.7037510356307046,-0.35840384982541124,-0.5250347219202955,Other
-0.10239670661109637,2.120080771050789,-1.9942068169447789,1.7996887666487877,-1.0141794941575792,3.5990604349151463,0.14010161379246533,-2.310528608200229,-1.6765594472501835,-0.08068907746828946,Other
-0.6505636204055921,1.3895602585800617,1.5748698250821762,0.8407323000937083,-0.7492852375887319,0.33998954702611073,1.163309600374287,-0.41715950019482817,-1.2495620839523154,1.4350686020246062,Other
-0.674212461724509,-0.2573178852656725,-0.6841851851994484,0.6024354242997765,0.7293981317872709,-1.8452261921074733,1.3919428886578344,1.4272636983195692,0.0608599206089247,0.2506223734425338,Other
-0.7123370644127087,0.00884530669694572,0.4171982519364106,-1.1494938389797722,1.4360677816116234,-0.2274672818021335,0.7244703372437463,1.3496605982080467,0.11677641592276367,0.8946962174979813,X: codependent edge
-0.8795096286589426,0.8877062567839132,1.926304149180825,-0.00634587089691907,1.6176511891865817,-0.3830511655904614,-0.009137530910156677,0.26408801011511923,0.05673524048474907,1.4569175777052326,X: subjugated edge
2.2816328772760617,1.1221280198349068,-1.1218437735622397,3.7565498922345815,-1.9767075125921245,4.46699420491222,-1.579113427579696,-1.2842664930263117,-1.0652015930078433,-1.8980070732024739,Other
0.2975110711855549,-0.3435357188256987,-0.2313141945812613,0.5756938014018295,-0.5956130384916231,0.19757902205979044,-0.6598599494317158,0.06360935790654484,0.25930122827697416,-0.7772284200819395,Other
0.8867590544047386,0.034177715724574294,-1.442096421607728,0.7787986035876265,0.4939665182990737,-0.3645747179129184,-1.5961848890533945,-0.6321364732196991,1.1510638228398002,-0.3778160535269808,Other
-0.4890774681189237,0.30061480676453645,-1.5484331622607401,-0.5032778509502964,-0.8211433469827911,1.1772383040432985,-1.419809145230467,-1.2741020353549843,-1.4628293639371985,0.10139654794234113,X: subjugated edge
-0.18595667718604886,0.5538763202788318,-0.024380460229860984,-1.2088937831743327,0.5897748149359872,1.1148771833266864,1.3451459250406315,-0.6053942676562079,-1.72301816802947,-1.6552750563086898,X: subjugated edge
-0.713553981370355,-0.13307644201126692,0.43660059715332,-1.3792318094219704,0.10109156601158159,-0.2028703497418176,0.3408098743946248,1.196317843690909,0.9812474533404822,-0.1071699246971135,X: subjugated edge
-2.651708334919202,-0.12008524506874427,0.9091775393093893,-4.6039148109913715,1.1057364394138516,-2.215897399551605,3.5791879750630167,1.3951633798781249,-0.3922199436538035,1.587792810763748,X: codependent edge
-1.3780092768478662,1.3798323297543882,-0.35941494358854564,-2.1018027529657024,-0.02927889065771805,3.084486999966047,0.5483378618264143,-1.8579579206068835,-1.2282291273605686,0.6169198936394751,X: subjugated edge
-1.8106186799803947,1.2095207024428862,0.19352314362788023,-0.3636126725793549,0.0211193629099653,1.6929499685893088,0.7492405230058837,-0.8575934769605306,-1.3001373416152469,2.2583122668459756,X: subjugated edge
-2.2497837779516074,0.4774105734360883,-0.8828463160963915,-4.339465037547773,-0.6258267104429545,-3.1907857892522937,2.279703871742689,-0.9416353068409414,-1.0365503596443504,3.9194825790250336,X: codependent edge
-1.1953589742981028,1.7191090700229286,0.7846273297462047,-0.12084694554792852,-0.7094201724303438,3.436886689538717,1.1946004673591972,-1.7248962845863638,-2.5697713797351924,-1.0776262989332097,X: subjugated edge
1.3249556793816308,-0.386445762226417,-0.5825650067015091,2.2423170213593,-0.3802349091254842,-0.8716825765363314,-1.303550018068269,-0.2833035016508253,-0.3469791768649818,-0.7772452879206051,Other
-0.04443616770435442,1.6229734486293805,1.883505701341692,0.7851006663640576,-1.6577077465329648,4.0139049316353494,-0.08031476383031289,-0.9089298553071614,-1.0003136201313851,0.6530834216370437,Other
1.290563762321174,0.5425154435355505,-0.4645119808192371,3.2883525465750276,1.0419510984622438,1.0477122718764935,-1.5201707291317295,0.0478115090011203,-0.04339143242791415,-1.131636360126289,Other
0.4109825769008753,3.2710261222145895,-0.7763738978893684,2.6402506105538857,-0.3425409769082708,4.27708067137298,-0.3360833190026231,-2.445295427818709,-1.8000982132810874,-0.038552230794555054,Other
0.7825588257151592,-1.1924819267824778,-0.37051165910570644,2.3034401953108232,0.07059421277516564,0.26857239993515813,-1.7280343612030766,1.0943224954356752,0.3746218184130391,-0.4924963049540063,Other
-0.9008969953045751,-0.6893452522173416,-0.19354778995493865,-1.7913578303102125,1.119942561318968,-1.8069425060159503,0.1842604703698465,0.25015546053577675,1.5514762745016029,0.2202998306685226,X: subjugated edge
0.5239509541926708,0.4187978282005477,0.219498244045448,0.47402772497671974,-0.6490123500472292,-0.4726673848004319,-0.6095238338796447,-0.5247386552912684,-0.8990298873865297,-0.24986238273093303,Other
0.7287142340743459,0.3972340529789919,-0.6015240242249721,4.224231021656759,-2.0707785114949906,-0.1811178523747926,-0.7673908829214984,-0.43303825356685843,-2.671709393331852,-0.1810397943927075,Other
-0.5766472922336929,1.9501389841750185,-0.711342376326735,-1.7178900990866,0.3315014127845354,2.29387847601012,1.2220511340569367,-0.20891036326769363,-0.8990096918910488,0.5536686018912857,X: codependent edge
0.5595403706161663,-0.6683746832995339,-1.8603370675856663,0.8949267089927304,-1.1269612018988524,0.21542177631622195,-1.4817718081129125,-0.8667127541694152,0.7486322372494196,-0.7614648996994753,Other
0.5661877585748329,0.9049185186938843,0.29388927074790594,1.6267269853545434,-0.21454761331221153,1.9745982658645942,-0.8102661439039887,-1.914186243052455,-1.1279144817010311,-0.7757857454391626,Other
-0.5495526211300829,1.1624630046819957,1.268992471528622,-2.1606431413823737,-0.3306557727482624,-0.6416663230988515,3.042989052053945,-0.9740414162170734,0.1645276424293759,3.1341783959344487,X: codependent edge
-1.122768432270995,0.7046478322206475,0.7712057062594603,-1.570534148621536,0.3918098552713717,-0.2219861252025622,0.864229876877431,0.4797192425079071,-1.063566493911115,1.2667475073639967,X: subjugated edge
-1.1841283318982723,-0.96099634192432,0.777380384334489,-3.2144795364914245,0.7291223347846564,-1.8906201788879988,1.0949238009973272,1.3185496478091012,1.4135021136234385,1.65099127426994,X: subjugated edge
0.08650554192146179,1.407758805254198,0.6323632039373684,1.2357072995115226,-0.19723950697476406,2.6172509149525296,-0.04870049156255499,-0.6343548250194385,0.508844475325919,-0.29815172599963624,Other
0.3270098687893148,1.2293249313154138,0.22374308680241484,-0.05699474338149213,0.14856839357053486,2.050242568136799,-0.3521498383631202,-1.8753246870597116,-0.7232693505680412,0.015704151366109892,X: subjugated edge
-0.7925258304579145,0.5995845197903774,-0.0725633241946011,-0.8130191758972742,-0.5396231968473238,0.7073105008911355,0.6200570242178362,-1.1215094416265745,-0.7441275200375144,0.6477396578197234,X: subjugated edge
0.02658534132609864,0.20434768720895413,0.6441901085067099,-1.4818034443173462,0.6660684388364896,2.787937887069737,0.9605439010284014,-1.5006141972749718,-0.022826389187828505,-1.4491807594625872,X: codependent edge
0.5705370361384854,0.22610801004437128,0.8384235946885938,0.5981398037764367,-1.3467556751814647,2.7900016637806404,0.25237863296105756,-0.8824870982994064,0.8330541698257468,-0.7284836413777456,Other
0.6181907146653008,-0.07873579223937772,0.7715808140321979,-0.9345746416089638,1.8929151679738134,-0.14414688986703095,0.6913900028403293,-0.7123009108647043,0.9614180030702402,-0.7952215703009143,X: subjugated edge
1.5518801201224885,0.6407851342526418,0.00812361853754795,1.5130158885986105,-1.5011817780578531,2.951494682068305,-0.377232955794395,-0.1566243744351571,0.9557074049542975,-1.5166732438885475,Other
1.2769808321980434,0.031134852944977556,-0.5187180671661977,0.8177850750128803,0.016018468067534375,0.451444121162136,-1.0347446751614144,1.1499732718533582,0.22193156575844242,-1.8950162259655123,Other
-1.001291432756544,-0.8485249753526413,-0.09713663592946628,-0.39959244656780113,-1.0996473034099385,-3.1196129023002186,0.9894910659469799,0.24703506402633293,-0.33408011796194714,0.6589760713687173,X: codependent edge
1.6835862095380225,-1.048591644827592,-0.567264739346118,2.445046950667838,-0.13072561903864516,-2.6732749095783683,-0.6864062826578028,-0.4068126257051441,0.14638598849511286,-0.07675563618990311,Other
-0.5309765045557148,-0.7520362536522921,-0.5427407400122867,-0.4587230075553079,-0.4103183725549648,-0.308190311072418,-0.6794084005906049,0.6611684130243675,0.41809422877650554,0.2932279007314764,X: codependent edge
1.0448728124544275,0.22213224254945177,0.2989937133429166,2.8740043398071,-0.8552560395394484,2.237584521184235,1.2245509633422174,0.8428850191408656,-2.136086993093211,-1.5935491014136312,Other
0.06798662605108885,-0.026955836435207322,-1.8823900247666996,-0.3004477964632205,1.1185468256147246,0.009554065853141114,-1.2825043285790365,0.8803645736182272,-0.05065601984523138,-1.4851766320823088,X: codependent edge
-0.4121493784569676,0.21534379328874922,-0.21367852291415249,-0.6177213238283626,-0.2663928283513385,-0.17410484240729457,-0.050266992645374986,0.6073533751435262,-0.6047694730853914,-0.1166999377052842,X: subjugated edge
-1.8076968597749328,0.500813133546111,0.690004742736437,-2.3447054622988603,-0.44387510542960634,-0.5866486358354199,0.757349048057272,-0.9392276313750709,-0.2548697763278176,0.17873884429696685,X: codependent edge
-0.1715645102163482,-0.6273209259168789,-0.8405893913141884,-2.694088190547089,0.3711566839305846,-0.17226136766242806,-1.1362049493949222,-0.015896333668615426,2.1696510943663787,0.11812863561309928,X: subjugated edge
-1.559383235305609,1.4656601683453478,0.970150110086212,-4.168477201411988,0.3771281732065772,0.6286642279384516,2.3366305276853048,-0.9826839551880382,-0.7929466423147006,2.454778175276272,X: codependent edge
0.9672992358427723,-0.2677108270474744,-1.237798635232859,1.1386807892526665,0.5828203007237094,-0.14887896691102265,0.4201611454948231,-0.9819767605942724,-1.2854020962594392,-1.4896026746903182,Other
1.516792657139248,-0.433426984781509,-0.9730547670864336,2.5166939220229727,-0.9549554003770824,-0.38470826461859964,-2.000899221149592,1.5934067294019032,-0.781580582400561,-1.2131178365043211,Other
-0.7969109892966902,0.4823862373324524,1.567883364483404,-1.885959531199628,-1.0298892434463967,-0.6878515148182991,1.563718152085688,-0.7205023026898479,-0.3995731447097365,0.623740567867345,X: codependent edge
0.30197074251927114,-1.8365102023750728,0.7231828765067967,-0.40205165958150463,1.0167449509933353,-2.8004825631411023,0.2640791843227275,2.484997595503561,1.5778006625686904,-0.514509793270787,X: subjugated edge
-0.7253915220079754,-0.7905344497229193,0.7720624387559041,-2.5884527912437783,0.6069101633057693,-2.85361118093121,1.6416551607587073,0.5198790144826307,2.076707635277325,0.8642628786660597,X: subjugated edge
-0.6284847301367896,0.981072798691833,0.45412208898980333,-0.2904604553704513,-1.3257077507369064,2.9123721551384394,2.3397543360360524,-2.4896878642441984,-0.21934394075509578,-0.019057971258959028,X: codependent edge
0.7744947038653713,-1.7374219290621107,0.07869891232322415,-1.0878568790287406,1.734605353837014,-3.676790038302276,0.5952735461326117,3.152999979033896,2.4403040127525353,-1.1669522684320046,X: subjugated edge
-0.03853826184341251,1.1175741969331559,1.5025334499513403,0.7244655493159609,-1.3588196053434816,1.1592484858636896,0.526049288125102,-2.2927246810619075,-1.3186322379392297,-0.900587769456388,Other
1.7396480419310116,1.5111365663591347,0.479959876980528,2.359322440908979,0.9863491644843719,3.6731105981395458,-0.6921783600247948,-0.4278662280744523,0.24791886228012028,-0.9318832705831501,Other
-0.482232478702921,-0.36945533782374834,-0.7728985359457354,-0.27398297037490976,0.27477867442919685,-0.611136430781462,0.48491339990827975,0.7330555153505393,-0.43895508535350214,0.9885395360829753,X: subjugated edge
0.9993363324744892,0.29181276742631007,-1.518567213643174,2.1797261767261267,-1.0429828124401685,0.5959154460441327,-1.44792546887101,-0.6327383634086458,0.3204770203405235,-0.5039263099403823,Other
0.09741341295778198,1.1190870848510266,0.7937759391559656,2.0287146059151167,-0.49533734394144896,1.5435959333551659,-0.5378129872207,-1.650655295548571,-1.1160638760193642,1.4430083944605494,Other
0.7957780097442332,-0.4667891880435197,0.0049109032269359434,3.1205557065340064,0.02980666049999703,0.43505368082938334,-1.1937057647783198,0.2512807104879652,-0.9184394246881603,-1.0891205718858084,Other
-0.4471576573299467,0.8677755205261815,-1.18101769691608,-0.35436387592524793,-0.29075165415450105,1.8682997067205185,0.6650247675821354,-1.494208004295947,-0.14702838906572535,0.659535147456993,X: codependent edge
-0.04955883755158271,-0.6711487951306716,0.544001727118767,-0.5579668762418386,0.22387960810598656,0.5673345507234328,1.2204509022336696,1.210990689414901,1.6913226750889607,-0.741823963191159,X: subjugated edge
-0.11549887929893475,-0.47760229333317933,-0.0650535965383793,0.10190091721089034,-0.683309891736117,-0.9464390249625809,-0.09832548259745971,0.47937246434229236,-0.2401630674728368,0.6584280414515047,Other
-0.8360571148457872,-0.7993364643249737,0.5857529671559984,-3.2632666333646574,-1.063284721513825,-2.860502355809722,1.0864232168996055,0.10497239873908612,1.528930773064027,2.1167222019384333,X: subjugated edge
0.6620815345817527,0.3426471991948034,0.323916001905969,1.15396796630935,0.5269086711358126,0.9954983453879402,0.5471489159186045,-0.4461401011562597,-1.4721978553091928,0.09044608073894883,Other
0.6502490055783642,1.1579690525655495,-0.19983260993937174,2.8968388483695526,0.3827911268069154,-0.07678886074703478,-1.8558130826814643,0.8842676424754624,-1.6551167973854404,0.9299282377944313,Other
0.5935546949055667,-0.18411293211716429,0.46814635107444513,0.021952906087017277,0.29211889439610395,-0.27228218943344096,-0.569264486324817,-0.707009788048882,0.08259193870567061,-0.7542888447308725,Other
1.5369656539176446,-1.2712491599124032,-0.7954980582326687,0.8333236728556822,0.8407185269639038,0.3596310936527183,0.0027051694690487516,0.17330038442242723,0.7633782089936934,-1.3517734982026417,Other
1.4493448012363035,-1.0827068222868157,-0.6786149415128249,1.3220983890081635,0.04947144352781252,0.04912045259029402,-1.1679045374555108,0.7727877808316101,0.15153748939443346,-1.9239897441551417,Other
-0.37494468984913537,0.3945994213705404,-0.7485357118323525,0.5231883159573717,-0.40905195102219555,-0.8458584562195637,-0.9025446164652828,-0.6735584389160731,-0.2655791482020202,0.04872470603934754,Other
0.37305231843417824,1.8441164133942693,0.9653756690962072,1.4590633473982302,1.6469047024614727,1.396736930312755,0.24259153244794532,0.18120664712774748,-1.1539061471236347,0.2763514411190223,Other
-0.6236006892582127,0.39372499931439753,-0.3176284642461013,-2.697020993983283,0.5631761272347633,0.6980083708468657,1.090844402234121,0.44272284897984954,-0.3920968756162534,0.3321817119815435,X: codependent edge
0.023355316114555456,-0.38689655065125267,0.9858604126854131,-0.025824361418176567,-0.28227532074202966,-1.9072651494061206,-1.483779004373917,0.1852927088910559,0.40346147149852074,-0.12244093687886587,X: codependent edge
-0.5997494491188647,0.7661839668502841,2.3582424178480705,0.7519408586583018,-0.08066240243601636,-0.06642544865103983,1.6432355377641,-0.2356827191193156,-1.089624649284147,0.6802014706812727,Other
1.620070309136051,-0.23949863558674636,-1.2690148953491012,4.190521890238273,-2.4216279862376724,3.1959003465477087,-2.0654203507034996,-0.5484843059296491,-0.6609297198610439,-1.1403551663572968,Other
0.3636981503429628,-0.3782852173642064,-2.826641295618492,2.4293442587621454,0.8242889306084041,-1.1447502748089216,-2.776260790613254,2.2323114719333996,-0.05553611893639565,-1.219790077206113,Other
-0.21802912810442213,-0.9584591056952636,1.3012737109457868,-1.3165695231291972,1.3412056420305905,-0.7426225934368398,0.8105404573516525,1.5124094110567892,0.0005827570650733804,-0.44693150784192903,X: codependent edge
1.193618571856377,1.4084488442463559,-0.985638136237247,2.988435481335232,-1.2324063927026383,6.156897057572725,-1.4411112640193797,-2.1217273594105746,-0.6360668180982745,-2.68423665165496,Other
-2.1706154097954116,-2.5392079174956637,-0.10741315740927926,-5.660251594215839,-0.45909885899755687,-5.618093184086959,1.5615579473641539,1.8466872764440052,2.964380763388626,0.8725108552529881,X: subjugated edge
-2.0141025948652898,0.7978592002792693,0.5698732771087823,-4.145162956895616,-0.8958802876730573,2.65446513814434,1.5058244556643472,-2.9655500896150087,0.11751362932938658,0.30520024358608056,X: codependent edge
0.7958386552197739,-0.4637449377975369,-0.6186257646354676,0.9286705601800819,0.5525584241892254,1.947853463228292,-1.641263749466396,0.5719743381680323,0.7491604064072857,-1.4131173455334842,Other
0.06046844811736806,-0.4103407314516127,0.6246830345490904,0.3986106022501864,-0.3890875033045826,-0.47497898449503057,-0.8553460957396204,0.9524030254311384,-0.3953039518733983,-0.21170904425640996,Other
0.25044630026076065,1.6923151561178125,0.2073853105179872,0.21838423898246995,0.15465987251432078,4.813092660376405,-0.6125287906684447,-0.7480013353040986,-1.2974878052776115,-0.2247587989710506,Other
-1.3263961033185487,-0.7141310922000513,1.4393312012548032,-5.104443145950994,0.20745627938437,-2.4444415023480524,2.2869352036106214,0.8528706776072611,1.4248901651425738,0.7278518704063792,X: codependent edge
-0.023233710850366202,-0.6800691540284102,0.8786254599944461,0.19916700281607247,1.510175771019052,-1.6536545981938378,0.5876094604303345,1.6765603291577518,-1.0441660705457203,2.1412104919883466,Other
2.003509410401342,-0.13039423891953036,-1.1413840911813655,2.997155022455342,0.18246717077226143,1.1996159636157344,-2.0681348959175634,1.0073483146954527,-0.1692747842054,-2.7166339226735534,Other
0.8241996197958629,0.41384738581223823,-0.31278989234158716,1.175133245299835,0.8671130854171288,-0.688014758621274,-1.5387312782042286,1.14874040455217,0.6151316566298104,0.3982638686795539,Other
0.1697065451428121,-0.4418557822928694,0.9373618218041482,-0.5330152835856103,-1.1021897010141708,-0.09323376230444569,0.014096711314099342,0.17099839648036907,-1.010988976670714,0.03271648395952889,X: subjugated edge
-0.43905391010493766,-1.5738589305358854,0.6021297605046461,-1.2729389297847877,-0.7472440022001654,-2.3365028071702345,1.1531169935737033,0.6070508210273211,1.158715145796982,-0.09287346291990067,X: subjugated edge
-0.39457285186939384,-0.8656981808817654,0.9288594724282554,0.173412887857618,-0.06321936466763672,-1.269559366380711,1.0925042233588784,-1.1143165713589442,0.8641788883236927,1.0345698042761633,Other
-2.1291978892000176,1.2813338564645194,0.6365844192378763,-1.2499071576455472,0.5828395100898758,1.186135951577951,1.525462253227521,0.0349074574478514,-1.8941977193980932,1.1900080351732851,X: subjugated edge
0.2576404209211606,0.07477678913551145,-0.19202280200070074,2.275292920671989,1.3215047583380537,-1.4045425232175632,-2.238192190192037,0.9249964346034181,0.4217779081848273,-0.9109930976724852,Other
0.8454831084818539,0.45108728370382206,0.279576531810419,2.7967981558231667,-0.21841969241314352,-0.7167242716094994,-1.0144386146678879,-0.3221097087269306,-0.8835611199327192,1.0556473559412365,Other
-1.5756193271706151,-0.2614212071730376,0.15930730836787987,-2.4835139947738685,-0.4941348158898925,1.177228005128918,0.8913818959355289,-0.5423333831663515,0.37536721439650983,-0.7933462841567653,X: codependent edge
-0.661416892306816,-0.6594976961732696,-0.8048853811160255,-0.8313982815349363,-1.5025813336495475,-0.21649269156674023,-0.5464652055491708,0.5423256744930726,0.5472194854253349,-0.019687386003914314,X: subjugated edge
-1.157464632233422,1.677569449875411,-0.2659033055479844,-2.019038208068821,0.16119437187291819,2.592779238898286,0.4385601493236948,-1.378566939434844,-0.7029637371499635,0.8341418967073345,X: subjugated edge
-0.9653511948087635,-0.18819185705108066,0.1538377213240096,-1.407568187211317,-0.3809499096406971,-1.2654153660944616,1.4056529668487907,-0.056100149834491166,0.06974320979762524,1.8704487462238482,X: codependent edge
0.05348162682190022,-0.44336987952712686,0.5920926239043326,-0.4189358318905415,2.7176990517436677,-0.8874686630648885,0.19835812092313881,1.5135005410538134,1.3490407187749192,-0.19580153343159643,X: subjugated edge
-2.0844021549884744,1.0961423663553396,1.624514919436143,-3.2445077961234916,-1.1872998662998144,-0.08020703948266772,3.0366053659163263,-1.0190029259772977,-2.068337823599519,4.104078834258103,X: codependent edge
0.614270438357064,-0.7223603588673853,-1.5300225102217029,1.790352015112847,1.879922228562847,-2.3268774120131486,-2.2804920226016177,0.5262612637312236,1.0073718855489144,-0.21303133585259226,Other
0.7538550699336822,-0.5947273437739967,-0.8062794060485369,0.9874211557011572,0.8095799766389828,0.041177467167580584,-1.157015078638311,1.2322703937485495,-0.04756399326891181,-2.744088506412754,Other
-0.2511025880369125,0.010246684016898003,-0.22938882675231473,-0.5501232814623077,-0.8907026888905462,1.2667255003828326,-1.3691646141446074,-0.9491674906194397,0.6029367891858447,-1.1412302854241299,X: codependent edge
-2.4807085099845416,0.00027010408817970173,1.4153940240208516,-4.021795171925276,0.06886425198180027,-1.124420946649985,2.1775255459201532,-0.4835664448486915,0.6012361405214475,2.238472639369213,X: codependent edge
-0.9964186260023896,0.2596113479032144,-0.005395090669228386,-1.2616259127402176,0.6595618211119317,-1.7671111633309722,-0.03935691277261555,0.7660243442412703,0.6074623177983798,-0.3262327390526042,X: subjugated edge
1.2329019341026966,2.091669089395488,-1.32760597312879,1.878614141785456,-1.4543663564150113,3.6299574159724552,-0.5611595134136914,-2.9694880232550487,-0.33942699263218623,-0.7340097911599366,Other
-2.7779942807285725,0.33624824635237044,-0.4415570730535585,-4.721703091983917,0.3809370370152557,-0.8159748173465136,2.1920790320549575,0.5818172826504364,-0.3847610941047607,1.2875588447824204,X: codependent edge
-0.34752341219351923,-2.3780539627508004,0.4506505236806668,-2.0092113009068626,1.4440035832448062,-2.9820167795217345,1.2245574164961999,2.509367128054942,1.5122799013822399,-0.6555370682668995,X: subjugated edge
-1.180000778467259,0.3262989434315609,0.025397366850017256,-3.113808597646444,0.1422694030975133,0.841735399746407,0.5744185299782548,-1.4169105378323437,-0.4699758011200872,-0.04528125179411435,X: subjugated edge
0.8045703015848366,0.03787999448959883,-0.36099746595574905,2.0418034860949734,0.44928005841986135,-1.2762683370274153,-1.5306651587061968,1.1971229191566133,-1.251738925554754,0.09285662850086895,Other
-0.6751139521434614,0.04345002435145766,0.021220732607477755,-0.6943940314468118,-1.0083894942661693,1.5616581615537752,-0.2727874521228679,-0.25367249523574875,-1.6258050168274047,-1.2743202236461415,X: subjugated edge
0.40395402073561154,0.2459473093961707,0.8682674002651861,0.12112641020065998,-0.09964399656153147,-0.6447670989938379,0.28683427514576837,0.0662941189175853,0.3381786075469244,0.886393707992137,Other
0.5654604191690931,-0.028678287674799376,-1.1934100008609465,2.281718726949964,0.018347382764749065,0.1936536896703377,0.3964913058808224,0.7851967709388059,-1.1617240094672092,0.18778406916850132,Other
1.83622583973002,-0.052612093055389005,-1.3627050645526546,4.59694189976503,-1.5808443420218559,0.8050075034428936,-1.6810999398308435,0.45249467430268053,-1.353731122379104,-1.8840540984156822,Other
-0.20294194367537022,0.6130442097707861,0.7799826223236077,-0.4072375314686024,-0.42617709313568264,0.6175553985860194,0.2221228408364639,-0.5007926770770512,-0.6127937598309319,-0.8278691963284487,X: subjugated edge
0.37604436962261134,-0.542080797194501,-0.11687840860969402,0.08252774848709188,0.057775720871644495,-0.026697739958182476,-0.4762067024362586,0.8955251641601669,0.019291772110902217,0.19299221489659785,Other
-1.485055479127436,-0.9476863356391756,0.8149854345354738,-4.074993885522198,-1.0445169080577583,-0.9140533456628499,1.4570598060726923,0.5191215910664599,1.0554455498747937,0.7963762721936711,X: codependent edge
1.190413563293744,3.023781452622391,-0.15629617218915431,4.619986383885725,-1.4225194890470076,6.136567025192581,0.5568384701781921,-3.165120639564207,-2.340821681667386,-2.1085076964241893,Other
-0.7605088480713647,-0.7158574437812334,-0.512631868268359,-1.2754113860065868,-0.7632948851292028,-1.3662140716591025,1.264903719708924,-0.9941668426435745,-0.44237950437732876,1.9633103845200313,X: codependent edge
-0.5607541640877456,0.10014291246007646,-0.42973123231529337,-1.5537829494618174,1.275589395638648,-0.1705522474370691,0.4221558216367014,0.6600995880204905,1.143471983874162,-0.5161804645713534,X: subjugated edge
-0.022247794849210738,-1.4956602508753674,1.1428095206289122,-3.6184135360863925,1.1387801553775831,-2.154220364985775,0.6132491062744982,2.668399631059855,1.9332858867952285,-0.8940243308799076,X: subjugated edge
-1.5628843453398495,0.11646841505142191,1.7778869451223853,-3.5595027989146226,1.0827658599633674,-2.3571741376774944,2.1967274270873673,0.8373930482131915,-0.9502106337322285,1.791534104844053,X: codependent edge
0.228770028928938,-0.9332255506893351,1.227309590593759,-0.8703771743090188,0.6123049396794211,-0.5913383283804952,0.7514185460327956,0.17488899264040936,1.004714737812922,0.161822037533203,X: subjugated edge
0.9674662729250108,-0.44247294285001093,-0.9403556127455399,2.0041260446561617,-1.0320550379335722,-0.1040591763299652,-1.458658195160948,0.6905710693010798,-0.6298243696749406,0.35230035263195214,Other
0.2929338234972916,1.0450646657711238,1.2034963485117374,1.4891928633303264,0.4025667600465962,1.0197928029333894,-0.3111862213251642,-0.8347458461996298,-1.1887441286173943,-0.15280031453973067,Other
-1.588897564178725,0.47200956837807373,0.11940509092115842,-3.706595210377646,-0.857126159555133,1.3928459840115508,2.019570659464714,-2.3087333524546185,1.0251433948033455,0.7541420747960856,X: codependent edge
-0.12380929432965958,0.5684095245748191,-0.901837755680423,0.8987917588514198,-0.7875993458736054,1.7479867548082377,-0.29648297137995794,-0.017298987687346168,-0.5001153145516942,0.09486871197688973,Other
0.7420289029794906,-1.7712048383918628,-0.06821586120198775,-1.5122190498452603,0.06031892878303835,-3.237578491021583,0.12432713708571386,0.64651167867643,0.9844711083527677,-0.33319331225909066,X: subjugated edge
-1.8779887659659078,1.8368951698290128,1.3826413705578018,-4.234808304746451,-0.5621744925986869,0.574769985961975,3.2652992528077736,-0.2951036192027363,-1.290425666667187,1.8310171667135788,X: codependent edge
-1.074766013817714,-1.191881310941875,1.5650643350517608,-3.971968512125571,2.0520617400004486,-3.346773469554058,1.900814511711248,2.678168816654672,2.133445597517253,1.3992759820612894,X: subjugated edge
0.87654360408152,1.528560814293865,-0.6306598694878052,1.9640093685364337,0.1510399492174339,2.886516166651511,-0.6722932846530996,-1.2493020888199236,-1.5446163490862095,-0.6190274528381358,Other
0.27009543419728654,1.0215438659814862,1.1945546224005186,-0.9945469564148881,1.56779276604716,-0.17710094553024147,2.7351602398200665,0.28386872955095444,-0.6448881570986695,-0.17120616628662735,X: codependent edge
0.41197158212675383,0.5773327417846801,-0.07117015887735259,0.33083725483628995,1.2208374808578482,-0.9234560151565414,-0.18574016188001063,1.9343162342888494,0.5491557015216908,0.4186433812079697,Other
1.8594948076233115,-0.8549847809083815,-0.7470547136784572,3.789230920255626,-1.0489542077033867,1.2145880688180992,-2.5487058327575505,0.9192144705925007,-1.0478770516373817,-1.7387008314298094,Other
0.4685527785062026,0.15158984481952292,-0.26954112985139705,0.7341769103221573,-0.5713515893361022,1.9429763553561985,-0.6836270164417712,-0.19215058022744624,0.572217188839377,0.2982761079776384,Other
0.6578880104331793,-0.4709214106448598,-0.1807740398860943,2.079793399596227,-1.6713532018447275,-2.6228175703233014,0.5889992080355292,1.76794761280822,-1.5597098182342854,0.6977383562893755,Other
2.710745527218326,0.029039571505291815,-1.1607629478697545,5.464888555224324,0.3851150609042203,0.9627748355119903,-3.5260279846651694,0.23970785699529668,-0.11224299049627146,-2.6861232142892373,Other
-0.2138045580904907,-0.24987225908555988,-1.3964942085867393,1.9556407448519737,-0.8038106490661541,-2.10336379328992,-1.0324136784109,0.26205051639352794,-1.4377341685064706,1.7638356060515399,Other
-0.7978827636184951,-2.0386105065724083,0.6395874735600204,-4.182894181442252,-0.06204836758252774,-1.4392800249171762,1.7160465402922684,0.7988762227227243,0.40866840635311563,0.10477906902078127,X: codependent edge
0.4277963982471327,1.121784150984588,-0.36284545993870587,0.20406702424917567,-0.381615216204395,4.098672655388625,-0.6878432375425427,-2.2691041097265856,0.25937256681290943,-0.9865012486962668,Other
0.4389910293888949,-0.08110715654936117,1.1421410422065232,0.5751883462043237,0.2960587913715764,0.8668766209031971,0.10203585671889293,-0.021794895432035194,1.0293264819280703,0.5162903503289158,Other
-0.5267153919462082,-0.484800399502237,-0.9928739506672166,-2.529952664135495,-1.07752560144659,0.04979556428163712,0.7532728812573808,-0.09248015774789876,0.970486534053866,0.4198308633004004,X: subjugated edge
-1.0323970195548475,-0.5603272328297677,0.3704365968923714,-1.6558522960946482,-0.711219464768871,-2.6690285898441126,0.4033783515272322,0.3471443537837278,-1.0807931790989567,0.843231983461874,X: subjugated edge
2.309844422090078,0.3584595763667682,-1.9467122283664833,5.742767682218477,-0.6676447250385407,1.4658030079529614,-3.709855657974022,-1.6341130936231048,-1.326689876621375,-1.389899118087887,Other
0.3268434703880229,-0.8937563382944722,-0.5671253007991075,0.27347896210995015,1.7081278202918009,-2.690220318943204,-1.5420034662975175,1.934480514440625,1.3822716494854093,-0.16785030986414584,Other
-0.7322853814020757,-2.2551755584740434,-0.25958226853081956,-3.465887148487993,0.6656136099255672,-5.549005988252229,0.8687373477699043,1.3681186502892801,2.2735680626382444,2.15399151522723,X: subjugated edge
0.9159303022795986,0.40712980320827613,1.340134243958148,3.542862615477567,-0.6596787994730509,0.14553380373897662,0.11046175344456355,-0.14565204262326903,-1.1421246442611257,-0.2385560284863907,Other
-0.1091451515613345,0.5191029979568217,0.3416239530883951,1.241651742614698,-1.8261049220975283,0.8105657760287207,-0.2838352423987188,-0.5098796012787659,-1.377331600463526,-0.5528880439069083,Other
-0.25288144631783127,-0.1996318246776329,-0.18348533274315026,-0.39620317468548755,1.280603379961832,0.34248944503803314,-0.7620010306013947,0.42936357195157726,-0.447703799120829,-0.35962556204880314,X: codependent edge
0.5622728719144933,-1.1479028751900089,-1.7818004398834042,-1.263688974559766,-0.2544466815919424,-0.9760467110531071,-1.4264446957450523,0.02356195047543297,2.079311361390233,-0.49939177423934766,X: subjugated edge
-1.29188226823169,0.08893554088928533,-1.6321633272844993,-1.1744752860281455,-1.6276127744702702,0.4775410384668053,1.071826168583597,0.35860958385913533,-0.9498043631146056,0.7631334098223627,X: subjugated edge
0.3526272039171724,-1.4645323683135887,-0.5627033669367687,-0.25358194048111027,-0.9287302866450413,-2.1825862257859088,-1.1445503834313673,1.3351547179693197,0.6999254114811705,-0.22251406549708797,X: codependent edge
1.9129548077317522,-1.0272305966876594,-1.1494622132117058,5.32738496420509,-0.8049982246177215,-0.5626367269375954,-2.4489871182085032,0.522155996823325,0.4972983323508954,-2.310337325249381,Other
0.46617766219731077,-0.7506979365041612,-0.6561265833668557,0.9941685454955911,-0.8568091109078028,-1.7818339732299968,-1.5377813846728523,1.2787801752294996,1.170688310908102,0.4424974465141329,Other
-0.3762121037834645,0.8439390708915561,-1.7565409776246266,1.511138151296556,-0.4552590841554385,-0.833611891926593,-0.7838440289201121,-0.7753745980569791,-1.4947347012636907,1.3640176323568998,Other
-0.507105280428242,-0.3626109504369171,-0.0060403997971091306,-1.406025793765458,-1.0061145085510779,-2.4253751116192133,0.6311700234499174,-0.6461737236662854,0.9268844743109034,0.3526478359502195,X: subjugated edge
-0.41033997334510935,-0.4478664117764606,0.6244337693806954,-0.1263611447686508,-0.07815045412788141,-1.1282883442681522,2.175127044012463,-0.4505444438047711,-0.8192445768621025,1.9930653151610378,X: codependent edge
-0.25396267804778105,1.9546925154112462,1.664711329366505,-2.7376813023903317,-0.6972136275341075,3.402618160372315,1.102928241365716,-1.8606148704640153,-0.4888520041664771,1.400806736516722,X: codependent edge
-0.377806532758272,0.3524624971887139,-1.6429365459017786,-0.4373965010972949,1.600441965153193,-1.210562869693136,-0.4962251250148608,1.0346423699135963,-1.2069726809657408,1.6385773809720108,X: subjugated edge
0.9163114410745667,0.33899451047482604,-1.1207587700399733,2.9460925739051964,-1.6862906479105444,0.4265423974104582,-0.5443725728350647,0.029242736914999012,-0.8151059302696892,-0.5300825907271971,Other
-1.7332091032089831,-0.3697007452087749,-0.2547799085366831,-2.918001264570094,0.1313484637571235,-2.6809025744872423,1.7074175324379133,0.35401502962314274,1.6613316619603005,1.166264558931781,X: subjugated edge
0.862000050412134,-0.5963716676367777,0.18354068551081854,-0.3228189476330533,0.7180118141159485,-0.7669195817617533,-0.9971523401042444,1.6802277630315183,1.1957128202074967,0.21080322091804693,X: subjugated edge
-0.3796865251425611,-2.1864064400171506,-0.9158842912138062,-4.210602509155386,-0.12269951664739087,-2.795307910649323,1.5991620178832655,1.4238879738950139,1.7424102763619922,-0.3965162954598592,X: subjugated edge
0.37694778569537224,0.9687405319235582,1.3211287339339512,1.5744491941730214,-0.234957950833251,1.9049879662207312,0.29350957677828415,-1.4184849908095223,-1.5913216013808347,0.4973723391588861,Other
-1.1269879102008638,0.44830970575637913,0.30255379434515994,-1.0453012064267453,0.3683607392729545,-0.17943367540586722,1.1586716303728164,-1.1502048719947462,-0.8054741445028639,1.9544172595610292,X: codependent edge
1.328631066849436,-0.17916599321341334,-0.4343066737920728,1.2812928324850654,0.2801144033084121,-0.3728586252133969,-0.7783998628789108,-0.11925399535755427,1.3432286644577274,-0.29731830822873906,Other
1.245634960171873,-0.13722670183625574,1.3125099668270268,0.8661085892208676,1.619498326911373,-0.798042020673457,-0.08419245934702774,-0.11979879709993158,0.9765354218354119,-0.44222374342454823,Other
0.9595905257500736,0.7361442622610551,-0.1599978753685686,-0.45270102918858535,-1.919185678057604,1.4483144460311483,0.3523563134275314,0.09139197157093681,-0.2975376139364875,-0.5013799493646226,X: subjugated edge
-1.5147547757935393,-1.554710073079853,1.0713306532420694,-3.635029652682223,0.029158710886081463,-4.622815019487653,1.1757333214566086,1.5086262944406355,1.0820339013763587,1.9500150643449397,X: subjugated edge
0.8291210710660528,-0.5898813315538055,-0.7510485719501891,0.5931849510976658,1.6375784414113057,-1.6241776361239872,-0.37227597403759594,1.1076101604272082,0.6352246365219028,-0.14846364945659796,Other
0.4048550876357089,-1.1363028628925305,-1.7103470091372392,-0.5996332264211415,0.7692074121181431,-1.14665325357092,-0.9498711357998051,2.489871804381743,1.6210214704197048,-0.13870518404513077,X: subjugated edge
-1.6052712471325676,1.7715092824867462,-0.21322720855419536,-4.0089657573586965,-0.4168580525660144,2.6546358093980174,1.8450435878321805,-2.492918612248395,-1.056088370098615,1.267980537676589,X: codependent edge
-0.02429738377081549,0.8756555318533007,1.8074747347951416,0.4835725305434025,0.6817948467651405,-0.7640763628014786,0.6703475810097168,-0.45279109476747015,-0.5091036425999403,-0.1428272236326218,Other
0.3645344890332625,-2.2026926411353642,0.19816550245300213,1.5446281119635596,-1.0704470049283956,-4.183804529520967,-0.44703790778593655,2.6700736727101413,-0.09128988280072314,-0.7428777013708843,Other
0.5560752738231508,-1.5137616266399756,-0.2726488140348397,-1.469430467118412,0.8947085528972598,-3.5440826598829585,0.009306693886467987,1.429909688740248,2.0631796759068015,-0.05125182213801521,X: subjugated edge
0.17726136694885572,-0.1323456733574863,-1.4395702642941621,-0.07080802580536102,0.4034242195269865,-1.5662352675169637,-0.5122577013265295,2.1159104876086543,0.5810743184339384,0.15964953877770094,X: subjugated edge
0.2912314168473797,-0.4724402120724247,0.2787723900979498,0.6176568800551212,-0.7884008618657636,-2.540037754217174,-0.7081967138354085,0.5887534007958788,-0.4447568624883282,0.49097708649120125,Other
1.4736113922530956,-1.3243822080768883,-1.7448369959780168,0.03303487122456905,2.6233515975117427,-1.5608280151997322,-0.8811759775692356,3.153239306412125,2.6502187385123435,-2.0552327126563266,Other
1.2260339099106798,1.9447622376504894,-1.7814170629932855,3.472825908281613,-0.534077376019446,3.5701349783466805,-1.1717810794486436,-0.6977353798554646,-1.2170780430720214,-1.4598394239751629,Other
-2.8670549537827434,0.3125399139825792,0.2964469498563679,-3.8950755578474037,-2.2052108855443557,-0.03148307616214491,2.2280391999003832,-1.2255479887958662,-0.6408251965211679,0.9543829401873741,X: codependent edge
-0.317438554837682,0.4748163228630915,1.7955063940702627,-0.15957245626993777,0.18098110995145245,1.3870425800880914,0.6948834596615427,-0.6408294911158474,0.49697496293253624,-0.4377273987985313,X: codependent edge
-0.16465102754395128,-0.6920149492322138,1.5439416172084026,-0.4659928534957376,-0.4965721332254144,-1.4965694220230592,1.0913601710569334,0.20897351206241388,0.8692387042928187,0.6394630583435569,X: subjugated edge
-1.7520985727269711,0.7222741471780024,0.5486758857483284,-3.5436913649918407,1.05644280563464,-0.4953480221878034,2.0563419961520637,-0.806505725333134,0.09707795328590862,2.457899747993968,X: codependent edge
0.09418305823231217,-0.3804327609820118,-0.6533087718268608,3.356992461128007,0.5516283587490425,-0.8228910632854664,-1.5601825464744437,0.4840851697512325,0.25247250674977295,-0.17237821879997028,Other
1.2487577724105066,-0.2833431737074994,-1.6276961720094882,2.4528329071472807,-0.20538686782713578,-0.6620296737422474,-1.387270914820026,0.11677875282469281,1.8086715336610837,0.32191371087296305,Other
-1.0865678595905903,0.6110019598252598,0.5060648930199759,-2.3143189337723875,1.122673470055818,-0.153042037532734,1.5320711233620827,1.3138778381455762,-0.6840799306040855,0.7186002011429434,X: codependent edge
0.3364009386898723,-1.6289975650602997,-0.3901352683304398,0.3538006930358049,0.9585769788746326,-2.777592622963597,-2.1921980247419306,2.0980645973344174,1.9804975740965525,-0.30916656372268736,Other
-0.9158234772964378,1.5970278598509826,0.9651435167180048,-2.5823119577791163,-1.289209256880754,2.9840192656610967,1.268324434554398,-0.005951892144422155,-1.4961111773838427,0.042472457891809756,X: subjugated edge
-0.6719120236796768,0.1823892147238758,0.6478505455606363,-1.610514798965295,-0.5544945926837169,0.6040923900180091,1.3164236140587284,-2.005972550983541,0.1016052159680611,0.3359405932234557,X: codependent edge
1.477393634170035,1.2809442087804244,-0.7165217471528997,3.7576828461494047,-0.04057654610212974,4.38665319263284,-0.9948212761479218,-1.8917503773537336,0.20362312107681735,-2.186709884932891,Other
-0.542557820111825,-1.0754197566188184,0.4445681665448088,0.8879515553552866,-0.1511776225801187,1.1768554935624262,1.2088103061146516,0.47202589155403557,0.3888278921047233,-0.8275036586053572,Other
0.46221248901062467,-0.9231651240281931,-0.6455932215289678,0.14442594802447192,0.15059248743400727,-1.1807705171148895,-0.8828512604596903,1.8795113103771017,1.1567959676621422,-1.4911076756206003,Other
-1.871218116060987,-1.1619002215998122,0.7187738502690644,-3.254613246444818,0.04524270787588189,-2.9527032468353687,0.9469319936602274,0.8096014845314955,0.9945316448359494,1.5044077569915015,X: subjugated edge
1.8623175613948801,0.2502976726648389,-1.0786581290508475,5.3534448923535916,-0.9892326979702392,1.641598913994325,-3.231942577943089,-1.7337480953236752,-1.0045695667597867,-2.1603041918221986,Other
0.602652446306499,0.06598330191824608,0.3470429402643567,1.8968989485087768,-1.7535131355620746,0.5016683075204692,0.5233474188151297,-1.0224117145533402,0.5004410619958445,-0.7125031027777371,Other
-0.18249984265026167,-0.4644118192311805,0.6510727754430332,-2.4062709363768855,0.6312804737360262,-0.9936824861347279,0.9571567512828185,-0.26581361571158835,1.0957614509438822,0.6623367146215429,X: subjugated edge
0.5755465099998948,-1.0140691928852794,-0.3664772658402937,3.080088542337779,-1.5591598085721952,1.0153498399692025,0.2797920459932981,-0.9862893453058824,-0.17797040898114513,-1.8005270278952707,Other
-1.4098194289478103,-1.2665962697308424,1.1739877199377835,-3.7704980198440046,-0.39558204389661894,-3.184301051261195,1.041803026549752,2.271056145785078,1.6426676728084297,1.3374595947369834,X: subjugated edge
1.1825307417526572,-0.04848390047065598,-1.6948619806933771,1.7747018026798984,-1.4350126503649214,1.102613999357322,-1.0467086306574895,-0.8730994173217114,-1.105695962365628,-0.556239455765051,Other
-0.3239847754964302,-0.4655867795886001,-0.33924967729778865,-0.14817120937110906,-0.785687970974838,-0.5595511294704344,-1.0366844871292813,0.12549514485465815,0.04233089198777604,0.9031907683009764,X: codependent edge
-0.2040695150484347,-0.6856069923582623,-0.591415435022542,-0.6549374742580515,0.16907530255737452,-2.318743712404275,-0.7652049785061765,0.5205718700434503,0.1315268764273847,0.39430254656505737,X: codependent edge
-0.49165561496548443,1.5470894861316096,-1.3211919087176867,0.30123469942851533,-0.9969407548804076,3.4473414713396306,-0.13131173531796816,-1.7975621727512268,-0.6660752017826762,-0.12113635255143616,Other
-0.5806514027455847,-0.08232567819273391,0.6776984327147585,-2.7780283420332723,0.6294788793448554,0.03073952690355805,1.2378585691506454,-0.28548601986598987,-0.1653754975744292,0.050554879593567414,X: codependent edge
0.6946706116284086,1.2700429339269252,-0.6414514204429833,1.2201162229216023,-1.6429124985119543,3.258393356912861,0.4496032380021191,-1.9248187779043087,-0.6736910071892003,-0.7139762639457481,Other
0.25590685010422287,-0.5332521826826966,0.47054813173350385,0.6032787418315801,-0.9239491509705411,-2.089239007038012,-0.16023152734689425,0.2370886279683892,0.57472029465327,1.380268730687126,Other
0.6517481414030399,0.24477628379865687,-0.27735411947265953,3.165072188483202,0.06391926906979079,-0.8594784401973208,-1.2629327511567752,0.9091579422803785,-0.45889057904938646,-0.27473625558888903,Other
-0.008794689485571452,-0.055476016256334894,0.0681978636959204,0.02074382140630937,-0.8347529870991341,-1.324810806366175,-0.6505766025962291,0.37654489541319647,1.3408934671747346,-0.06467368250122524,Other
0.513199811077181,-1.6976223095181227,0.14727288550467182,1.764203481520956,1.3639100686104553,-2.501213704744924,-0.8345115185990033,0.9726760899219846,0.8791780695049708,0.1897408410789077,Other
-0.41884874392503835,1.4283383062639128,-0.07185807779211317,-0.7685953985055354,0.5572718454960369,2.0719126257834204,1.9475705202936675,-0.07908208554726426,-1.958900318570979,0.29295987174234894,X: subjugated edge
2.2297318414095484,-0.13515360703241588,-0.933408102938167,3.500721008743091,-0.433744362087494,0.6461243134812972,-1.5246773415284929,0.26275875098046625,0.6854108021132078,-1.5374241197205352,Other
-1.5679304164304986,0.7464182196329605,1.0311012823344559,-3.2941850996773203,-1.9733450171625202,1.1905455210193219,2.4743422771452233,-1.916359672907976,-2.904172097579521,1.1187755738584728,X: subjugated edge
1.2609373235629844,-0.7520287224615594,0.843231904674556,0.676848262263023,-0.10976927089933108,-1.3028488180632563,-0.7454878259536087,0.6511981920813972,1.7239321907112575,-0.919336779877072,Other
1.3679074507209708,-0.16484438157976464,-1.1031691847140837,2.873217455064318,-0.5372783786563459,0.3370529917009841,-1.5235932329611253,0.31107340352689195,0.032456129477354795,-0.3734903772157788,Other
-0.8521588059655938,-0.8668523599233547,-1.4886880447554116,-0.2964959464260242,-0.7431752477986902,-0.13670218845308282,0.4936578638031526,0.3510001193002621,-0.8724358539738788,-1.550500426382788,X: subjugated edge
2.2292736105559734,1.2359984827633934,-2.3071013731550316,4.48897147375017,-1.3957537392527026,3.0871864512314935,-3.089499892672449,-1.1949055441187204,-2.028319962677782,-1.734346782571874,Other
0.9954902829453182,0.3114093474506757,-0.8459302575892595,2.804009504256456,-0.2697617699768177,2.6341878898921367,-1.3457672430341625,-1.0021630697704251,-1.6723199810237461,-1.3060877997173124,Other
0.9711390068229115,0.36705352668088814,-2.41307099587482,1.8147988523408731,1.8513328354739536,1.9927104660135866,-2.320264440458733,2.0524336641374976,0.6422655680976199,-2.9745922474534643,Other
0.028022187025876687,1.358184147104979,1.1463840619908412,1.2333616684740984,-1.259971272644069,2.3352739811107215,0.1592366628086347,-3.0325887297522343,-2.3886881227548766,-0.5027172120541201,Other
-0.21722615821867644,1.156341296899023,0.6461090966983511,0.41097113579068106,-0.3444177339006256,1.6004592064790835,0.4904026715557575,-0.5888555354334427,-0.42817148706299657,0.3043905559484565,Other
-0.20940882703960811,0.7653425361362853,-0.5106745460239419,0.7512794578975016,-1.426751060709187,0.5633807101721021,-0.6890295200540377,-0.9409722821636063,-1.1845984954368798,0.06917071856339507,Other
0.3905305963195172,-1.4217273470374627,-0.9192479440561453,0.12397656426666107,1.7151336878115606,-2.997331168906313,-0.4920752877178634,2.320313214882085,1.034603362737539,0.09938451636189904,Other
1.4011862750338961,-0.6956791195166836,0.44210288920831536,0.8228256702805717,1.0456361325700345,-3.8958929366214097,-0.6385070969683425,0.4610178355578314,1.1988263392892091,-0.09132471264633357,Other
0.1813142178614196,-1.0038881360113527,-0.9495947123497647,0.5106780387269796,1.09669171235509,-1.0430510701140676,-0.6977397660955963,2.123325143818097,1.5115194322977845,-1.7174403740579898,Other
-0.9114436231372903,0.7275336936257992,-0.9695323821629013,-0.3598130756288904,0.47814474563994525,1.340791728904001,-0.37330174629290364,-0.41147064594010824,0.644478964073851,0.6224566887890501,X: subjugated edge
0.8244270623849798,0.1706519417500514,-0.7955204920013058,1.7600071423230101,-0.27888530224697905,0.8510242966481938,-0.8975822314754263,-1.1431485466261302,-0.733300938607653,-0.155271360741272,Other
0.9211507463947922,-1.3905124336305947,-0.3222068813778001,3.742118619804749,0.1328457823741302,-2.5847155466065805,-1.2145345786299477,0.2815571360843374,0.9183487733103349,-0.509325821777701,Other
0.6546595284477861,-0.18874421301122754,0.24981698333105024,0.300779961164401,1.4707272216700689,0.9779560416256737,-0.34363137850734116,0.8969142111381427,0.023873842306619486,0.07649166393396922,Other
0.7454989065249826,-1.4941123357187784,1.0594641112138814,0.36672668368753714,1.367375535098759,0.14310682370601469,0.7412302707050858,0.5385120999874071,1.519925032961609,-1.809377741379179,Other
-0.2709281301578081,-0.05315648806975988,0.7726155493787374,-0.10539159072196913,-2.078168677599313,-0.49103352481252727,-0.38883199298923676,0.4550709487144451,-1.2504451185140617,-0.4337947915872374,X: subjugated edge
-0.9289891671305796,-1.6553725039871847,0.721025277419491,-2.7104483922840474,1.3611996217612305,-5.143458502130737,2.651318002856737,2.6407601681899195,1.1238697931945993,1.9812904938855238,X: codependent edge
-0.8681934306407798,0.5288274933846129,1.5938204034837864,-0.6385257104193734,-0.2570239492721417,-2.1570157402651655,1.3139715607074833,0.8578518434273246,-0.776995488787044,0.8047197771414208,X: codependent edge
-1.635463248457858,0.37796262603407355,0.22225191300942282,-4.0357729737373464,0.851348579775312,-1.979928008697879,1.635490252627074,1.3907025082050106,0.25908566943357514,3.0193650129258938,X: codependent edge
0.23694861154594976,1.9079484933468815,-1.9174997134832248,2.0554401976911305,-0.6076516608137318,3.5063526401657104,-1.6051488974082897,-1.968334465977535,-1.4199502967702011,-1.8159255613942522,Other
-0.08344878322659362,0.8478732894973424,-1.1807451111705016,1.9551355745002974,-2.4157077750893263,2.2453471073818263,0.3879099495494554,-2.3749705629008364,-0.8454736057966582,1.0292245807087699,Other
-0.43998770452970876,-0.42291425582250275,-0.21576652812841346,-1.6332286755109946,0.6920848468800646,1.362029417864943,0.13867598865149305,-1.379705638660233,0.3915726255246156,-0.29783772153116095,X: subjugated edge
-2.95561882434507,0.818070093274486,0.5298577079308149,-3.7877388826476968,-0.0747108340428628,-0.4863593918337329,2.159561354478289,-0.9518480389448768,-1.0469485776293221,2.8131801337096443,X: codependent edge
-1.247317469694169,-1.3976638809451785,-0.5968776656779244,-2.2581856113150955,0.5801552116106032,-4.419977411855613,0.23525688675888035,2.6335573978106193,1.2451185487663992,0.38061800242979654,X: subjugated edge
1.1208406514031668,-0.9624726036810854,-0.44097038338534983,1.9074757626124335,1.1693319209632063,0.10984088200772102,-1.2404361804176787,0.6271658240713534,0.19680041679945537,-0.7625111127081773,Other
-0.664626000063131,0.33314253207511,0.5076277593448779,-3.337855956804937,0.9029652069654238,-0.34444443511257733,1.0406624839672247,-0.000963302069708627,0.538131059653256,1.090507039150012,X: codependent edge
0.3605916776568414,-2.1582496627479273,1.2076960370507406,-0.04355159190121005,0.9831276101013775,-3.243352842029898,0.4026274764031338,1.645166984794403,1.455155154046451,-0.3934260515856144,X: subjugated edge
-1.3906854299752562,-0.037160784933883036,-0.8262741710661092,-2.2582721658370803,0.18600039769287466,-2.036783427107708,0.6412958956689884,0.39281713286799247,0.2537961277594912,1.3370037138076576,X: codependent edge
1.4387054823592311,-1.0202632921184207,-1.9238501799387149,3.3482906369761256,1.0071357450540868,-1.0854007962096177,-2.47832775620421,2.1829720675238877,1.152332267596672,-1.7383063022284049,Other
-0.1440276600546764,0.10130705515326355,-0.6543428049598728,-0.8446129267857987,1.838848979687593,0.1315506143330473,-0.7633136226346673,-0.4029062136414182,1.847118769784365,0.048657581204211736,X: subjugated edge
0.2900403964835352,-1.0777363580472634,0.8679390833465248,-0.5113561627717295,1.4735904926540762,-1.27255362068481,-0.17261342179151323,0.46058600400683725,1.4669519268553066,-2.176540218467805,X: subjugated edge
2.325779791881685,0.42424813745518875,-0.9264783611765015,4.372210089008205,0.08853825218674109,2.729666350794956,-1.8160433223201538,0.8366211398484085,-0.18696370358054415,-2.0764353563361126,Other
1.5164401005894037,0.01932742366738962,-0.781374671323444,1.8208572819800328,0.725758572540921,1.2355905478936218,-0.9922537707098003,0.8618959457317296,-0.38335045050291383,-0.14608777668124895,Other
-0.3065656212870578,1.4003659168813305,1.0480997137168329,0.45178373278175377,0.05908781429680807,2.5639394555143373,1.2993522348113822,-1.2182203422387783,-0.21048411999289363,1.1041731770025334,Other
-0.5932201848703592,0.006734534101622121,1.022822253913623,-1.4160942585118692,0.015647028865084185,-0.927100746545995,0.9040849827597935,1.282302333857879,-0.22935803085717257,1.446003568531986,X: codependent edge
-0.3255450115195318,-0.7686428049614663,-0.5855020640627856,-0.6223471922466433,1.4259233359324004,0.46399190615985675,0.2683542854997637,0.19437594009825143,-0.36926330003280916,0.08127366445106785,X: subjugated edge
0.5098982484765356,-0.2468858558272829,-1.1956891259447269,2.5634179060443625,-0.8737237149798958,-2.0353595648067557,-1.0468218216947125,0.4903988385227838,-0.26746629712836595,0.7346927281642446,Other
-0.10522413425087113,-1.3442363970167315,0.4898413070103519,-0.43226880113009514,1.6754279208346134,-3.8972309635831177,-1.0073768043534645,1.7109412804901252,1.5391483595242414,0.4605209884496252,X: subjugated edge
-0.39524414500347166,0.40613725470544,-0.5133910668669133,0.16557975702810462,-0.7025749808758381,0.5466720127489563,-0.09653796349205573,-0.1658538054135376,-1.17049155282607,-0.4581936956849375,Other
1.4671812507090423,0.5898502463152723,-0.8139322771274891,3.834272435892511,-1.5603614629899434,2.949269100044535,-1.7481504317574657,-2.934914427175884,-0.9519643583451843,-0.47097775225765526,Other
-0.11420989177783689,2.469196036692818,-0.2965611441852759,2.235842694428853,-0.9252831153869748,3.6395909788984553,-0.8270789993717853,-2.463801949364514,-1.9433227696181612,0.76947669196516,Other
2.2995890930373193,-0.6218359906044048,0.4112290061709557,3.560788103973521,0.182732566530956,-1.7156022012970609,-1.9651843988156625,1.1012041849195124,0.4114914537177035,-0.8362116675706368,Other
0.09074256375217302,-0.2677945736751827,0.01244503385159812,-0.02176707667289679,0.41647556022840826,-0.23865168797481373,0.03886190313732248,0.3407622685630491,1.3484547302155279,-0.39774296062727227,X: subjugated edge
1.7853183942247275,-0.5757585244382156,0.06726415672071584,2.774727008035806,0.09090051790634525,-0.9517300743013672,-2.1586550144080303,1.4141974559871557,-0.7133109857502611,-0.9010263629704399,Other
0.3573194227106268,0.21211370113122407,0.9954750390077535,-0.03586581058896254,-0.9583030161966357,-0.032481747677995276,-0.353114903041338,0.3260321222186857,1.3033672797134428,1.2507110187901886,X: subjugated edge
0.9629605732494478,0.38169053447961365,0.15573949656879282,1.5812402832094028,1.2194070830678483,0.8895504627927882,0.5087888551834095,-0.45645743239462233,0.0898132553460787,-0.17328502831970144,Other
-0.7246110515177244,-0.05337484442851077,-0.22200887663453314,-0.48753532020810286,0.9001779023409869,-1.7693391638225149,-0.7584754502574763,1.0631056778750874,0.7979265684404209,-0.8517036356922012,X: subjugated edge
-0.8537592225874118,1.0863259168730321,1.4900040173415108,-3.579034125244579,1.2748441234254795,1.9196406613232966,1.17343460503891,-0.9855615750344885,-0.21499778238265016,0.46749554428518447,X: codependent edge
0.4597059550149875,-0.6169795037547775,0.0011683415205275272,1.8388408739538131,0.1836132196112429,0.9408565292702264,-1.2189857369000667,0.5858721575072098,-1.010999392676434,-0.8724339075239254,Other
0.9885532424653152,0.9861740478907121,1.9020160484370032,1.5389919078229874,-0.3403869517869659,1.9783325722696652,-0.44923530842191717,-0.4007084772414531,-1.6412202234030469,-0.7131296931699903,Other
0.040256502000462865,0.5384978536410825,0.3797223972675745,1.655313809532256,0.539776879198702,3.1892640400739074,-0.007620219943524187,-0.7874359930368323,-0.6337250387992139,-1.706841664028323,Other
-1.2863933350836971,-0.012029919898946523,0.9262044035438022,-2.7820533835296684,-0.6037113927155986,-2.5545050374760216,0.6409048909359072,0.3275469523754772,0.6713678755190557,2.721007887484336,X: subjugated edge
-1.360258366289327,-0.31493664075714545,0.9685658922466817,-1.09823025607965,0.46639360222065185,-0.22230644647113862,1.8864963877528234,0.06706279195322518,-0.8320460682289171,0.42989323470396046,X: codependent edge
-1.4271364021862412,2.4266677587313694,0.4588343109906712,-2.324998442626261,-0.9550895566657525,3.5727742227707275,2.2901907064147924,-2.6853142651073765,-2.5912377231600363,0.3819328916066972,X: subjugated edge
-1.767622112939381,-0.8170086507420794,0.629432293476392,-3.4076055250755477,-0.7251887707546647,-1.4732676253815824,2.2402197188459607,0.816409778871747,0.45362220599246994,-0.31266812534789445,X: codependent edge
0.10948535944708751,0.29793317696841465,0.26856284375758444,-0.4585218178135641,0.060836018778549716,0.08822337285271764,0.8071990983962483,-0.8230533820385277,0.2265222212195912,0.7458680064762697,X: codependent edge
1.1250439217080253,-0.7502190702421325,0.15933235360398235,4.2834363030069404,-0.002146846237046085,0.08063263555987482,-1.8068851414308376,-0.10342838014739253,0.8633110870930482,-0.7607139679849223,Other
-0.013415786924808768,1.7856207486213058,0.8009506512430078,2.551186516674301,-1.0161111903114517,2.0833537923620815,0.1881863668886097,-1.0155985670835708,-2.3018911903624426,-0.04927110744643587,Other
-2.2604147573378524,0.8868263287992036,0.869167415858015,-1.7700717035315299,-0.18567273504569276,-0.8765764249297687,2.4370022056545704,-0.667254613426264,-1.9904315903958307,1.4767186674468746,X: subjugated edge
-0.19076046033454871,-0.6783498788411441,0.0314463323848147,0.15913436625601718,1.677211591862199,-0.9630846408331206,0.8106143804099806,0.17291800399137647,1.402291595536481,0.6330619323598141,Other
-0.1627989966326071,0.5125949934312284,-0.03495944326552616,-1.1992012060853936,-0.7149760196445143,1.2843472781144398,1.4213822424623372,-0.06445442012229474,0.6704757986851166,-0.3126867692422886,X: codependent edge
2.0959987502254394,0.2576957212765554,-2.15731327516666,3.952556417942054,-0.6754852964268003,3.45467398449445,-1.7410103427723675,-0.8021910985320604,-0.663654180827134,-3.70015907347814,Other
-1.4571379129195563,-0.5166247619747387,1.974932588269846,-2.939750647848059,-0.4165990735031423,0.3532924197768022,2.6539395671665114,-0.852261016266459,-0.7621571385787903,0.44181387004564243,X: codependent edge
-0.3906776025991957,0.7581642172281733,-1.017589906242115,-0.2385061879124814,-1.6653404713181152,3.3598136972606754,1.8102894295449652,-3.198512633385512,-1.3578071566888639,-1.193287285408486,X: codependent edge
1.7058526805445642,0.38930539110441015,0.057398455044543883,0.4016016102785933,-0.8095179868709295,1.3284271894551025,-1.1813283944329067,0.02129858535408069,-0.16095071290212443,-0.8575645406416039,Other
0.44997834134654807,0.21569871388595227,0.35867640476618423,1.0093989740381537,0.03862330515832377,-0.035114052155931164,-0.39287320254630487,-0.7893320976768968,-0.32678885573851024,0.6056331840077752,Other
0.5633130735164247,-0.04191971124232876,0.024407395784733082,0.10509359536691182,0.4760577225826795,-0.5281527643203828,-0.278483049288852,-0.6872178198799236,1.3661797243699083,0.887103506339372,Other
0.11458443702387822,0.43105449259965123,-0.10544579106252955,0.06680065845693939,0.15599928353454862,1.7675010959612178,-0.8196785005111477,0.22646093093030217,0.5528394763642357,-1.495773876062011,Other
0.32994353865726456,0.22938766149245945,-1.667400808469877,-0.059022453561602184,-1.8609056453502848,2.6807084519782056,-0.947062678478538,-0.40510458929533244,-0.5506863173015704,-0.1874539642534866,X: codependent edge
0.777609530278536,0.05909333302501734,-1.2101526093204908,3.1569017299339897,0.9646194254659995,1.8261589335883794,-2.4229149672362347,-0.20056850725503517,-1.410199303511419,-1.391302490850954,Other
-0.8094863188927663,-0.6410159159875635,1.8514604175661242,-3.082146164751599,1.126050656570589,-3.723682964296073,1.0431326496484765,1.6719652271519212,0.16605145784814068,3.5665435986933467,X: codependent edge
0.8780585789081998,1.6937662407624925,-0.07435629705219643,4.475642713310544,-1.2227286987311061,2.5588806326524587,-0.778504679403832,-0.2793829041660212,-1.933585643508768,0.5829760456475628,Other
-1.3730030168855392,-1.050419943348547,1.7185176857347435,-3.719817304545217,1.6896302838689192,-6.831238187731373,2.5153116893845713,2.5581460384807464,0.5550384639364367,2.8546183670103398,X: codependent edge
0.3283679728315381,0.427636218879745,1.0007417141136972,-1.94950665616514,0.0667245817051963,-0.047820142346558236,1.037375700017281,0.6025917190052463,-0.09574808667508916,0.768857179103253,X: codependent edge
0.17874096328632716,-0.3202407423014329,-0.4602335529271102,0.3657442479501237,-0.06935707287352158,0.12536640875188643,-1.063873619845256,0.4445667155323876,0.3670751295138204,0.07035327498966937,Other
-0.6162930881921079,1.7595472694492997,0.18603813380352058,0.82276636271106,-0.7011178546022243,3.27784721937145,2.102962051828359,-1.9679521408046674,-2.777004719454648,0.11420642236759454,Other
-0.022685275325646737,-0.9034825372238406,-0.0136235446765385,-0.8761397814507403,0.23449116153849014,-1.2267466842046193,0.1221634702194194,0.741218385937634,1.341519350409022,-0.4987643236426873,X: subjugated edge
-0.6225401526655531,-0.7352632617603321,-1.134753384882768,-2.0935950876086404,0.35164829217395566,-1.9060540702255144,0.13629981582499645,1.0402453805456007,0.5971207581737847,-0.6158642401462209,X: subjugated edge
-1.0717013268617444,-0.9698180632618253,-0.32306452516009154,-2.2901456759719405,-0.04184749323995343,-2.2605490159003,-0.5548731549169783,-0.2346017935027851,0.9218226946305197,1.124625814264808,X: subjugated edge
-0.35361474161364437,0.3234650509506103,0.30573079551077464,-0.8112744233431499,-0.7174398780214302,-0.8709866942726281,-0.06225312839996089,-1.1424831640274462,0.20761813811391988,1.6479111999954383,X: subjugated edge
-1.1039886353716615,-1.3730506595686418,0.403511491153514,-2.7643707923514547,-0.8000946789054897,-0.9709217707468595,1.796939506197186,-0.40106721806792733,0.0005302636088294621,0.5353593957230383,X: codependent edge
0.3227974640932481,-0.47852849475776627,-0.4682349799413523,-1.630538257908452,0.536450981259722,1.0011610214901758,-0.3254699920087205,0.7766892793537593,1.5420486518889112,-0.9642853341285337,X: subjugated edge
-1.1500854941523635,-2.152365822854285,0.3194822245598633,-3.0963672028147524,0.5000351800546106,-1.7024628080615052,1.0871921663558668,1.901580639961941,1.428523815347571,-0.4175776558041142,X: subjugated edge
0.7119770229910514,0.24042135412809051,1.3954103200912886,-1.3359964616841915,0.4269094907781961,-0.31639037839167056,0.2643310047294022,-0.47773824384733965,1.257464109632095,0.16382594921769214,X: subjugated edge
-1.18147906792882,-0.5002148587562626,-1.6691600959533666,0.18990215435214497,0.06076283030937413,-2.7051366467575635,-0.9474159710469362,1.017878821741221,-0.41647406270461573,1.3120907242317645,Other
-0.5662949155810063,-1.488056743931853,0.8984131136684618,-1.797613657797927,0.4991183699354801,-4.048784827530543,0.7565506727854462,0.5571955499736244,2.3394820104276053,1.725043853540041,X: subjugated edge
-0.624603408215179,1.0856094029740586,-0.6320949786967873,-1.3033256809467613,-0.14579128453294532,0.2371396315685217,1.2402575822210462,-1.3971891854032994,-1.5177699180054458,1.388036650949191,X: subjugated edge
1.3251467288748389,-1.3076668983849393,-1.1706348852948223,-0.8105707628093876,0.4695219690342539,-2.912738300973918,-0.7056150284896789,1.7774299235384983,3.157304168275239,-0.8594402183112583,X: subjugated edge
0.33028994561659186,0.7969436900282153,-0.3677706846972756,1.2727452274951454,-0.15580872388714412,0.6902511757097975,-0.5071138489129168,0.02879014182422701,-1.373814714560967,-0.24835932832954863,Other
-0.21173380254439425,-0.7010408239878044,0.7087948588521801,-2.1894877602617364,0.19538842535029327,-1.1066980693656454,1.6505095441629434,0.01691075736685277,1.4123917755842446,1.4401798520220501,X: subjugated edge
0.4987194410697233,1.601571377895426,0.22880089121837904,2.329197690470882,0.6579800138157345,2.597348673740411,-1.2154030598303176,-0.7310555736470586,-1.1516624816259335,-1.1990794421595161,Other
-2.107192347329688,0.7495505389261462,0.3580281418413508,-2.563332474749786,-1.4062231421490408,2.0915424867220382,1.012733675683679,-1.7790687487459516,-0.3013057668301411,1.1023652807616509,X: codependent edge
-0.043133589640907445,-1.0080478708740281,0.7096070873543349,-1.0221682265538088,-0.15577639004240268,-1.5117991850768357,1.7493901644081116,0.5379318774534617,0.5740518919985801,1.695139827785078,X: codependent edge
1.9975141778047627,-0.9170825522103063,0.16036637222507166,4.872702457010036,-0.9497676914231411,0.42225397626790095,-0.9924909271208974,0.3682944986309888,-0.6163724675485496,-2.163688998533339,Other
0.13234650640267256,0.60552520522431,0.42146842608422574,2.1911061043415874,0.1796577465644606,1.8294989510761663,-0.1262645946408386,0.0469767311477256,-2.7169996931420215,0.011125885785421848,Other
0.0679131691693355,-0.2623781307101668,-0.20429105504867945,-2.5722979291892702,-0.11925217201974009,-2.0646561854567698,-0.18435477617534288,0.38128938074357416,2.2662159351196456,0.43120013837689347,X: subjugated edge
0.5481283796421961,-0.16934250702136555,-0.12654842864952265,-0.14744381716126687,-0.6952391796155947,-0.4977396582300534,-1.0730164124693204,0.019021004844188644,-0.03642853254802977,-0.32395420333618635,X: codependent edge
0.8956052433143455,1.2722388617720979,0.1988951628809246,5.295395075159772,-0.7966433011806765,2.609450767262524,-0.3747566578337592,-2.121542384690632,-3.5679488167491646,0.45453002133671505,Other
-1.9974666928898597,-0.7486888733699565,0.05212850729812235,-3.5530760829350325,0.3616566177187548,-3.1210316024029066,1.669599182685153,1.0154696124815303,0.8523620685012688,2.610818346083456,X: codependent edge
-1.6823264817910268,0.09129377217545448,-0.46427568115879647,-2.702145558703831,-0.8141653570612196,0.4589157103788657,1.0677343372188295,-0.021545726411915267,0.2825580990179414,1.3619441810538224,X: codependent edge
0.21029129108614655,0.954627793652306,-1.831902302531576,3.024105591997217,-2.2798192764482814,0.6214723685324011,-1.851891665862141,-1.2251886220756067,-1.9122725147953816,0.49529328692834507,Other
-0.7148765618975097,0.8091174883856003,0.5409897711647432,-0.5685529636102493,0.33726311875418197,1.1889124741012167,0.9781699017489499,-0.9947098474529837,-1.02684878904245,-0.16240744821144193,X: subjugated edge
1.3120252622199142,-0.1596126675206725,-0.2562494745326132,3.168256498811276,-1.791034007033442,0.468280755109167,-1.4964647845211356,0.000433409913161098,-0.45042753820558123,-1.0635996123141265,Other
-0.3151743898852239,-0.2889058808526582,-0.7671434905186696,-1.310099846749991,0.9541939887052567,-2.053259900683954,-0.8483167236863745,-0.3418594407757598,1.4962521153136534,2.019132809207768,X: subjugated edge
-1.9345307357131178,-1.7388154625209316,1.1266029721484314,-4.232165221060124,1.4937237309673834,-6.29397020869146,2.907926257904654,1.6531736602929845,1.6633132717783934,3.246916727853744,X: codependent edge
-1.268013916843997,-1.0562449926651958,-0.19850603951780002,-4.663806027078721,-0.541600823227109,-1.712686105206357,2.488973738226432,0.34182406232607465,1.7678205069553574,-0.320741100630925,X: codependent edge
-2.7496760196305754,0.3183592265747336,2.219853784216763,-7.4950122667401935,1.1035757300792715,-1.1537711077954027,4.518156314235203,-0.6889671382728523,1.0856755184009097,2.4423975007924246,X: codependent edge
-0.23412553728291255,-0.1378821889422362,0.5230204919015464,-2.2675165422141528,0.15376187388452103,0.8580972825495947,0.8985454471395937,-0.04542877367389142,-0.05871507314617344,0.4247511793492406,X: codependent edge
-0.18838412726438336,0.07492707856622638,-0.7013646591078189,0.4153890686177671,1.472214940164936,-1.4356375184266144,-0.37351481045962376,0.7724120999081524,-0.9419833143327614,0.26608713402763007,Other
-0.42446270978189776,1.0392536096340605,0.3845582191545471,1.1667201169300943,-0.9050666982338941,2.4066171132679695,0.43863154400250376,-2.5560493578057994,-1.139705068709208,1.4742044895573923,Other
1.0788790390297387,-1.1873231090622745,0.6277301857524116,0.44921504176241217,-1.1588426910731233,-1.1146133707350392,-0.22247899808701277,0.07299683298566617,0.8716172539043087,1.0503329008535012,Other
1.1985198365166936,-0.23618030223264996,-1.0194762518878766,1.059573043935007,-0.11977613781217819,0.6340289560482515,-1.6728400050829566,-1.1880647345384856,0.1684938100301179,-1.0530770200464008,Other
-0.1703884233561112,0.1887109634112177,-1.0430359862845868,-0.9212561714523543,1.5088269904593696,-1.1940043849600512,0.6475326687808163,2.068593011386011,0.8692470778581198,0.7515296064319379,X: subjugated edge
-2.134693667476856,-0.704159937574516,1.0063255340912078,-4.562118002652344,0.875110134014129,-2.524856246549286,0.5270711202022813,1.0812879261877328,1.4541439793549362,2.2404152147275767,X: subjugated edge
0.6172815804922585,1.431477113927417,-0.5640349964644327,3.1083428642271675,-0.43631023740514835,3.217700350935163,-0.9385710992687636,-1.1755754794046236,-0.6101234248708634,-0.588404687568873,Other
0.5553602285085755,0.9085868016131475,0.6656472698354342,2.000007978997342,-0.13117055046110593,2.6444959768273035,0.48382471909500385,-0.5664117901730028,-0.8639618571313545,-1.6047244157899534,Other
0.309391570156945,0.2901333270887555,-0.6454461529895617,-0.4102841662858101,0.5328505231315781,-0.839516879985789,-1.1563641819228772,0.4755732130432677,0.4131694480749927,0.4709642105343094,X: codependent edge
0.9814797493081158,1.7942317793285865,0.6841855033199813,1.130374819266283,-1.1389626207837875,3.4003297101595535,-0.6083380038704701,-1.124590876473248,0.39222215400088056,0.08170846933159837,Other
-1.16482809646104,-1.4988952796101422,-0.9437776841808729,-3.097416442234774,3.211112269853346,-3.542318856940492,0.894153676646789,1.396506534530615,0.6712179861322363,0.8051558030417568,X: codependent edge
2.008755386185139,-0.007726281105681772,-0.4652254313297247,1.5564135475693035,-0.31383837434287754,1.1457018915330839,-0.5772161534588831,0.8472006404450342,0.3250649172735709,-2.2793346496816778,Other
-0.959427753141868,0.36633696893406104,1.6833038311598594,-2.6314681478867272,0.856436548085198,-1.9143194019650334,0.5066038272536545,1.0450126904507342,1.5760147269157925,2.79388587117192,X: subjugated edge
0.7492229272008546,-0.9145550467939221,-0.10735070243725486,2.4609819796589623,1.8793769079746487,-0.9151159608117079,-1.6362808773135507,1.481875935540877,0.15987235613666984,-0.38959901333019964,Other
-1.6873476944133516,0.30071454181772833,0.5503264845586855,-2.9564940506753143,-0.6050278138325613,2.2296116845173573,0.8036350479815416,-0.5868449406003485,0.47396228173773636,0.2917047075758381,X: codependent edge
-0.9302646872700508,-1.106582493787878,-0.39791672765667907,-2.3826111690934098,-0.35439936541152406,-0.700924626714235,-0.6345158998740876,-1.6566134415623317,1.5774684692202965,-0.6216752944052111,X: subjugated edge
1.5163686467253361,0.6905573182742532,-1.1692333178687535,2.5036021430362307,0.5663869932760259,2.1007250167710945,-2.763215319643544,-1.1960372133826698,-1.5342653905679908,-0.7605580753377789,Other
-0.2608998230008499,1.0578347681289066,0.014120328409205463,-0.4660099543209135,-0.5322963189697434,-0.20209525346366708,-0.5274668832362456,-0.6437724624356965,-0.24177403771925,0.7749832622525511,X: codependent edge
0.8399226051327979,0.2723334011283283,-1.5108727780611786,2.0274521168582877,0.076252771907806,2.246863856910358,-0.3847145427926354,0.7305267962446852,-0.38475939514803176,-1.3927701599043243,Other
0.2369553887192461,-1.8527978150649458,-0.29501530898815054,-1.2385496856540672,-0.8598504741816954,-3.2341381585142117,-0.5445310441356704,1.549293339504544,0.8949845105043313,0.15070579176679533,X: subjugated edge
-0.10495815600017268,-0.9667935211660346,0.30362582224483586,0.4930832483291012,0.7242719549087864,-2.5337720074050054,0.23888156662776072,0.9942312212497627,0.5694858587938139,0.7267759392305881,Other
1.3638503249326897,0.5647100032131608,-1.0677124012215415,1.9522167332692262,-0.3609813164708773,1.0422702165619044,-2.219956516814845,0.8584304306045681,0.640429830689619,-1.0878799937253283,Other
-0.23665882465190033,0.021198643512365802,-0.30153625351059754,-0.4142972622953449,0.40406368337483817,-0.013969958019535308,0.516955610707593,0.9198113421597569,0.012137119389900516,-0.5327725928321598,X: codependent edge
-1.7807381075634705,-2.694002617692488,1.5863289794567212,-5.71695619667012,1.3370720527908158,-7.0212785180218935,3.4562246423027063,2.326814572966554,1.7584068128843247,2.4505310205454727,X: codependent edge
-0.8032400919517051,1.2428303838682404,0.8359018794075996,-1.2254858384702287,-0.848776255559316,1.4059259246547662,0.31286350166763277,0.3225108860621877,-1.4418918125230293,1.4848632375084012,X: subjugated edge
0.5511917287016942,0.13665650625383235,-0.8563171355204182,1.1473311667873776,-0.32933784035643954,1.4339865086555812,0.49482477079559173,-1.0728198338807224,-0.4774695436776487,-0.13264173027027137,Other
0.39550910636250813,-0.819074664000045,-1.100632439602591,0.4650878616205485,0.21886060840021926,0.8041676942045407,-0.518598140217163,-0.3910868936229598,-0.31954847782086104,-1.2959427462776865,Other
-1.5670582502354382,0.9949555975666642,-0.18002582668529843,-2.4446824283638335,-0.6621676213918364,1.4964557300481847,1.1069296901347276,-1.3600211681442667,-1.246685373769938,-0.16679750483120903,X: subjugated edge
-0.724342519408201,-0.6775400129068989,0.9173640087413002,-4.594246313715204,2.2909510676884315,-2.608937958247952,1.2561635677336667,0.9701028566245294,1.2277055096939202,0.8110771640826273,X: subjugated edge
-0.5817213492022466,-0.6884521176042147,0.47701534888835717,-0.849296882527002,1.0552242732279333,-2.2753322636980076,0.9438427931267073,0.7174913002905569,1.107785365396254,1.311358939270256,X: subjugated edge
-0.365469594114225,0.3583526510140362,0.9955244396888763,-2.0098177118457152,-0.752582237060818,0.17840441270363117,2.1149165077430965,-0.008858472637058523,0.5647293048890165,1.4205295168985232,X: codependent edge
-1.3759135886015514,1.7810384592422948,0.42462741867426956,-1.2230726092516242,1.3277734891936621,2.03497566340259,1.6131830787208785,-0.7637654529980821,-0.5545108871388997,1.5184566171782408,X: codependent edge
-0.6283711081194786,1.6235871779728863,-0.5184989840361786,0.6262732090118593,-0.8885884020142811,2.3136417211133207,0.6437841666290568,-1.6237777401009301,-1.7252074564439988,-0.1299945263296287,Other
-0.7286104852595274,0.35971149890410664,0.9715677956455449,0.5178361630873896,-0.16532735161940929,1.1586191299168553,0.6675385070132325,-0.30006982025013595,-1.1427946745162065,0.08149086411730289,Other
0.7715332597619193,0.46238565885031974,-0.29282652042489277,0.31625642796817577,1.0486109920192783,1.0106873380509582,-0.0811140266643382,-1.6091584174601545,0.2643464680386872,-0.6036813804699244,Other
0.8091213109902438,0.791498932084825,-0.2644128117544329,1.4392365336630883,-2.091301088926391,2.291122139055189,-1.4434619787494172,-2.6711550700190454,-1.241629796177216,-0.6115290882679267,Other
-0.145810458088816,-1.256983675369349,-1.1519432247919839,0.08828106726270646,0.3529315446044472,-2.3594703794084873,-0.3272636154050853,0.8125735025269469,0.8512491949593626,0.6903948295390143,Other
-0.3920397958707315,0.6441483371519825,-0.2260567219784464,-1.4068496176561747,-0.5917174811841093,0.665252791521818,2.3547669888483687,-1.3815807204076391,-0.3730615739281383,-0.22074838615051479,X: codependent edge
0.1399243120391134,-0.7340734681435281,0.6307176917994832,-0.006388897107441116,0.25294810967563597,-1.8873439682293318,-1.699262712454286,0.4905411351020941,0.9945129062540046,-0.2388873804162559,X: codependent edge
-0.8165751074555749,0.3184780667965807,-0.5593201417635396,-0.6554656285833308,-0.033213140306788846,-0.12140767458808521,0.5355975140496769,0.7992918214705771,0.012300255006185673,2.1097202125489134,X: codependent edge
-1.146832082167441,-0.22746762760733732,0.9902177608879473,-1.9696463643997966,-0.0895585069743621,-0.7483809627490696,1.5094392446843299,0.07446226952214197,-0.023953981905535493,2.3610450826040683,X: codependent edge
-0.9402212089257169,0.5012083271142144,-1.7962627481898288,0.34460486430210024,-0.42449654749598004,4.019129311849628,-0.2742191118565373,-1.558555855001091,-1.1343089103099504,-0.6780984136447089,Other
-0.6348131639714567,0.1181034650064601,-0.6798014925860665,-1.3964524697506377,0.43752226470849903,-0.19925953001819752,0.01680975551428937,-0.4865174200845257,-0.4663776263862795,1.457127222910601,X: subjugated edge
-1.163473799792271,-3.0730302708212998,0.07100206929399402,-3.252308167136995,1.1412613239344993,-5.393471018989148,0.973113610897613,4.1012722306306895,3.06086892457081,-0.176040893930401,X: subjugated edge
0.16205955906287475,0.17889171170518062,1.502308635174648,0.32021734282383085,0.050469382452947735,-0.4701821145162944,0.365491759933037,1.0379129169192023,-0.4611871005096955,-0.02359603127662857,Other
0.7297156737837084,0.6421529522992627,-0.8788154354731168,3.351593455733612,0.2712249677998415,1.1463701671662199,-0.7762689046849307,0.08734459802214334,-1.4801683022264105,-1.0101667917482158,Other
-1.5870983007982418,0.4459283483384537,1.2879881719476987,-2.7007940702905677,1.5665901915205145,0.8364328089364028,1.4042103736124716,-0.8013429780911063,1.165762110321557,1.352057467767387,X: subjugated edge
0.02512871121603335,-0.10258594620857964,0.12923312436256829,0.4285750716599829,-0.5776858791638018,0.6871900964728029,1.55610298661144,0.04708451536083616,-0.9076466171097601,0.5492291616363317,Other
-0.21993579526633558,1.642161691930406,-0.34870733524789743,0.6239512898032055,-0.8244564848299732,3.3936660154004934,-0.18097676188481585,-1.3148538627582662,-1.2847820069677869,0.12884838689178496,Other
0.3415086855368029,0.3113731291216611,-0.6002827937691648,1.3673352501337501,-1.8948892178864791,0.13595819507239026,-0.09905021563018912,-1.0670748385974813,-0.35337067686698975,0.12045276749789213,Other
-0.012938768103588062,0.4376733001931063,0.2574389484225445,1.6479803311291148,-1.239506501151127,1.801146895536302,-0.37622547201457657,-1.3135411923698566,-0.653603976263746,-0.2559228493821165,Other
-1.4535992799316308,1.0444918940505687,-0.7546370374566879,0.04204033721168399,-0.7666787370546047,0.6570941823139202,1.450470065894074,-1.400347635114807,-3.0153405636040556,1.0365376510677644,Other
-1.2623892988571654,0.3625929996965988,-0.0013626061125424083,-2.2281316690014012,-0.2753889978852322,0.021715915639114736,1.4962796419057312,-0.8756559792111076,0.013612647947358558,0.887266075129893,X: codependent edge
0.029423575584972723,-0.8980177534142035,1.0444930329207869,-0.9002659752993721,-0.18787597740265805,1.1185923640457496,0.7623993605247521,-0.26983634353981156,1.6548425091050354,-0.8858579775243972,X: subjugated edge
1.0287809197455093,-2.4383374137796223,0.0776241571549186,-0.17617169686686585,1.1453313651428951,-5.815895093429364,-1.5071563362533085,3.368643051250203,2.5970711222995013,-0.2348616733006988,X: subjugated edge
-2.214187371043003,-0.47712090201808144,1.034965438140691,-1.2337669681090768,0.07699893221066267,-0.5063491799683209,1.5620726950229225,1.0542255422806308,-1.4721666187211961,1.8313584858335017,X: subjugated edge
0.34572657980157995,0.7609455258811165,-0.030643400091930215,-2.32594302218694,-1.0493974183958945,2.725429017102707,0.991545274417082,-1.2566350646264726,0.9987238572108019,-0.8407384409154958,X: subjugated edge
1.1896220052876432,-0.35309633141780583,0.39492117780513186,2.6521332260995445,0.9618502950055341,-0.6787300090196844,-1.2871072547364326,0.9617886125916719,-0.6089061152209285,-1.0158937592604373,Other
-0.1530258762062131,0.8011783722817295,0.985030148155626,-0.36502304006908437,1.1584953578075607,0.9075820732287063,1.03870960148407,0.2127147995950065,-1.0898738753387196,0.054703230922624524,X: subjugated edge
0.5502024960264408,0.148728175920273,-0.4704120762132725,0.6140548544686713,-0.7980364969884427,-0.6432776548884267,-1.3328408039517798,1.2865001129720424,0.3285116910619873,-0.7069359485422735,Other
-0.7030690808978022,1.2880660702621847,1.028000975214019,-1.0870222386880766,-0.7662506453280553,-0.10345703754039559,1.746189676220987,-0.6564358324074848,-0.6822029060103674,2.2605095976850382,X: codependent edge
-0.11936619927687682,-0.2952167071206611,1.4872891926981389,-1.2287067634841868,-1.189313060011244,-2.085162789118937,0.24400676804878152,0.3122988673815144,-0.09661821892110614,2.300491060474445,X: codependent edge
-1.6209135183081516,0.46761482656768805,1.0090525886734243,0.26680753566683735,-1.5509587289514357,1.5221522197191768,0.9473678879791546,-1.0201567881519111,-1.2532325618214042,-0.9608233173407346,Other
-2.344343308418874,0.5058850645353592,0.3133545016919693,-5.36144795690255,-0.4681604966536017,-1.1265117602790813,1.3650101495528655,-0.915903990703272,0.66195477805128,2.0327777382801506,X: codependent edge
0.9427658012252752,1.501601872631193,-1.4816242049066712,1.9805042730933315,0.15464735837687593,1.8604039319348777,-1.789157190622726,-0.019577403707589536,-0.9630739823516067,-0.24557636903561886,Other
-0.9849949277244419,-1.706637306334278,-0.2794991600697519,-2.43492555425647,-0.4112112256988586,-4.448637477671072,0.916476589955108,1.5841370163608606,-0.3449935767732467,0.37273169368936576,X: codependent edge
-0.4555278450034305,-0.4584082745531576,0.7891787842720757,-1.7538222521764113,0.04485119806601401,-2.500857881945992,0.7488141162783444,-0.258167220496225,1.3588756953610504,1.321723306598387,X: subjugated edge
-1.3864422532701932,0.8485161053885039,-1.2978808441307752,-0.24858586277221395,-0.5462239943258425,-1.137725925325841,-0.36558174984082703,-0.5417879607331284,-0.5290104227781818,1.9178657467922287,X: subjugated edge
-1.4099697030838758,1.545896479778648,1.2492147515154604,-2.0917626504552724,-0.1743065065225175,3.684338808788385,1.598663655145749,-0.6098207214535097,-0.10936896261810258,0.1251790408026856,X: codependent edge
-0.17383770009461635,0.24007151264208035,1.1898240633244992,1.1324009245016464,-0.716748837246015,1.3975585706973135,-0.19182695190133514,-2.0744638284619135,0.11559519554629405,0.5836393273500937,Other
-0.7295771941356465,-0.29270416442148695,0.6224699197333718,-4.283436404390995,1.6678496726509227,-1.6095984450721068,1.3099623832324867,0.27827038157052997,2.723491942944078,2.3242012526542792,X: subjugated edge
0.37797099799469847,0.7571183686744447,-0.7200471803483297,1.693030677673685,-0.5036627448507082,2.3035172633160297,0.012677694501532999,-0.5224133921587224,-0.906700494116995,-1.5137958086495478,Other
0.4525384189795919,0.868702675231683,-1.2142014746686827,1.2987339868193728,-0.5880688415111296,3.3687099775472045,-0.9037549817476226,-2.359503962975338,-0.7273981362308967,-0.7563579046906542,Other
0.32084964632460716,-0.3596616786673072,0.13855396029865447,0.04651219192920633,-0.21965417555601807,1.6269039574375461,0.025452099635510178,-1.1536964944136983,0.7797398858327673,-0.5481237667013785,Other
0.2386007909284437,0.3303073121775462,-0.5305199766769763,1.1463355215963689,-0.05833327324820686,0.636272709417414,0.8964085002973354,-0.4768267623905488,-0.4904231778255686,0.5798623219611382,Other
1.5777682049318862,1.1805272624119694,-0.2913011834454791,1.1872940636141969,0.5208620740674693,3.177514670610572,-1.4326139305434695,-0.2823493191574091,0.07115795415820814,-0.1003806331225221,Other
-1.067593769044886,1.8904589932744518,1.1557711083416007,2.519503977781411,1.0231036172264298,1.8093154117774317,0.6125988629992176,-0.5541098370281068,-3.4271683665499886,1.1786455368036735,Other
-0.05493486620291775,0.7426049592352919,1.0216849256245988,-0.15761034838603974,-0.8334867868135356,1.0684364815925127,0.9353557931366004,0.25477689102603573,-0.7946050269988253,0.369591043092931,X: subjugated edge
1.1326898205195888,0.044138896665593126,-1.7922812226945022,1.327099660794868,0.48669241510052025,2.4672484019658283,-2.5055342399262264,0.2476053302131635,0.02977384333103189,-2.735208418839195,Other
1.2645398093380364,-0.05407517603790821,-0.005152550474090634,1.4707032601977854,0.7352152853539401,-1.227225946141549,-1.108650227171575,0.09191362034231293,0.13738051856590494,0.3860555017609617,Other
-1.4217636493445729,0.5573965571936229,0.18658684354505134,-1.4278672750178494,0.6311906426648737,0.8722530502035846,0.701044282041065,-1.1145313183124603,-0.9183384756085721,0.6799310570841278,X: subjugated edge
-0.3123554416558699,-0.11567284247945017,-0.1331045737752343,-1.371187307145464,-0.19620107793080196,-1.6718529728993408,-0.35199535186360575,-0.29000656552954995,0.7865314369967563,0.042123365255847214,X: subjugated edge
1.3581210958672605,0.18964049902238825,0.4778079601082536,0.787568189440017,-0.006956013054326998,-0.15224051863619245,-0.9911429365851143,0.38528640085630717,-0.5541312284869965,0.08642350794538478,Other
0.5080791051990653,-1.0578762645308748,0.6004213054581109,-0.42301403529433057,1.1167061416269275,-2.6092920690847756,0.5640487532174128,1.8604666147456124,1.192864654494335,0.01783469741798488,X: subjugated edge
0.19526303147977275,1.297057196491159,0.7793790998857646,-0.3651392903003865,0.016562669453517365,1.0659384828671932,1.0335249125819042,-0.766875441067917,-0.8697074706403998,0.9601584173536459,X: subjugated edge
-0.21768469343465674,-1.1401847271486785,0.9784256961141667,-1.6933822883278322,2.27041147438365,-3.7134763355653613,1.2982094806453703,2.287159910305189,1.8475530916374634,0.9479213751374307,X: subjugated edge
-0.38380092570774543,-0.4321117604530126,0.0357594748096718,-2.8613857934655718,0.31494796124585644,-1.165459024374578,0.5562080247914721,1.4230980722063387,1.5916737117365192,0.43341744586331343,X: subjugated edge
0.2882190630903242,0.09759326085181382,-0.3396285434254881,2.664481526553619,-0.14884024709872673,-0.6114625053811384,-0.5622845628999548,-0.08371917449331848,0.057750583248065285,-0.025354634836659173,Other
-0.25237412498448336,1.9909868798886388,-1.504704071022097,2.403284040779522,-2.9062142136872944,6.008483354960994,-2.2562049847715495,-1.7755474277630852,-1.4508182636095346,-1.2417248746566638,Other
-0.04257862104444418,-0.42268298485232736,1.4988172843207137,-0.5107444952507039,-0.8764924338063748,0.07921455849084452,0.9821474886856103,-0.6223944860481325,0.13493585607574976,0.3506881789006492,X: codependent edge
0.07859870611503737,-0.6660158139603963,-0.4546501624896294,1.7959317670683181,-0.2555352931512922,-2.2502118146569767,-1.9730403962757768,0.32955269514684776,-0.07385727370864636,0.7339557847191303,Other
-0.6780715284934992,-0.5508169173337938,0.2154309272728042,-1.9420257708106063,-1.1950207791948495,0.34180052007635575,-0.8370278937118735,-0.4852715850326523,-0.12079914356743893,-0.25846827283057605,X: codependent edge
0.5321293738814383,1.6588971676113125,0.19238854991799065,1.3982748696267504,-0.08711624415027375,3.9751611536511144,-0.4337729247881933,-0.6888463367718513,-1.3454290564018256,-0.8961521949409412,Other
2.9142446484154196,-2.8123469935060212,-1.6904222390049886,5.086851569627167,0.25888520101802337,-1.7845739503712275,-2.7479405603909366,1.4648952506440398,2.3886289182159257,-3.149066337443729,Other
-1.7769866393260751,-1.002738012148587,0.08049954739964382,-3.6312467245898796,0.16824828238046752,-3.3978861237568907,1.0306510979524504,0.5864411295550325,0.7929084285395283,1.3095646871519868,X: codependent edge
0.3240125241899799,2.7312887091595517,1.1269704591276675,1.5840053733490267,-1.4232656457765676,6.749957815138507,1.4157756749104413,-4.083693440586109,-2.8774422498643806,1.319632521870218,Other
-0.7601900886189056,0.5908820734916369,0.9146138482774682,-1.9556995319393389,1.218900024097295,0.1474949347693284,1.32829504132792,0.5511255199024512,-0.20707126503659784,1.2335937073068834,X: codependent edge
0.57740257751925,-1.10598494933922,-0.4768156148550754,2.884917323240958,0.0888648975324301,-1.839674449975615,-0.8346748899206646,1.8045706226881206,-0.5514795078844513,-2.368774552724793,Other
0.04655747332786092,-0.04191798217477153,-0.201667463986286,-0.641404293295277,0.3212442052388375,-0.6590580931455413,0.9140639950966222,0.8590293424636279,-0.03329276036760237,0.4605686532607582,X: codependent edge
0.7618547740424635,0.06745456606786167,0.6081235655759851,-0.6460578317678359,0.09421247765349187,0.037312541865286014,0.8760995346504139,0.6012754004955083,-0.014471736929451045,-0.6885450798534748,X: codependent edge
1.1755065765087795,0.8461252459056059,0.4790654425901253,3.1348993125372164,0.567976813157265,1.0568100702648777,-0.2816314631100264,0.2505459284765262,1.1575926044365836,-0.18738464234903085,Other
0.19242111776818133,1.8395020028225635,-1.5568438218992262,-0.1433252557705882,-0.16446983946555505,2.2393512380470186,-1.4263388029989101,-0.9288675585490438,-0.09883300195652889,-0.7192020221538472,X: codependent edge
1.1320522884141782,0.38855168127921547,0.9942406978376312,2.601622988707942,-0.16309945272535284,1.3000548357848356,-0.8143337255499987,0.0959882021937391,-1.1804518366485222,-1.1689498509208516,Other
-2.3442978937886774,-0.5397883030129608,1.731970248324302,-4.608385824278365,-1.1626842705121796,-3.0256566804637837,1.4525559973424411,0.39081839875070956,0.17356112223678327,1.9826338525639828,X: codependent edge
1.5904522979160232,0.7870844420982043,-1.1796998910039544,2.752630798905545,-0.9658969331761544,2.737538234439677,-1.7555168342391818,-1.5167285489335918,-0.6149602003129102,-1.7629535462652495,Other
0.3750621518923401,-0.6982526968628611,-1.1996120241371413,0.18301245410159606,0.17204995169856135,-0.5326666775718774,-1.6086531058643678,0.4509669182716136,0.3096074886203567,-0.34211629998241105,Other
1.0778433557451819,-1.0333374959890294,0.4300182353215092,0.8558588468931276,0.5161320375565577,-1.3763230840199154,-0.861680387811596,1.0599449844236075,0.6848237375108024,-1.3246970005699175,Other
-1.2198757448415216,-1.759908871956445,1.1326297817833535,-2.1812442211541843,0.28975612758546143,-3.2441220284560597,1.6200404377250213,1.1985430573561562,0.9300103232489612,0.17665379238135115,X: codependent edge
-0.8307698816053357,-1.5651283945004009,-1.4878745334939605,-3.938198294293082,0.9780455180327338,-1.9609163499779965,-1.5342476103712348,0.4392345519639007,2.9025493256858903,0.7159076333505672,X: subjugated edge
0.14593829414477413,-0.8964451561242719,-0.3599352777686269,1.782587799700024,0.2137417994479034,-2.351308550988986,-1.2192305469953906,-0.15773906332569265,0.29305527589629504,0.7396731016367739,Other
-0.017037889337463016,-1.177789767700871,2.522297028287585,-0.09537985974509933,-0.5111095612991436,-3.392588841004541,0.7676760386060163,0.8258251094586441,0.9020270526752012,1.2608128605346387,X: subjugated edge
0.2830685880099896,0.31323652737471736,0.19577324494583015,2.5951082522910602,-0.21830569056451105,-0.45427304956301284,-0.16359900732424795,0.3461669752563705,-2.4187710636327115,-0.6767195181947226,Other
1.0845151609299661,-1.1994018258240353,-1.0229926830500276,0.9080034600254163,2.0463145233709867,-2.0962745267831107,-1.6441511778735682,1.8273993367547503,2.0935386696867964,-1.6408921042834907,Other
-1.7652203153028492,-3.143666302024744,0.28596266269867077,-5.239866432306268,2.190362098566502,-7.2498833668828215,1.249709986151756,5.41702906726413,3.7071083120506048,0.6530661555553721,X: subjugated edge
0.9738190717173091,-1.0439117745894657,1.3591448750215664,2.7013837981055984,1.4502546075436742,-1.5116395858523224,-0.6483895071224449,0.7457265817203002,0.21939351101072613,0.5315967561780843,Other
0.008281909957927018,-0.47185964772141936,0.5977066718553261,-0.8411765382707178,-0.8401882733543395,-1.1164551994688305,-0.8242933114900182,0.30951661933088526,-0.3804514485625358,-0.5273627693363421,X: codependent edge
-0.20378186112454774,-0.6054494878719654,1.3377470669667306,-0.2751239108649144,-0.3034977488575474,-1.8148858392216762,0.35375949293466563,1.285915086905159,0.6862708345669362,1.2852167630059905,X: subjugated edge
-1.4711152343848903,1.5195246793091843,0.6222826967724793,-2.2484945479760374,-1.214607724497839,1.3029329649962338,1.2234872456385548,-0.886959144631732,-1.3355317686497417,1.6842773952207708,X: subjugated edge
0.503048668376865,-0.6135425592891501,1.1412226725694137,0.7376246514324268,0.6228479291699791,-3.435944026483826,-0.0965288763310988,1.231738633924317,0.982071194230281,1.0674531016295505,Other
-2.414107851031037,0.8809234631991979,-0.2658024143924821,-3.7966582767058776,-0.8458925996800656,-0.2856584046328697,1.7748167408940008,-0.23865378687384575,-1.0705229358720518,2.393109495992301,X: codependent edge
0.6483940112387127,-0.01898259968086171,-0.32966664330286494,0.6422315616048169,-0.650357412827281,1.2228454226726384,-0.3204745700589257,-0.2368781252683552,1.401007044938169,-0.059098855356960356,Other
-1.492105835472992,-0.042304725672598735,0.8995218313196873,-3.964973474755874,-0.16136319846521188,-2.413197002280973,2.0351588708711055,1.2062764135605162,-0.5901900001705325,-0.008653663408416223,X: codependent edge
0.053457912617474034,-0.835380288848037,1.5149033839294808,-3.5245834134220995,-0.024013046325337184,-0.7643274417083077,0.16644996167161785,1.5780986755553221,2.823631779944606,0.9383324914558571,X: subjugated edge
-0.11916883732792043,-0.058782651580767155,-0.3313501371865566,-0.170503536303722,-0.7763652801836458,-0.15684324778176306,-1.241578536677849,-0.9444480879299753,0.8609344692191705,0.0762070863346859,X: codependent edge
1.1695381472938837,-0.7650961268974169,-0.5389905013514453,1.6626030665141098,1.6160497213499778,-2.421372610536612,-0.16600206178210808,1.5422204230063428,1.6894253931649885,-1.2391626241040141,Other
-0.17865516901389017,0.1700243142545705,0.07600254717198766,0.9954799069944498,-1.3866664838715823,0.4809343838556699,0.45727695969612825,-1.9119906255782793,-1.4109217386306505,1.2968172345849573,Other
-0.6941385611456656,-0.2362496326236882,-1.733036152056842,-0.46732618246895136,-0.1738385363583838,-0.09135032668066967,-0.9752591109467836,1.2403016130332756,0.8746407264386089,-0.19735609995563805,X: subjugated edge
-0.506602695971203,-0.9446279331916002,-2.673517873442438,-0.4414548543148119,0.6256931735121083,-1.4242319225425175,-0.6148522287013787,1.1582064587479497,1.3150637747066953,-0.9227951890587296,X: subjugated edge
1.2728827687546636,0.9918943397005953,-0.18621422872101,3.276454807451647,-0.9502174769248621,1.5577269367490827,-0.23746242953935925,-0.15993898634137493,-2.731465406154833,0.07220967443108728,Other
0.5362969691808936,0.42684048002142533,-0.5119999129084851,2.011639466079985,-0.6047024631162904,3.4047244915391195,0.664259706235055,-0.674264596994272,-1.652767312086854,-0.8465217905762604,Other
-0.3856299815231613,-0.44806273414224823,-0.10650938665921986,-1.8503484905699568,0.9231435439486886,0.16912032586404732,0.4292509692640203,-0.6407389786903872,0.8721675778302405,-0.2738625655369999,X: subjugated edge
-0.23644641996451343,0.14549304703531002,0.9742720516016754,-1.0609563946593739,-0.7023000346484024,2.3705026037263,1.4105102162065346,1.5528708549342296,-0.4185652543834104,-0.5121091984413114,X: codependent edge
-1.567177090585447,-0.08382252150196365,1.5752458095562338,-2.366401931933367,-0.1506749173588158,0.42616813191612435,0.9770418780033474,0.0933795887054356,-0.42972431434957464,0.7940892335469201,X: codependent edge
0.388474200851541,-0.8675909372632739,-0.0057530685300987705,-0.6757258287604527,-0.9043125171212272,-0.14465917746127882,-0.32087159517470765,-0.5064038973084466,1.2097471693719026,-0.878465090607796,X: subjugated edge
-1.7598157076954657,0.07049622902116384,2.133969634987742,-2.4528110832845433,-1.7350872730688565,-1.2819823805780632,2.0288886295738435,0.02566027164630824,-1.3175611259408393,2.3119614944665106,X: codependent edge
0.7517964658354561,-0.6210117548073745,0.17398800982791257,0.8041155669542828,0.09799849802864144,-1.2720910969963612,-0.2286253561758742,2.036751101151641,0.04610238846973558,-1.3026827593938528,Other
0.12862159249126584,-0.9449338356200992,0.2793649291954711,-1.0598994125765522,-0.6756579187854825,0.009669061045765814,1.2376434753466787,0.25282568241884723,-0.1384657022969925,-1.5789576008772344,X: codependent edge
2.3869517995739225,-1.6227673302665249,-0.8619333052591422,2.8413893318002206,0.3272179547263117,-1.1458502577873726,-1.990666791337612,1.289891769281505,1.5866080202889035,-1.5523533308235276,Other
-1.1001355537243058,-0.3586073535386307,-0.44395062416197417,-0.6134111785049119,1.3369609143102137,-1.4191426007444146,-0.07794417002981646,1.0491226026272535,-0.8273564157546835,0.04304432433255778,X: subjugated edge
-0.10266209104063294,0.5669706595837234,0.6667719909290456,-0.5014677884450665,1.1959188090940969,-0.31415454251271746,-0.5705349707143657,-0.7202925042595241,-0.43277636007403514,0.2529350762603299,X: codependent edge
1.7982877009230627,-0.6946593533788596,-2.962439140816099,4.114328733452924,0.06823833655429361,0.9795865906873462,-1.4474783419940875,0.03370117929754968,-0.9923503569007364,-0.9675651684435236,Other
1.1913896402914144,2.5207086921579696,-1.0739508193058813,2.959978039095324,-0.17456410159550462,5.100015295533314,-0.9914750396172829,-0.6326409665626878,-1.9567740343369424,-1.0357754777463186,Other
-0.6962120515798997,0.8856856536527323,0.577555767428448,-1.406213930432422,0.34351902520519456,-1.1697011884022999,1.1181201442590192,-0.6088355073218478,0.141951690981174,1.9089825118648844,X: codependent edge
0.22396742837344774,1.3043301326604781,-0.788529537317208,0.43557645457322425,-0.8210050807101101,3.1790755967023183,-0.7806124044914573,-1.9758676193338156,-0.4643540894822996,-0.4400625300151094,Other
0.001999356415087233,0.7952430120737586,-0.587837509005087,2.223206601325519,-2.1175401547149844,2.482231854200459,-0.06513005786272208,-1.888356750949518,-1.7706285871147878,0.6782621747817005,Other
0.2819558673941572,1.8528649749385728,1.7356711947113883,1.6214956379107734,1.0049022537974999,3.3100088528596707,-0.17063479252060065,-0.13282495149745388,-0.4495678975922825,-0.12788310266686043,Other
-0.6986804359848298,-0.7870019834725421,1.8097124034441254,-2.9637411617695077,0.010467781261443654,-1.8825124145107086,1.6287796753162174,-0.886960674671648,0.3573027147273876,1.0885930572511113,X: codependent edge
-0.08932040270073452,-2.5607373856586215,-0.49035921720510384,-1.492897709786345,2.1329455302209888,-3.3888173158041837,-1.0348239481472665,3.071365950858798,3.4612851868610477,-0.8820723056334416,X: subjugated edge
-1.5980523752767137,-0.44612560835288306,0.521085716823469,-1.665938319865629,0.9733293675995618,-2.336753901469339,1.1635615202572769,2.619256480466311,0.4715120234563861,0.50299051781322,X: codependent edge
0.13512345186808206,0.5582185755475376,-0.8296937638797699,2.0163834199736677,-0.7219345683587673,0.9881066744100571,-0.9568746441415124,0.7797624830446735,-3.1065127025542676,-0.5277048380573001,Other
0.45002067342183205,0.15151697174797846,0.2645878550475129,0.7735303381639229,0.03501804007425527,0.11891487649142818,-2.6614767022949244,0.33202247483643565,0.6724982377904176,-1.3423910275890147,Other
-0.227419412643884,0.2754726109677837,-0.124893790634247,0.49381267418997316,1.724349486043104,-4.5152115380324656,-0.14571411620255328,1.5566847680265443,-0.05198667066935386,0.2458104570062865,Other
-1.6150508905847878,1.3209100026698724,-1.4813729927441064,-2.4581442914897984,0.4678418886113338,0.5979428694405174,-0.12947949714345364,0.19996606146990226,-0.9513088944790358,0.34802519619151495,X: subjugated edge
0.9885318628514624,0.3820575744624996,-0.32026571187024067,1.2158749858920805,-0.6294718616869346,1.7032610840500784,-1.043310880398293,-0.6641945212228192,-0.15164403050227898,-0.5392324829651174,Other
0.3645250379928023,0.7989129275910215,0.062387604794796714,1.1121515763593135,-1.0679638520831116,1.9602534201488733,-0.24402725597555264,-0.38617307660743627,-2.0506842846726236,-1.3344373301035668,Other
-0.7260150977009768,-0.9395627418527589,0.9549309689202635,-2.033999226767198,0.2961796488932535,-2.7363493143454853,2.3001792165260393,2.179390162482051,0.7630252155191211,1.3548615682351415,X: codependent edge
-0.28060044683806395,-1.0953936892160367,-0.18348571567568478,-1.9912995462539538,0.023356824922503294,-1.4092575478724174,0.35641351094262147,-0.11576584421594427,1.1733353911198643,1.57031619139272,X: subjugated edge
-1.5006694027818388,1.6141139230244876,0.12448798620801571,-2.4797153704669688,0.37086108834054643,0.46290494822279815,1.4321061206176395,-0.6112097944039222,-0.6284611624201442,2.276334642038142,X: codependent edge
-1.0254101277779044,0.10090153514706786,2.202896583870853,-2.8829122617296763,0.7490132893895474,-2.6147889060754066,2.132071434989746,0.5324864149314092,-0.3499735744071378,2.945706108321551,X: codependent edge
-0.5378113463571395,-0.6232291834461349,0.15888082010591914,-0.8695644522312671,-1.2552265308967105,-3.0394917207444374,1.1287112629963627,-0.02005668758826032,0.8716731789640326,0.4333079665595846,X: codependent edge
1.2284208122801512,-0.6213944935471182,-0.36364888778325855,1.469162853287104,0.06203287950836578,-1.6024312150444553,-0.744248018321691,0.5049356451881385,-0.4253552722009159,-1.207046869653185,Other
-0.6395033908874757,-0.6491231216382576,-0.4530227752920105,-2.227175929431977,-0.14327448939667994,-2.8311586993420415,0.4870520626022914,0.5961213003980087,-0.15274570527572046,0.6942163803787875,X: codependent edge
0.6402136593287587,-0.7089590210458417,-0.08207588749789652,-0.7178921732659582,-0.1647467376333877,-0.3167938940697277,0.016340795051735135,0.6942623822364705,0.29579812219170804,-0.6432484486012691,X: subjugated edge
-0.5383162028615798,-1.2831478026036598,-0.9774863564422632,0.058882540812022155,0.7320909091325081,-2.0684335752217367,-1.8561075238761617,2.130763230709757,1.3048214498132027,-1.4227119518147138,Other
0.24794756085187486,-1.5004204022205085,-0.3323187311731449,-0.5227517630540816,1.6912871242481393,-3.8952959805339518,1.2312845877922984,2.243780504997429,1.2067975781151796,0.43554305275858807,X: subjugated edge
-0.14139550214380217,-0.19500437765441916,-0.9025043228694718,-0.5681281986583762,0.9744159060855077,-0.8111996886812035,0.8922170648516383,0.45133299497201396,1.463376481452379,-0.3780858181066683,X: subjugated edge
0.8730566000927434,-0.5929258703203995,-1.0501129186615783,0.18005383694401877,-0.6600730600121322,0.31385289727038534,-0.9644914495728002,-0.48227956738343175,0.43837317926559927,-2.1297705250418795,Other
-0.5348113382185579,1.1071592854432952,1.3222882768437862,-0.30619953960457186,-0.36512114817049157,2.7384254536200863,-0.06361660956295268,-1.349005869129471,-0.7648806108444014,0.31227392742793986,X: subjugated edge
-1.572528250002441,0.29307665326691656,-0.1076005382196849,-0.7933493355885943,-0.6213284323844468,0.050333193012520205,2.0387387696726806,-0.3035307073639155,-0.15578261908413377,0.8099520714103745,X: codependent edge
-1.3819490313636327,0.2653176800779831,0.7612689235782941,-2.3974988521538227,-1.8553612056498512,1.2880474155648756,0.8586254148344237,-1.5634538560126656,-0.10609481242819896,1.1367051879614987,X: codependent edge
-0.5318774939427574,-0.7431204075544506,1.6928470291433113,-2.592553768896238,0.3841417126979931,-4.306424528667851,1.5610700460027598,1.4396118929159014,0.8029294378896553,0.8738427274916821,X: codependent edge
-1.2490599706780527,-0.1210284157799757,0.6530033911387007,-1.0947277503597417,1.8496743269124263,-1.8769614922040851,0.26846730268185515,1.245666114450215,-0.9045185398460075,2.1714567816126884,X: subjugated edge
0.4102120156795513,0.36100110363144033,0.9786797620269205,-0.2118377646359793,-1.3040353427413636,0.7635997293076731,1.8025520553822927,7.883308556377866e-05,0.3002212142416949,-1.068293297346173,X: codependent edge
-0.4657681648580778,0.7161957397126754,0.4364999566087078,0.5234165424932222,-0.449062999019987,1.0989421131240442,-0.5359114674639883,-1.2183395700687703,-0.49852220365455174,0.3043767471752704,Other
2.3746065500264315,-0.09389182651836551,-0.38717742505052255,2.9426340262652593,0.33010819214592957,3.007298780549128,-1.903445201055183,-0.40433319213174435,0.7421870310192009,-2.406766751222846,Other
-1.737714595137132,1.079123779324209,1.1015955507039266,-2.021914124204013,-0.27749098027726105,-0.7261814791669923,0.20736353328599644,-0.08217085591717543,-1.1297297477720996,2.5277361656071653,X: subjugated edge
0.20363317870980122,0.007989308907942713,1.6838249004946602,0.8948074868112271,-0.6299633353526057,0.6314140405918085,0.5740794820430046,-0.19201001508896404,-1.7468911155698166,-0.10445008645775533,Other
-1.127953023505669,0.7928471185176799,-0.29633697097203804,-0.22279035686816728,-1.6382824472279012,0.6445615569886578,0.39364922683812775,-1.4837502868172332,-2.9439085380980483,0.3520130120998375,X: subjugated edge
-0.4934013403826786,-0.4898522085891503,-0.708145078911364,-1.6625390114599563,-1.0658745181648674,-1.5066295530834841,0.9042732652063699,0.4117409950069697,-0.8040710408206169,1.0005084081325035,X: subjugated edge
0.14141947334054417,-1.8125883665686418,-1.6229187027625702,1.0848137870303567,1.0575050995944433,-5.363212782294007,-1.1554125949424638,2.331405498728276,1.935134069476868,0.5472603305771659,Other
-2.325371374874287,0.26835898801852265,1.570834140265124,-5.527088668588163,-1.0175183392310092,-1.0997249222462262,3.3048715814097687,-1.6009752962178152,0.623518467738293,3.2344716429462044,X: codependent edge
0.23682611678802748,0.7253240631466256,0.9037171540679109,0.564521840403766,-0.6518474697218954,2.038512648105062,-0.5390372939519639,0.20115943357974464,-0.4103393404773455,-1.2794679610014863,Other
1.9029074622741677,0.5753473318075695,-1.2424385182087263,3.8798751594711476,1.4676266296094558,2.597708321216368,-2.1977491321831106,-0.07888372309295233,-0.8280810747601229,-1.1991444186559896,Other
-0.45343829836859284,0.42218666143744,-1.1432231026795343,0.27755658564937,-0.2581976298481883,-0.7985298355160082,-0.37080574586972537,0.842184606296664,-1.0183861409858928,0.1813673661066655,Other
0.2598078568055095,-0.3485869659549873,-1.0044973087741944,-0.11621072116104919,0.07302376638488933,-0.1639414966692812,-0.27518848982783173,-0.7058605408333064,1.4051542916397088,-0.5137665232705468,X: subjugated edge
1.0249216931253993,-0.8067462514455923,-0.05789405331084124,1.3459108361246226,1.0217536012847397,-1.865847022217892,-0.5184627740286356,1.3028979710225606,-0.2832525961352603,-0.6269844220905929,Other
-0.16395350002699655,0.5517282690437805,-0.26400618154682143,-0.5644215914433983,0.40558202634617124,-0.1193667922570367,0.545831209516699,-0.37050019063091544,1.5495581823126028,1.1202757686681137,X: subjugated edge
-0.5809601885314832,0.42644741619827503,0.19172688437190571,-1.2038805375945891,-1.4460012655127001,0.09156270637255637,0.7221201918332745,-2.451962138955059,0.883640696768246,1.31794303084496,X: subjugated edge
-2.2757364037217522,-0.5608990908438263,0.6533533066785113,-5.89233376669001,-0.10834657784077856,-4.825013921211663,2.4967974107564808,0.8655743416432667,2.146594195085656,2.4376108970802943,X: subjugated edge
0.6409907193949733,1.1094241891920569,1.069953304055696,0.7866445638867354,0.30103521343760437,1.568941122574866,-0.6726619992410205,-2.139555065905875,-0.307218894581778,0.08021909232006533,Other
-0.11316840972889723,-0.8828655145476005,0.1263401362027644,0.03197217943698516,1.743685930173668,-3.2521039877648144,0.4333283687488426,1.2280576587635814,0.8066722685493206,2.0414636688385457,Other
-1.0126838513881617,-0.5835233787910404,0.6414535932485513,-2.9916473244724022,-0.654530583514689,-1.7540214180276679,2.2543214510872307,0.971310379798811,0.4858253473885754,0.5101511639870904,X: codependent edge
0.12659671027769356,1.636425212341665,-0.24756314773823365,0.329689024881026,-1.3307799905277184,4.836559091570088,-1.4663455247311732,-2.223696887965001,-0.6906131767862465,-1.5301240103877294,Other
-0.5836803568061814,0.8685819377339127,1.0320895395082768,0.18255613927245007,0.4347230555408807,2.142695273371941,1.2689565266100566,-1.1336116919436778,-0.9873208627865502,0.46356168115094265,Other
-0.5284261311155256,-0.3580093058910226,0.9026288698672696,-1.748235031176435,0.9799065393309965,-2.036801091819506,1.3100874232305038,1.3097322750387228,-0.4093447415237733,0.6633427293125905,X: codependent edge
0.6062911561087082,0.2873807096435505,-1.0320650150501827,1.6482139670896592,0.44663297878536357,-1.2398088250353512,0.17674215924964898,-0.20168922967629888,-0.2941535875587625,0.40399772707446213,Other
-1.3383824113238445,0.15479224452383833,0.377178460112442,-4.102586947008788,-1.181938785612686,0.6957169335147437,1.7180523155111393,-0.951761407935954,-1.1116582055268123,0.5487707514055158,X: codependent edge
1.0473152860737585,-2.7456138649773782,-0.07597720436722744,-0.6273626069902116,0.12652513595188403,-4.9304588269602245,-0.7444392499015398,3.0723910677883737,2.8773600598736673,-0.2860025343333985,X: subjugated edge
-1.3976861631184037,-0.9064739494733817,1.5209695175945521,-1.994770454056711,0.5503510163848504,-1.4707113738080897,2.05525580188888,0.05205436811228592,0.2303482854032355,0.10912922808311643,X: codependent edge
-0.6627014083552638,-0.050846617109281525,0.7463179101110992,-1.3214787710123435,1.2514422728678887,-0.20799348536572193,0.28159073989543726,0.25657854401969454,0.4897782295891408,1.5738565059553435,X: subjugated edge
1.9229461940665773,-0.3566114765593062,-2.097841464313794,3.8105764769603265,-0.6822448084735921,0.8989099627588557,-2.67721435875945,0.6102837019086914,0.8627084597381377,-1.8211959631498884,Other
1.1273547616424222,0.24710256483042056,-1.1781770455450808,1.2978707496113175,-0.19942566159422442,2.006248005867083,-2.377472871503599,-1.1990289879723548,0.8674215981759227,-1.3247063695125032,Other
0.09760399249544019,1.12948231294792,0.06931428125713951,0.40120941307953967,-0.7940064334047352,0.2509666306783622,1.0732605679523,0.1270957400590742,-0.7950900438610555,1.7692562497315711,Other
-0.9405302155012165,-0.32153578465392746,0.42660845440211337,-2.5693433389609583,1.632658888797922,-1.2385749280302847,1.2349894553199978,0.8132127246494311,1.0254477277856935,1.6487481940650146,X: subjugated edge
-0.5292723066998932,-1.0576547961228648,0.517063762789766,-0.4838895349113001,0.9370218252697136,-2.7023005562226317,-0.05745142196314568,1.8707964545227935,0.1041401316828221,-0.3847194685695673,X: subjugated edge
0.0732753145856964,0.32485165851104525,-0.7909726231717329,1.3717216113578083,0.9922394748639023,-0.5930577271635775,-0.20737644436961383,0.8571954033223786,0.9561164143123096,-0.3779037498898436,Other
0.03752323233959842,-0.3266233335678035,-1.290546943730995,0.21454094692950754,-0.17742098963815042,-1.9870245244656561,0.2606222335621028,0.05091211186686423,1.2330736258803041,1.9143174248636334,Other
-0.09087092962596285,-0.15606350082190265,-1.8375450366070119,1.640124333377576,0.04149287743914832,-1.965132605515501,-0.014147825162895145,-0.2235396634208755,-1.475910972790271,1.1897968618348176,Other
-0.03083251408418433,-0.29177371915307865,-2.6784053701326695,0.7910094360171253,-1.2107848202949996,-0.20928547791142732,-1.8778869908713642,-0.35824630123358797,1.32492141881628,0.0010381838564864632,Other
-0.2143751097051141,2.2418378000109858,-0.31559289478224717,2.240301534254967,-2.8914004529098776,5.303678298560753,-2.3316145822828367,-2.447995368199903,-2.920175252719872,-1.525324963537147,Other
-1.4419787356400129,-2.240704260997945,2.193201979673231,-5.229218593131943,1.5646795247376457,-5.676752513560565,2.364964506255249,1.644815348909756,2.4312978819849405,2.7275745032510272,X: subjugated edge
-0.5165107421608328,-0.38833390313264615,2.148771168173683,-2.7618801603976775,0.6429961614141622,-0.9419975728791694,0.6891778584201071,-0.3218452415624701,0.5112433515539732,0.4404559445036136,X: codependent edge
0.9146240539868465,-0.0036890256483920517,-1.4374931004601104,0.5341660442491745,-0.10912291774462568,0.826884996134341,-0.8660943062118089,1.0668134975664298,-0.08165847784592259,0.09923667882352971,Other
-1.3683342975511175,-0.7811424922827788,0.9217773592744489,-3.826105094802255,-0.47285326472183753,-0.41807306946771794,2.153753326089021,-0.1780684027374152,0.19034635903192057,0.5516822884688798,X: codependent edge
-0.18955551153927852,0.899825832128283,-1.3062198644256606,0.7767087454700792,-1.2102153022912465,1.4592081116764952,0.3895925280354483,-0.9539033486059711,-1.7916302137907802,0.14685023746807807,Other
-0.819753928770844,0.8132576787196394,-0.8358787301504353,-3.048091193413695,0.6108170094220352,1.5515127215929227,1.5472253824943358,-0.48672876147414107,0.09988142070962591,-0.26216379779909044,X: codependent edge
0.11135042939811132,-0.04775461848854061,-0.8924848659403792,-0.33940899788766266,1.6601758140209928,1.2677820221014366,0.4421366768362235,0.6644958717582932,0.28595527778151797,-0.6489115011579198,X: codependent edge
-0.38863318106681816,-0.27067375534369414,-0.2307306802267903,-0.6655931899242079,-0.6084255091609947,-1.9141261314958147,1.4998077012860742,1.0020061284260566,-1.1195986849006299,0.7122595043171563,X: codependent edge
1.477393664974669,-0.111956834231647,-0.5060664397241629,1.393665425156099,0.7760576987868246,0.35112402839901735,-0.3014798891803767,0.3693166993096635,-0.5741647332950626,-2.2331894739879585,Other
0.5065831541902538,-0.10478665364781072,-0.5610881158986606,2.5546855055740685,-0.40038416556180373,-0.7869793210300986,0.4672361627195376,-0.3692024804303617,-1.1505832489351404,1.518949843974372,Other
-1.3118031657772113,-0.07837302812576266,1.1514794503819457,-3.375862329556006,0.053595371889231455,0.11272846276478504,1.4713670225314546,-0.11938903876169338,-0.3788808879082003,0.324977645739537,X: codependent edge
0.6712280116136986,-0.1879991015167995,-1.2433236503878826,2.3941418221822275,0.9179197912452477,1.3185790508813726,-2.0299114748091043,0.17646941788983184,0.8099097655269993,-1.7299729948126314,Other
-0.774651856262063,0.2524493145923928,0.2355471571956571,-3.7475764552356834,-0.5399313267859754,0.8008559206756363,2.548687803796402,-0.9348741024667666,-0.9305217955298959,1.1055515564683684,X: codependent edge
-0.5769963713775336,0.7532120648278651,-0.4779258274988824,-1.4512020341794232,1.040847591980769,-0.38956640636670115,0.2648953575706683,-0.4711127794164628,0.6517917586822475,1.3298198592749169,X: subjugated edge
0.3138190201071218,-1.2302601475985768,-1.0706377506340217,-1.4835658859353793,0.9368222481673182,-3.6706251598763613,0.2043797951150247,2.5916727070406873,0.9793834628845118,-0.8003210398547461,X: subjugated edge
-0.49174741973013475,-1.050663899233149,-1.4817999623318838,-1.1131158071989553,-0.026408624374861835,-1.8348352608599783,-0.7107055415199132,1.3097306637514932,0.4290147636239236,-1.0356530006829148,X: codependent edge
0.8928558163229553,-1.7485180294835236,-0.10276574061139476,1.6342026784065113,1.436069071539996,-1.6196419537886795,0.007055386391885299,1.6987221926608866,1.5816080563779478,-1.3952080751779512,Other
-0.7745100615133954,0.8663974003575995,-0.21757972113968918,-0.9192089617596917,-0.2580613382599568,0.5757672058063417,-1.3507508221577877,-0.02968392652106322,0.5453049802824471,-0.43735901170733943,X: codependent edge
-0.6189465525913632,0.25032329319046315,-1.319352790254011,-0.5732284597682856,-0.11510841330234635,-0.8290057669878176,-0.437331384421498,-1.429936606919431,-1.3628805527154664,0.26846210777705926,X: subjugated edge
-0.6563708935481088,0.5052675159327706,-0.41823625512701346,-1.3481596823563258,0.40134175837047503,0.13387294149768808,0.23026354280970934,0.8334119181038883,1.1998905678611143,0.24168200219746278,X: subjugated edge
-0.5656387483550389,-1.4294982383634685,-0.8673924660296106,-2.785659263091296,1.5583294031976187,-4.135438302741787,0.38085902778184405,2.744738737581722,2.21280876848148,0.46940516419141115,X: subjugated edge
1.099191555547813,1.7849481228801383,1.1176980435218105,1.9667580623787422,0.4880300718092647,0.41813883817995534,0.48258896037478594,0.5581529506717964,-1.0322152791110994,-0.0690260845832294,Other
0.6287962936103031,-0.6088509081453577,-0.7948655415171711,0.5561085605416396,-3.1743242479306018,-0.6142698855511206,-1.6498939051131907,-0.2131441511507599,0.4490276479698987,0.05348819177610298,Other
1.709943954012071,0.16820580711125588,0.13445608719754587,1.9285010230631938,0.4689344825442272,0.6292815930760494,-0.7269765845800048,0.4127920697103394,-0.24275535412221383,-1.419579160837586,Other
2.2676442038992546,0.8543846606783719,0.1973824182229148,2.7361519754387613,-0.05329570081754123,3.838953849475711,-0.6919108322465731,0.3035837277744392,-0.3285121206582753,-2.042228035110901,Other
-1.0307170319323398,-0.9869797557960719,-0.609372094371343,-1.9718291371142262,0.15737527768178527,-1.7757016084965147,2.2582540185478437,0.34169661827365966,0.2285470931615094,0.6200044005570415,X: codependent edge
0.07041912732728889,-0.5463243585126668,-0.5263420325189505,-1.1019897474279345,0.143190826480309,-0.07782693399089613,0.24030272774915606,0.1776167720240267,1.2195719702798253,-0.2504165505083207,X: subjugated edge
-1.176200316643433,0.17917177460087425,0.9211411533645917,-2.476498396003967,0.1977865468780084,-0.6192021533181002,0.9520342703857245,-0.09355849869563115,-0.6582929538774831,1.2558817640332325,X: codependent edge
-0.7776059277482671,2.857473075464706,0.09160177693071565,0.8330915332831494,-0.7027538160143115,3.8724620107617187,-0.3293982474011733,-1.4326828756296752,-2.111846264507832,-0.07203161375670675,Other
-0.6300825102556694,0.3011247428520243,0.35829930623082773,-1.980792922749577,-0.5023264143619544,-0.20490638371916886,2.0056982938945476,-1.093799208188573,0.2308389884140144,1.0629281195700275,X: codependent edge
-1.0571548741382744,1.6063611506307183,-0.6200369448226819,-1.463538280758182,0.85137096668347,4.179908790057717,1.0668559821282053,-1.5432002011427215,0.10223773736002872,-0.5004777022885905,X: codependent edge
-1.0518872728984137,1.2056731451919556,1.253661346926338,-1.5839156705674657,0.6546869768442654,1.9379859552750909,1.3365813371054829,-0.4322421606587847,-1.2852632368250414,0.6854981709758938,X: subjugated edge
-0.14428437852025486,0.36801003649451874,-0.3738726186715011,0.1028942815079532,0.321211503057745,-1.762346278898072,-1.274893115178348,0.4066855218119953,0.4973244270481971,0.9413081937131109,Other
-1.216718418386407,-0.9891957716306787,0.8849489508871792,-1.5388637442876063,0.9279319333819889,-2.7742397163477888,0.6123778785154963,0.6321557667898468,0.08666951261728562,0.0947339420479203,X: codependent edge
0.8421269591376328,1.059753610818235,0.06473587573335271,1.9368556535574712,0.19026514029592634,0.10911266728869262,-0.12897385869276345,-0.20638243040155957,-2.4595415067106647,0.36474482809095743,Other
-0.9177535374175142,-1.498110341648047,0.9615166169277101,-1.65620216663266,1.46458888591303,-2.244551373081817,1.38637239877503,2.8089472614347013,0.7772942876989707,-0.3127396827451754,X: codependent edge
2.809568970096392,1.600875123677092,-0.7044598596382545,6.0361726123818595,-0.6736850255718967,3.1442647709500036,-3.8839323336343488,-0.6034683341525289,-0.5332133583968088,-3.384999781608421,Other
-0.45138445096439517,0.2000053082182553,1.0633426769275358,-2.404772032342894,1.1313110331565706,1.0747813528211667,1.2915019602170588,0.6240555601529466,0.19900551247393503,-0.6573802248170593,X: codependent edge
0.07201764191705222,-2.650223547298176,0.40185911689608783,-1.410520856618159,0.917438541351688,-4.3582915392942585,-1.0495039649995197,2.3325666924151585,1.5431285921565565,0.17303150998144812,X: subjugated edge
-1.2953411844660352,-0.34050609503183893,1.653866398719456,-3.7511200183503766,1.6778859030164295,-2.9359827698071705,2.731252569224977,2.3121459543668332,0.7718513076429812,1.9582880773952482,X: codependent edge
1.7060917581276394,0.6539478209229405,-0.3163719782516866,2.404748593239835,1.013890133703234,0.47781795284146905,-1.2655192726302706,-0.02265730965716183,-0.10185932142469917,-0.10516624795275842,Other
1.1195006808029162,-0.2370238730397667,-0.27938167813042525,2.4226518401297,-0.475729449488956,0.25193468145499875,-1.3129133523228536,0.6689556172211983,0.5399604491638388,0.21945019760524442,Other
0.29691587073611253,0.7150058109935733,0.3640001288455294,0.7259439169859436,1.406515948158449,-0.3197342934946778,0.6837289092614084,1.5653889278153046,-1.4127524284600887,0.6494985198591061,Other
-1.3468025487795656,-0.8500241677122955,0.8009041562112228,-2.4802172914053626,-0.7428726694546905,-3.15971408440003,1.635633248214063,0.9296764842520614,0.24265389486724437,0.4086769694909378,X: codependent edge
0.21066687772462028,-1.3059823727876074,-1.5241991422558994,-1.39449059266278,0.6833569767683538,-2.1031818754535454,0.1498059340701441,0.5391789944562053,1.1595313161527467,-1.3086212170636913,X: subjugated edge
-1.121431046017255,-0.07144540304760538,0.7928217406481586,-1.2116043610340679,-0.5857291128150668,-2.0884752479670214,1.2581997778467882,-1.1392611344622916,-1.2898438611396945,1.6364001753972692,X: subjugated edge
1.4623552634733608,0.031565667289914785,-0.5855381885017372,4.182777682963332,1.6902115517080885,0.7798796208557164,-1.256144107626517,0.5136988827538784,-0.6856742762754582,0.0819197961700362,Other
0.8091947318531727,-0.3483843510623214,-1.231338334731222,1.6057089117352734,0.4150977997644073,1.54752895119295,-1.3749361239673612,0.9802066157843933,0.04097701198479997,-1.7718478240477116,Other
0.09543903848773612,1.2272911466421925,0.3365569430802824,0.2661267841380032,-1.159778080070692,2.324409495666838,0.27709670259569746,-1.1087790958804458,-1.1384270285590263,1.138831146387797,Other
-2.4363756632473224,-0.8502073751390576,2.0151521365324787,-6.4246376576485105,0.017009667533079226,-2.846052991148248,4.007563368717047,2.3006214308419337,0.5679768153975114,0.5559029740246333,X: codependent edge
-0.9834159786590306,0.31316560733234944,-1.1098031427042891,-0.5313532183121915,-0.7851672733213021,-1.1946358876420848,-0.1389225577684401,-0.26190726267279274,-0.9120040359041761,0.6377157731621079,X: subjugated edge
0.6877611315998724,0.06796997116362523,0.3018491962360773,2.5842606379587005,-0.6101105753298122,-0.238229926916239,0.10597765160430733,-0.57110814983411,-0.7349480578773554,-0.4447261542785947,Other
1.2128836917231558,-1.5567159521360834,-1.9520775602682856,0.9744982397834168,0.8944392299601984,-2.1486049783098418,-2.4484303581690585,0.7200280402517343,0.9442972646191348,-1.5475589508119667,Other
1.1091698114921316,-1.3190301836685123,-0.7928004131076956,2.1206803593309123,-0.24116926754307988,-2.0086983893474026,-2.738686632776399,1.766074500780007,1.038762336268041,-0.9322200403074545,Other
-1.5920130022414554,0.011911016248631409,2.296245391591458,-5.662231199642277,0.39998769955896485,0.47339583754213455,2.38291423317483,0.1665152807088723,1.1701820050803993,0.9980114097791669,X: codependent edge
0.30155230681290407,1.981199998686964,-0.48250470949232266,2.417501284542688,-0.4587654215165845,5.2468540911217705,-0.165487281779156,-2.8219492648722344,-3.312746979079004,0.0384059740460031,Other
1.0155152164829295,0.579269811898811,-0.38275106348516114,2.200003394658055,-1.153373240913135,1.3061502903438742,-1.0164128430123827,-0.9367748651485669,-0.19298554690161585,-0.7233420010856134,Other
-1.6583355655822452,-1.7256348251446327,1.095636447280435,-4.355282835618478,-0.9387735311176495,-5.77981874836791,0.6147993473837026,0.124974446510277,0.7455516649942588,2.2016238117987337,X: subjugated edge
-0.007904515373236347,-3.1104880651193376,-1.9095657995577775,-1.983380655677452,0.8996539141320482,-6.81743683040966,-0.6251504172898567,2.4184821774365632,2.738577355501194,0.7841000322880772,X: subjugated edge
0.27384239830845625,0.7330535930043798,-0.08154594217949271,0.2239976211244168,0.1485820274147457,2.3153215428420353,-0.04234224710752951,-0.4782843000846494,0.5758016094434171,-0.09458196575243255,Other
-0.3007645848467349,-0.09621348292819902,0.04079897697503588,0.26763536596375825,0.535309227803485,0.6311295936668422,-0.42265249504561275,-0.36583427154352555,-0.4187256321997137,-0.48817393788980146,Other
-1.8521618554012016,1.1412659695103695,2.573900395588397,-2.9819294573348962,0.4117260539629266,0.9703131080702923,1.5322578909609148,-1.0363908795667274,0.18435391221979758,1.0088610664646873,X: codependent edge
-0.3256981100737287,-0.8807179207114415,-1.2864201522158154,-0.9226376297125216,1.295025747231975,-2.74909627148885,-0.5239064317212959,0.6852101512029807,-0.10496206204670977,1.2692917713190282,X: codependent edge
-0.327305430255024,0.3502124978585262,-0.37856706782814004,-0.49204590023008365,0.5561177802062944,-0.9390917711838384,0.5648208272519313,-0.5503732695412387,0.04765655830601358,1.4339954513566668,X: codependent edge
-0.1480724045477542,0.8461734630278627,-1.0000709171339284,-0.5421927757453224,1.7188994183679187,-0.07159593506389772,-0.02648656045545905,-0.6171407468540038,-0.240482179393321,0.550491656726534,X: subjugated edge
-0.5634714254250696,-0.44746363820648183,-0.26009489399044405,-0.772519853454013,3.2141025309287254,0.2872261379472887,-0.35506688160245625,1.419870444120446,1.2944196719191108,0.3391037751367524,X: subjugated edge
-0.4430121532414673,-0.4260855702310654,0.8590446015194138,-2.3546751456800985,-1.599559220037125,0.7362282680482639,0.8215229993813423,-1.071261302673872,-1.0435912874830198,1.2385620063164762,X: subjugated edge
-0.0397062823469779,0.025262831098390486,0.20102368010453228,-0.6312974104403841,-1.7119371228525102,-1.3523799346304397,0.7855851719139482,-0.34938074162553856,-0.15865103942703568,1.1949117614576,X: codependent edge
0.4424546049697111,0.5426763465603288,-0.34331899773069235,0.6779569274597828,0.08755290650542648,-0.1396862124572067,-1.365833784656206,-0.21700841184508668,1.0218704223749775,-0.9158546231010738,Other
-0.3044267628566672,-0.014334004511910938,-0.37636060056032855,1.2651264394298458,0.39087351538843546,-0.538481653227058,0.10632432792274801,1.0826800040518203,-0.6994991826446489,0.11029522259723751,Other
-0.4096489283680019,0.9739963377594865,-0.7380831082498729,-0.4728162746302542,-0.8081181936457712,1.5351090373329257,0.9798300326917133,0.32087710236799016,-0.714334384223658,-0.8954533354212556,X: codependent edge
0.09235403825445808,-0.46193518926703,-0.8340716178739795,0.2601647911762339,0.36070569170417716,-0.2773426047583246,-1.400796873204558,1.016762713658479,1.135961733451984,-0.4199539920108603,Other
-1.9209159258951816,-1.3283952054631096,-0.1509769796297079,-3.8249382438160286,0.4867135467763227,-3.506381413898416,2.2393920218751493,1.5525077686216582,0.7572413286432854,2.515934772470039,X: codependent edge
0.4770351272264581,1.9769753681131799,-0.7556061562086387,1.876646971682245,-1.650523278240576,2.070806209261484,0.5165914735280578,-1.6702140470719735,-0.6238569894225809,0.38001094060095864,Other
-0.0005630971229588082,-0.6046337365424463,-0.19046082017626295,-0.19690087051831115,-0.13516763934850723,-0.05260977957919,-0.2519391901152641,0.7425914774516257,-0.012773453257869938,0.05798354827550363,X: codependent edge
0.039693526597561826,-0.5684420837177473,-0.6245728201294634,-1.1032477116795152,0.06225873021916259,0.4526974597998741,-0.5680843782686404,0.49199750045687773,0.2893144757633088,-2.5024207874893647,X: codependent edge
0.960734307594464,-0.06580332107218435,-0.09415643813785843,0.1416978838809413,0.850327906487367,1.0864651711377638,0.011899686406785293,0.4100056939629045,-0.5463105363194557,-1.2101479714994348,Other
-1.9528155300482481,0.06718110965398118,1.0253300499122435,-2.8076704206412018,-0.29930442424992704,-0.7928956081828462,1.7864123887245562,-0.9513252961994768,-0.02585724504074524,1.6639741796412235,X: codependent edge
-1.9738338698589637,-0.38668364248828285,-0.05540698213955042,-2.1934638379266396,-0.3833828270505367,-0.821777927978146,-0.30940276508989384,0.7466801254221,0.1388990231763475,1.0828435140369141,X: codependent edge
0.27380384532351953,-0.01743389694900904,-0.5036873663763604,-0.03953087934449648,0.20544418900804184,-1.982132020883907,-0.5061081448791864,0.08205420037162797,0.6134813478374048,-0.301222015278132,X: subjugated edge
-0.007116855128515773,-0.03976223142817396,2.0464372538850766,-0.890752631800284,0.05405602981081739,-0.5902410505627718,1.2790373817405933,1.14128611770398,-0.4987128749873915,0.8247585650556688,X: codependent edge
0.17017694319193222,0.17481932702080696,1.5587230411045543,0.09210413066610218,0.7039339050012127,-0.942168899434551,1.1288555512899512,0.8720076896739278,-0.4821486719311488,-0.09662674597243726,Other
-0.46212707517244556,-2.357487458987316,-1.5386506192114253,-1.023514998348141,-0.7608781206657474,-3.2893529261158987,-1.0062693458297494,0.9562567232339176,1.6972217123570155,-0.16761389424085724,X: subjugated edge
0.6643536742399312,1.8808763070078494,-0.8200432929532202,2.1762944104732416,-1.4344549758173806,4.6513659016349935,-1.0696355771133539,-1.1211436841996423,-0.4652941757369371,-0.8048697552337386,Other
0.93263884299112,-0.14728831353455754,-1.5300228072502038,0.08559133341671665,0.007379161892571595,1.2508389653093128,-0.6553089473917071,-1.8067696093751069,0.6326098628515704,-1.6629443576228229,Other
0.48398229395152703,0.5806226194469853,0.8657392903806553,-1.865986034440721,0.27706452040591867,-1.823682074606954,-0.018403005852353445,1.1368813783157838,1.2760150648007083,1.51452030876271,X: subjugated edge
-0.26082845840458313,-1.3781013415340242,0.15994044672747765,-1.6546756577687838,0.15452029049122096,-1.9807808348086038,-0.8789589506398829,0.0992761785593188,1.4141333096831419,-0.18746914056020908,X: subjugated edge
-2.107689387614403,-0.4710002612492502,0.9463174114710154,-6.263553118990501,1.311809201314669,-1.5199787088080174,2.9348383830880413,1.3148984709066909,1.1410918576826266,-0.2621845054142691,X: codependent edge
0.7692362080371281,-0.6723158663204145,1.7194510662373392,-1.4852858234592845,2.16276834727842,-3.8465912563760467,0.036242556996022746,1.7980447806262458,1.6632347658612268,1.5316077657201572,X: subjugated edge
1.2217286662175928,1.4697237645085452,-0.39151428678321143,3.084571026743705,-1.00309357693576,3.4654316026494087,-0.2740638458296045,-0.7108972866211885,0.008696622401006548,-1.6309125059077219,Other
0.64455841198398,-0.5858136068358828,0.8390390477806151,-2.0097073905866933,1.9335634126953567,-1.5929007600316287,-1.1524437593866201,1.0629411353615137,2.0127824244515393,0.5976708433170291,X: subjugated edge
-0.8796424273675065,0.7580799869400913,0.43956615717250785,0.43804145646153764,-2.6008066709410995,3.1183048519358367,0.7667965305614447,-3.3480618460251046,-2.1951404909358434,0.12488396028454885,Other
0.6737943936677578,-0.6504204526731951,-0.7382156684970955,0.8972489739074583,1.1399397033741163,-1.8431851139437643,-0.45524082831658524,0.7553222724878317,1.4452498097183721,-0.17554464117926122,Other
0.8605297079614455,-0.45261893965394406,0.7960018436687034,1.8729510817273634,-0.3737819571056451,-1.1661373281302512,-0.3525550974459084,0.0068905971681745,0.40762075357210203,-0.361469013070252,Other
1.5588162477990857,-0.24555016520068595,-1.3235268133902762,3.4797484129029588,0.8599088985711204,0.5095052144771893,-2.6519539036156834,-0.9657723842054591,0.25265051344619355,-0.5600073933698615,Other
-0.8761099242279576,1.2838451268293003,1.7825603484782404,2.108976363624282,-0.9294063259325149,1.4793501823121908,-0.3308678801464595,-1.3470879850710535,-2.6203110123576074,0.9225909527326973,Other
-0.22645458454413847,-1.8898526590301186,-0.5464457811442065,0.6918491408902699,0.4768624609208622,-2.6177377198103695,1.066389184020731,0.8250889851885679,0.062326192924599066,-0.5737601758255066,Other
0.7472720511434552,-1.3156635552744327,-0.0625267185044397,0.42251576338689,0.3771750491369378,-2.9846831685215625,-0.4025624102585954,1.6432902658875368,0.6585366885733284,-0.2860179746827955,Other
0.05741007143815779,-1.9473051656898168,-0.32456540508649634,-0.15270383219250672,1.1205009848762988,-2.7943121018951613,0.6859888037258118,1.7801445155918116,0.356995870991738,-0.45980413970772094,X: codependent edge
-1.1173276020512748,-1.0875021197614503,-0.3120497795797186,-1.7293634219989578,2.0185672254038707,-3.259746793421689,1.3940751252479195,3.1948030053926297,1.0202532495252767,-1.0071489179295985,X: codependent edge
0.414616285026703,-0.8116000511921072,-0.34622952848487576,-1.1156115951128032,0.35394873606656774,-0.8219195211859706,-0.019130381998537116,0.5758429769936744,1.2409147189425034,-0.8846450640098082,X: subjugated edge
0.5786616338151667,-1.614481254090389,-1.9206139511391218,0.3920398739486201,2.707388714188803,-4.847719342255675,-1.539275519734281,2.7519793117086495,1.367816554477661,1.4861393823000328,Other
0.08796289633100199,-0.734147746614669,-0.5763747429130626,-0.7722433986424349,-0.4182442048117315,0.18555312868382806,0.04198438767021673,0.2025972879510951,0.4226659861945666,-1.778255264148459,X: subjugated edge
0.21958492717994416,-2.014714480933415,-0.8923928304322735,-0.2039597314818235,1.5893900622984731,-1.862606908808932,0.5081372406985621,1.0088102473890679,0.8769222667590546,-0.2055557022288534,X: subjugated edge
-0.25870590168573016,-1.0179887237676812,1.129559031713421,-2.954958734405749,-0.6580401299138359,-2.838542655128827,0.7645891867406549,0.3138387305114131,0.7182328237000489,0.3005649215831625,X: subjugated edge
1.4782789357160593,1.2004203999102006,-0.0777223715819666,3.3517813661645266,-0.5835382087246803,-0.7265828355145538,0.28259151430046314,-0.5978474129801474,-0.5234196398099034,0.5767588912140249,Other
-0.9006921837126766,0.40358807028110283,-0.35250233658405383,0.8583229041472815,-0.6632020965740283,0.3772929298897709,-0.6076733285284588,-0.14963964192041823,-1.6707869931169457,-0.4646833486537681,Other
-0.5873207627637789,0.18746767217252772,-0.1809523124519586,0.5334470983300605,1.2446896415099256,-1.2011046849523233,-0.8461194269773824,0.19955878117916992,-0.3875504465674555,0.41358072289905184,Other
0.010985513527525621,-1.0027785562791145,-0.9011873931438874,-1.9557629347018113,-0.18948316783813723,-3.9445844895034528,0.3272829488291519,-0.42575059600479936,-0.4821336160662689,0.3057712295450528,X: subjugated edge
0.8789540277008926,-1.536084959044724,0.8996896846304865,-0.0901814179220376,-1.2929804355133903,-0.6101825752349603,-0.8684123650826092,1.053566464102482,1.0433936700202275,-0.45381368181451437,X: subjugated edge
-1.4973731700945367,-1.1391560755342807,-0.39514454006890565,-2.3125526982327775,-0.9351717512920477,-1.473321343427903,2.4777175248614793,0.7481547076669055,0.5993055001756218,0.20232910227558387,X: codependent edge
-1.3102967497654392,-0.043209826896014984,0.11534325004225932,-2.7871246144051476,-0.5771035197264738,-0.28366922296256913,2.037633053267804,0.4052689266845474,-0.1872996935357753,0.8674291204835936,X: codependent edge
-2.037728507734718,0.8681767797266683,0.044954951509894925,-5.298069562418045,0.7811273797683314,0.3537083625242957,2.7392047390490224,-0.505209410325219,-0.4390160003119565,1.0749382081975536,X: codependent edge
0.03269522525327079,0.9023674171353204,-1.102497917876403,0.2675516893675462,0.5371067335934712,2.873013057049744,0.14268174717910354,-1.6983586273415967,-0.15099668094221463,-0.6174583972962391,Other
-1.1183058172065439,0.630612362483333,0.7680317708777098,-0.8992634990291841,-0.36038219011236944,-0.6868544526466451,0.4931559420471565,-0.2348111201055445,-0.22658892443818268,1.7484138070188944,X: codependent edge
-0.3845501100179167,-0.7375568640679442,-0.13091355408217908,0.6508614272415598,-0.6460623461518349,-0.7168610710131302,-1.015004716924937,0.2555825184775194,-0.13564761194289804,0.5531906510690039,Other
0.661378189891708,0.024549832403988035,1.0316283093470369,0.3190386224934325,0.7731006642802347,-0.7984550575288443,1.0896700986791523,1.373245754673199,-0.3242844750683748,0.3485945150916561,Other
-0.6415427207828466,-0.3213425300372459,1.2938365079074763,0.2820215272960169,-0.6635258439885405,-1.1748683585823545,-0.0612926853635436,-0.03602995793209545,-0.040331024453690655,1.085905476289077,Other
0.23128202274336457,-0.20118976349475026,2.3208193506192125,-1.6270889569570384,0.823653899708316,-1.4378095255629937,2.0595714565167627,0.4874364105976787,0.2165948528843108,1.3618108300473288,X: codependent edge
-0.29933790775172203,2.037127896959813,0.6615527854390039,-0.797608876063,0.22322190353959614,3.4271054579204163,1.0244132544333597,-1.114455212227556,0.4944133293299209,1.5016562211581963,X: codependent edge
0.6721143150964368,-1.7620002370036125,-0.9517641365302244,0.9561017580002212,-0.11177506817518124,-1.8285522910626355,-0.989569088126005,0.8235030954730295,0.7854571620843751,-0.9661097956886654,Other
0.4751280673480088,-0.23467681592226086,-1.3851166884284858,0.4870935259890595,0.30653368436832207,-1.107073315513124,-0.6481127970523419,-0.1699040209352365,0.4907155509571881,-0.027819680311739425,Other
-0.69193369617461,1.2117489071961567,0.6171552446473791,-1.4455623510824156,-0.5544449087737842,2.821510902512666,1.1456383338091027,-1.2317333390987768,-0.5579327472689604,-0.4668565753297135,X: codependent edge
-0.16865175340045263,-1.4658914950335382,0.21024057152218062,-2.265578192126584,0.9863269464074318,-0.6416751028952168,0.06928928079501062,0.8529610159560186,2.439173202716092,-1.7424017613225546,X: subjugated edge
1.0437433977204944,-0.6437474252662504,0.19218621358568422,1.5083377718121274,-0.9047553198361159,-1.5342069966163532,0.37294167401267253,-0.09615092407603848,-0.5424976725119866,0.9316669344109652,Other
0.393376870254097,-0.5290384975676395,-1.1744064973175163,-1.0647443351237478,0.6390211512221277,-1.260685852604052,0.2200350689661954,2.139009409312212,1.674282023556024,-0.8913715890588817,X: subjugated edge
-1.3969620577511315,-0.2232897220539845,1.0883745565954341,-2.272945851680035,1.2513368085056693,-3.085003674321014,1.6542345701469998,1.5125441504128148,0.39525312371407595,1.449139618485432,X: codependent edge
0.6556180611713827,-1.5959571596062172,-0.3772103029195126,-1.3729637545761495,0.5092300565715748,-1.7124870058777795,-1.111453972217546,1.657149851211609,3.316284615914956,-1.5807482571491418,X: subjugated edge
-1.0846106224362382,0.5952860603380394,0.19326547254997972,-0.9227482907856115,-0.0018446769878762703,-0.5206145221090553,1.879892962777888,0.716463295818115,-0.07927745597386143,-0.31766561020982387,X: codependent edge
1.412513069961006,0.6662872825131441,-1.3747414882444748,4.166135283519471,-0.626217860474076,2.7328539526314906,-3.1949387572848824,-1.4001855726031764,-1.665541851724004,-1.936558249778595,Other
1.024098839841025,0.5083753250179477,0.5470955380039286,2.461141206600999,0.47430549824520385,-0.9333628169667734,-0.1889616825205087,1.6999858828568775,-0.3557371835345572,0.04492748585300388,Other
0.2898854759184008,-0.8703736742910814,1.2819388874056543,-0.4647780363733275,0.0007282066305397822,-0.20256989257248392,0.914139723550435,0.30773106053225846,1.7017903040073805,-0.24290527364586684,X: subjugated edge
0.1572328434361934,0.08651079078729512,-1.0130310780294274,1.2081908633502847,-1.020236027335759,1.4487843431594518,-1.1950524937738964,0.9788651162403218,-0.2929928409629266,-0.6915325540585247,Other
-0.20903225602742,-0.8994402395690875,0.6371327903340828,-1.4139294201420944,0.9635819335704232,-3.37437504748146,1.1738230632491373,2.607744335618243,0.823029139333495,-0.305823613405442,X: codependent edge
0.6785239514000281,-0.3325966607715127,-2.913711682474071,0.9404297126082319,-1.502671149956308,0.7649820176463205,-1.8398526166508231,-1.7416768769996083,0.37653407380212234,-0.32423419723845637,Other
-0.37077816946206166,2.153467927170878,0.9536674456832485,0.146519745034207,-0.2577743625532444,1.8736910574908099,0.2979588861921695,-0.6307803011707573,-1.770334498494465,1.2653565515767684,Other
0.23556987063989387,0.09569537759625597,-1.689484783308325,0.8584578480468734,-0.3774867092224926,1.5376729199301935,-0.21452805072091263,-0.45457240768682106,-0.3545712076198104,-1.0714918615060824,Other
0.8719343665194511,-1.1875265759871734,-0.44057492001687454,1.9150468350663055,0.3455517683258083,-1.6566808211030666,-1.6664728104204938,0.6201668847484411,0.07258447144758817,-0.11743098866089363,Other
-0.5618065435255897,0.18033534066391385,-0.9764907537344529,-0.9381486018886844,0.026020986727608247,-0.1763267171786686,0.6338290708865979,0.269936528653228,1.36008598840817,-0.1362244245958671,X: subjugated edge
-0.6161927399906946,-1.3517959260633097,0.025320683482085243,-0.4809766232712471,-0.13684339288080793,-1.7981946850680064,-1.0132207978044827,0.19633092418504994,-0.2016052532834931,0.1212046274689264,X: codependent edge
-1.194365480724459,-1.1990103925150117,0.9663887084968145,-3.4886944355068192,0.6904148960195111,-3.281292406798699,1.5449273644153083,1.5864423135322474,1.130527884739576,1.0240000165260923,X: codependent edge
-1.0644727461261723,-1.041123135948791,-1.2082119261304385,-3.8324669157313664,0.4106091222041493,-0.6275289097736236,0.2875421599960526,0.26002059523028564,1.207814640897602,0.8761925772869562,X: subjugated edge
-1.8283953114415024,-0.4443094521956835,0.5427082799598564,-2.53248489017136,-0.16086389338825546,-1.9012065738661261,1.2107433844137416,0.3936527965684117,0.22893852398002507,0.5928998487650371,X: codependent edge
0.7298287890155296,0.9369689955892015,-0.8121187925881458,2.779154074098481,0.6891982231440881,1.2717276149685537,-0.6206063975095544,0.6089343880405494,-1.4680537563561042,-0.2909889257184784,Other
1.8089145420827708,0.5783981980168391,0.8624067906035129,4.537622023699217,0.12326134849006909,0.3860585085114307,-1.0282804478163379,-0.0884425901177584,-1.187929847718388,1.2060754119907762,Other
1.4253289434703056,0.5229953282473283,-0.3695967596477439,2.858945742933585,0.11540394241836482,2.0011436710498014,-0.4442935289650538,-0.6101584125580922,0.13881359996787168,-0.8816898378480962,Other
-1.6260844886265164,-1.0989245655905424,-0.20948268484788213,-2.5887681087184222,1.8107463084421946,-3.483683803596964,1.5454093998909166,2.045087596120334,0.59462744785978,1.0244704903045507,X: codependent edge
0.7248546715562,-0.5413143554356487,-0.8239218117092484,2.702713981107079,1.2099893253389549,1.165124386865593,-0.5748851442805474,-0.10437921852440868,-1.046363510480337,-0.7898746000290752,Other
1.4221063499235564,0.27200110688318835,1.0740677430739543,2.284783523644741,0.6467336112881412,-1.1048617235222529,-0.36435337538923446,-0.5421162932297533,0.34615093828310417,-0.19566889210953986,Other
-0.456809980738664,-0.6283199853884129,0.7849296511782999,0.1660826096545004,-0.01951183731054215,-1.2613025084807263,0.3417009861739514,0.13975711687130443,-0.339066633653108,-0.8364379023366172,Other
0.10144743065004946,-0.2783664403010984,-0.37112607675523956,-1.63367610758345,-0.672940998284359,-0.9116441939111295,-0.46944497000916785,0.49608906558645666,0.51559226924512,1.2686430073363537,X: subjugated edge
-2.0078930508046704,0.4413586925299495,0.1381878002266528,-4.077307290696128,-0.3163532569070544,-1.673849589388712,1.7542661783711635,-0.169028919639565,-0.5531672307072255,2.1805957342494473,X: codependent edge
0.2667361679766415,-0.348772681201302,-0.7249821411324717,-0.5828790431650469,0.620685400671512,-1.1417711832339248,-0.6563137048224453,0.9422627820791633,0.20056738374556696,-0.93871164229702,X: codependent edge
-1.0635597294347174,0.22605958910202525,-0.26528227722813696,-0.954832546249734,0.041803195850730224,-0.49068394909609975,1.511882395148123,-0.17127016537651538,-0.08999531859658398,0.6385442865667189,X: codependent edge
0.19963501791151453,1.5927284560195685,-1.928551291442503,2.285066357828965,-3.890350104209598,4.056236702790926,-0.9474867024249476,-3.536278623410919,-3.1700978582269226,-1.1820741189322403,Other
-1.5612029221888803,-0.17185879898699755,-0.43400739193563626,-2.8737996094611997,0.39525345462767497,-1.2212592266567392,1.2575738211394722,1.4228458562497037,-0.4713508687281187,1.138929452150292,X: codependent edge
0.5428582244775959,1.1793378097192062,1.1726226288529233,1.7703598470726063,0.5608096455921722,2.887898803510467,-0.9314764357960521,-1.1554841076236722,-0.8192621240812961,0.051077176710547005,Other
1.0245126754266898,0.5593700673073582,-0.6837745474745429,1.3946284985390873,-0.4530406852981445,1.4224194936338472,-0.3686603488882786,-0.30911664658531846,-1.4721942353942108,-0.6767270806825286,Other
-0.7831798617151676,-1.4672419934867666,0.04604068002253171,-2.07832423558587,1.2133354359998667,-1.498347488556202,0.17222300704075733,1.5623539514497025,1.9244529371087546,-0.35119420382183164,X: subjugated edge
-1.1369225814104345,-1.1021370292635242,0.40418314360735114,-3.965337274883743,0.8063320027647645,-3.827555562041562,0.2525841639585984,1.611697048467779,0.6970165364358434,0.4509426408942337,X: subjugated edge
-2.156023042549981,-0.8335958830698964,2.4653362335823457,-5.352443824308078,-0.46561423118071543,-3.133166866721899,3.9610580938589703,-0.03844473064160192,-0.8298680567620528,3.115165073697342,X: codependent edge
-0.26641353407517704,-0.8548349169327834,0.5835212742177994,-1.1436275111516288,1.8625311512985765,-1.0293624679382463,0.9856108657788362,2.2687730764492344,0.6392274094252077,-0.10549747573372792,X: codependent edge
-0.5815939342816051,-0.0902897461068142,0.9182760080589581,-2.5512084093505965,-1.2608893929884,1.5880100512426059,1.5822414435065664,0.5340255196122834,-0.23355630274346934,-1.5934514949210419,X: codependent edge
-1.5510194123480547,0.6146440480818223,-0.352320517111063,-0.8279548794985603,-0.650507552401098,1.52448880494871,1.3455924637415508,-0.010219122769582478,-0.9738477824586177,0.7744306354882198,X: codependent edge
0.45301875631217164,1.2551584167047227,-0.14620113052162687,1.2739929347273773,-0.33991260608817453,0.3767562534761396,-0.47541767289664405,-0.9761104907879845,-0.5779832492481862,1.7114449131332141,Other
-0.44997038186464916,0.30817508872508226,0.10505092846713188,0.3420363137441078,-0.8725922302434801,1.0013882399038814,0.17504769816649873,-0.9501417547311408,0.025839420341394637,1.0455420401165334,Other
-1.0757359586452324,-0.4456795560532098,0.3148358889330859,-3.7096030682689314,1.010553936099475,-2.747282639309611,1.5328107580963155,2.9055927761793408,2.6343031268245767,0.29715520474710605,X: subjugated edge
-0.5545724056404471,-2.0822412436298743,-0.1329749208856421,-3.353642693608334,1.6886828505602705,-3.1292899886504775,1.205479871510516,1.577869806903051,2.838109234684116,0.2775680768617004,X: subjugated edge
1.0713045389296156,0.07058957541733794,0.6273370793947753,1.4932581685162294,1.283324612264973,0.5672007306893173,-0.5723145294139472,1.1854760577463341,-1.0518006330506149,0.06973363800820254,Other
0.6029369437552222,0.025770193694991287,-0.5747950880421319,1.1582619876421962,0.9226377339376781,0.40256856875890756,0.843546651090225,0.6454480010581796,-0.04615691796931426,-2.0571615510771526,Other
-0.13002606149848983,0.18292875353895768,-0.10690593307552207,0.8788886222784442,-1.6580499255059722,-0.4572606283852936,-0.09857703604322468,-0.930222113265947,-0.8429637660328854,-0.6752049856396911,Other
0.6191050184648526,2.1062402977033328,0.16843243783145123,4.4938688530205955,-2.0900478845551107,5.6146460280421575,-1.4340405004919656,-2.381329566526788,-1.5072602748127564,-0.013293686622434908,Other
-1.160911956386739,1.2405965461930721,-0.07762724645818464,0.6808244374857247,-0.07611532907533242,1.2704758817965442,-0.4553903493616116,-1.3473607852496805,-1.6227705138445514,2.0866181854531862,Other
0.03237010072703053,0.7850609182499858,1.0879280744580766,0.824895706392248,-0.13571522031868022,1.113882072615762,-0.8005414679486333,-0.32957588039695956,-1.0025685025266826,-0.06808684755812111,Other
0.14732233048647056,-0.9620771300715998,-0.4022153123735865,1.1831697218161565,-0.4992443123064541,-2.5332653432678653,-0.6018474828623379,0.7345162714858462,-0.5821732536683201,1.1155406581796499,Other
-0.4698365084987269,-0.5129947491967435,-0.30597882448297264,-0.41329747424735314,1.4690054564363366,-3.9082347837080147,0.04067339452212021,3.054038434487789,0.2622223589410022,-0.42757497285428125,X: subjugated edge
0.43545833595741784,-0.09484460692850216,-2.6012418289625705,2.555780253831693,-0.6187290338268459,2.5003745558802306,-0.9852028467413015,0.5958220512871166,-0.6041904308087933,-3.9411062295491828,Other
-0.7804334546444512,-0.7754071240103536,0.1297317882029051,-0.48505197525900856,0.9065939782046191,-3.0287150796539115,0.6222483692343171,1.3764347122946494,0.5099378831401827,1.1784404961921982,X: subjugated edge
0.5098207077761179,0.5004645249851181,0.060831852009660736,1.1490669805953855,0.5879627610691821,0.39396715560917833,0.27753707854789744,0.32090404872451295,-1.1574489393013656,0.14620519710756774,Other
0.5518587715312919,0.35690884921570454,1.2429636978108753,-0.898184553412292,-0.1256324131391759,-0.5550469814044344,0.17910920983354536,1.0554370187974014,0.565041402558798,0.63993754879565,X: subjugated edge
-2.917159880697066,-1.0883077930546925,1.008964340661052,-7.988274881706474,2.0885631717168645,-6.919880722933625,2.6520449334154224,1.0282643485084046,1.7353508004089868,2.7913823659137433,X: codependent edge
1.1903057035101177,1.1968167090961244,0.21948186250442736,2.867070581442772,-1.5393972435326195,3.268461026564156,-1.2270985950119313,-1.7273908492330998,-2.4712553407795497,-0.5448666022663714,Other
-3.047632565352754,0.1023103338088603,-0.10087047163119722,-5.984980721665407,-0.690772450169118,0.08632944048949892,3.307274057078887,-1.8179344736917942,-0.2516564537341807,1.7307071203011435,X: codependent edge
-0.6160490255561253,-1.7290711467422513,-0.08883720040360506,1.2105493500886682,-0.3928821972235805,-2.8472305523629293,-0.7265531934480243,1.5390867529275034,-0.3244350615657774,0.18619558575970796,Other
1.025348034257755,-0.051342858344969454,0.713229716078227,1.6594317545896478,1.3806965959728545,-0.35133538718544477,-0.22207493542270262,1.2959509248547367,1.5884992038387242,-0.8438484988643873,Other
-0.31728672525244067,0.28120645592290483,-0.47285873696177483,-0.462170507422475,0.7540151605526387,0.9287704158838705,-0.11105923400539333,-0.6182980588696168,1.4154124689990366,-0.2759533987403554,X: subjugated edge
-1.466185982469542,0.9727923614357405,1.9974660050073971,-1.642017199900373,-0.1391447757973927,1.206245897284193,2.5848151372338606,0.28410059331489557,-0.7214351674777127,0.012881146437194513,X: codependent edge
-1.0937370617166706,-0.3374764031266163,1.000273175227072,-2.20956773554275,-0.6220331589012934,0.15107895763357926,1.2548036742727986,-0.5659676136292094,-0.691998677889555,-0.02115071220883258,X: codependent edge
1.0269057463206197,0.8279382674472072,0.20035336892598687,0.8073826823627832,1.2136338108615472,2.167772257357377,-0.673537514511847,-0.3316695674601316,-0.7386986590384605,-0.7462908278376412,Other
-1.9215045305486382,0.1871419867702157,0.1503623170598607,-3.6723019034317836,-0.0008321745981291206,0.9439502347239904,1.3088117238561325,-0.051056531931795726,-0.5075727137145131,-0.6106502936014431,X: codependent edge
1.1289911009620173,-1.3150546090375794,-1.7234195638535672,-0.882881115637636,1.1692025893567486,0.6017677711233478,-0.5773398263566198,2.708079394058583,1.1147431221455415,-2.9575339343478317,X: subjugated edge
-0.05510209904228934,-1.4151667734825137,1.4253099029899063,-2.9788918870257155,0.34113319089184524,-2.8620407481237695,0.6845204444223925,0.5712366524525418,2.187097560326566,0.17926948783198882,X: subjugated edge
-1.1923953304424335,1.1225598701493487,0.48708790324206197,-3.3392240807353226,-0.42542453296192806,0.9454783323994473,2.590724463000857,-0.814925598420617,-0.04502973672295052,0.8121020569009392,X: codependent edge
-0.5831150723026911,1.195984178381769,0.49790588267703606,-1.0550910975705214,-0.15910905407925408,3.04831224127863,0.8655792626523364,-0.38745889202767414,0.0002313960020552397,0.26204451427337894,X: codependent edge
-1.0172243411016413,0.32290923040472297,-0.22317659800512354,-1.2944569425152668,-0.8717956962783961,1.3790446233951172,0.6788086673219206,-0.2081373633692063,-0.3264381785746677,-1.4286783893355919,X: codependent edge
0.8662252008585286,1.4957067211800286,-0.8426123157747202,2.7105711809314483,-1.2176442680263841,3.0241314216180704,-1.1378396626333491,-1.2156691866968665,-2.3180726145253927,0.5037058644923783,Other
0.7324278097628383,1.0566098490416067,0.3914473012216363,2.5214441749560095,-0.8686839346540534,2.88505665837104,0.05001560299149149,-0.6122399907450733,-1.6019497854601448,-1.579439953675658,Other
-1.7191611338760466,0.6836287294797211,0.7843639277968295,-3.1429286146919653,0.023483943766930693,0.6943840540084052,1.2010395882352036,-0.9181958158685132,-0.3857004173521734,0.657327005454591,X: codependent edge
-0.4035921185193341,-0.9113114887336718,0.2864428405717331,-0.5952107088200629,0.487016809340438,-0.9372132309537338,0.5409001664260581,2.1684760208761946,-0.2824775718384601,-0.7242350578705057,X: codependent edge
-0.8631856623442771,1.7314287510323434,-0.10027056643294874,-1.9102934717851086,0.49835220595158386,2.122971535088837,0.6083702524442447,-1.157675119225365,-0.7175375184162573,1.6351657441859784,X: subjugated edge
1.2935099684593703,0.536301432208273,-1.9124556106674742,3.1995926765678226,0.16573795687971837,0.3099772579604958,-1.5868017266959988,-0.5105301457971351,0.38548044932733394,-1.0563110589644114,Other
-1.350099118126421,-0.38583877461162164,0.8630469797812388,-3.1562544979228377,0.3449385199410151,-1.6405362215796546,1.6634682241926895,1.4553205409174885,0.8178203426444347,0.734221867740295,X: codependent edge
1.604229104685014,-0.668270005305298,-2.2611327662591316,2.7860344251538605,1.338551707278962,-0.5494997240939686,-1.919185413192435,0.6306256220967787,1.2653520676127148,-2.183196259467526,Other
-0.033294739516937566,0.2567837815138569,-0.4216712613155322,0.035384857343216725,0.510375316638395,1.27905161748295,-0.09360245332431731,0.27728969937615083,-1.600137115455429,0.04779445125746644,Other
-1.1619344063800876,-1.6710590848384548,0.07472896166006843,-4.385957033075151,1.8659983111240344,-1.1662434184095387,2.081786456794127,1.5508675856382288,2.7793403256526377,-0.28189510339549606,X: subjugated edge
-0.6772741840092779,0.6996732753528626,0.8285485966306183,0.016635027148525272,1.1622247212822483,0.8142515045838962,1.1977291186275996,1.8876730296461277,-1.4383977431218984,1.012421290419537,Other
-0.8016188407684506,-0.9535708146940268,2.190555567604445,-5.22716471908109,0.4517715713041772,-2.82599232202077,3.5414538522678343,2.649966205652491,0.625515669173421,0.711870804989408,X: codependent edge
-1.274618402015506,0.37060810882428674,-1.2330348726909286,-1.0190445235982528,0.17373541719242233,-0.4269993764214205,0.4384866652251161,-0.2824558799590345,0.3369873666401032,0.9002848041575239,X: codependent edge
0.09482685973037566,-0.5216203373581595,2.0544882659197246,-2.530642093981803,0.9955679151029275,-1.7157566516723612,1.5725845442074753,1.2291136949403363,0.9425314909007816,0.9675731557148282,X: codependent edge
-1.2279155506918433,-0.26441871272470363,0.44975292501607356,-0.8835290627889997,-0.6661276024255144,-1.422577307793484,0.578788572995105,-0.09754353276241817,-1.1141269954456643,0.4285011098489484,X: subjugated edge
-2.1803662087381888,-0.7569098727650648,1.1174320259358625,-2.427994560185816,-0.6343422680234034,1.148019260725348,3.1887110097082574,0.020778767656968122,-0.6318880425778703,0.007662852150071009,X: codependent edge
-0.3796764708481731,-0.16122943118080152,-1.111448067313105,0.7784736326027796,-1.0897120963123417,1.2347454656233743,-0.7436072297356195,-0.2797247456255532,0.02189638041958286,-0.2964461668190494,Other
-1.8028561964178826,1.889379546017354,1.0555917310810257,-3.9848437750747845,-1.1759166887055856,3.5434173152099535,2.1690669397669446,-1.9766482458473735,-1.1466534498188887,0.25648195501514937,X: codependent edge
-0.7521608680675204,1.3850596270486406,0.47376640058074443,-0.005396876054430094,-0.5928319289387356,3.4854953367120665,0.5789951301388806,-2.4460696438828844,-2.0192616041841407,0.6978739674274764,X: subjugated edge
-0.9091028886033559,0.3544789549954567,0.27827451849991724,-0.44919673567118656,-1.332051861300576,0.048536063424889864,1.1460565476151414,-0.6680150626576591,-0.2963231360169896,0.4563131462941673,X: codependent edge
-0.8712160720258142,-0.025294265564952366,-1.4628343592710578,-0.83762367120453,0.014824849679027335,-0.7647884827643301,-0.18096058530623296,-0.006077772855206477,-1.2670937302190273,-0.37235550886243723,X: subjugated edge
2.0009631015901537,0.844201190692885,-0.2638631324356799,3.406812231449086,-0.0029998346010526172,1.020225224561401,-2.211400406229583,-0.40035047611498487,-0.01889985562246954,-2.4810128941973426,Other
0.05641156716957076,1.1299703941075565,0.28156868910759336,0.7867836994500329,0.19177316900065433,1.1982373662890546,-0.1192969826270995,-0.8193182028537344,-1.4282143539716912,1.056573890249452,Other
0.24537100899533215,-0.8298183822075292,0.19416392893515264,-0.7097592567693748,2.4823492732794534,-1.6918431499978555,1.0595306043805544,1.4691664370224917,1.3525231696492044,-0.48687192785538463,X: subjugated edge
-1.7763982963422946,-0.0774388676322022,1.6132939135167499,-4.9976292217721126,0.4085714590227873,-2.6707003110510192,2.408738184718119,0.8981188524911798,0.09861866321658787,3.6389953008920832,X: codependent edge
-0.6539631336369219,-1.8219582295680803,1.2847220600926785,-1.8586836269019984,0.13842350439962592,-3.8595458611759863,0.10195975486004838,1.828610051937197,2.212358629263718,0.8401828229298354,X: subjugated edge
0.21530262994151197,1.123102110260895,-0.7358373993093541,-0.1139868650955182,0.04107957865359102,1.7509101667622147,0.3289332237847016,0.22319470265021135,-0.5118819736782174,-0.061846971822704155,X: subjugated edge
-1.0245289129130064,2.0650242577008555,1.226813072584262,-0.10079895249583264,-1.2024698322859713,3.5094904882450786,0.6518269321022135,-1.7188322944500807,-2.212243293635786,1.0673180803920426,X: subjugated edge
0.9080628435179854,0.0800826246230855,-0.32015717085621537,0.9596774155575694,-0.2729712796335941,-0.7547861151265165,-0.267598393480172,-0.33110395816378185,0.1717087098174641,-0.3959520291709062,Other
-1.2026965859010301,-2.1250101249030164,0.5611401535011584,-4.091325362832041,0.10930547597935747,-4.347505057978044,1.5694093691982232,2.1055214525063,3.2350994773185997,1.8788790599882743,X: subjugated edge
-0.2863661358651756,0.6088905165770311,0.38215812983789166,-0.9210804152811022,-0.409902771067908,0.6972476539347902,0.8489786100144489,-2.1265840038425603,0.11035481599836727,1.2393778083973581,X: codependent edge
-0.5860516399755586,-0.9040891661490803,0.2061117517480239,-0.8920799094124772,0.10738413802604604,-1.1903781736557235,1.9221808928944148,2.3041496532716206,0.5695812377310749,-1.0588494638240986,X: codependent edge
0.16432065938191598,-0.66334944166446,-2.934443487495695,2.3683234886635525,0.2743363343708999,-0.18191627686441447,-2.0652207575860113,0.8267485395484253,-0.1950929882441108,-0.2599686851753167,Other
-0.640490071855426,0.6265763897910038,-0.3844448566022816,-1.2359713683497162,-0.235865936370583,0.6186693110026718,0.7654634503356644,1.0622699568843,-1.002052209791886,0.7235535955265565,X: subjugated edge
-0.27089362707093734,0.2545541255127244,-0.4643259914874944,-0.3482268651366214,2.0628615175105316,0.34037637923315506,0.9389149834581202,0.08536329398472176,1.0313922570598342,0.06729142951563834,X: subjugated edge
-0.23613009177798555,-0.4881087753386017,1.1454641037522761,0.09260215766342036,0.4244586588846677,-1.6618318457546617,0.21005013930335964,-0.2811460589584964,-0.3083238848379309,1.9527920757357338,Other
-0.734387757391301,-0.6496056326016644,2.022618224584944,-1.7693088402686108,1.0054246238235574,-2.478789696698661,0.9016538337204548,1.214020274670085,0.7261564952554141,2.5739893052849236,X: subjugated edge
0.48509386849711267,0.12583605522083274,0.2811443579186136,0.9418978348297348,-0.5775588006736261,-1.5250132663711449,-0.45269609438878416,-0.08237744464376195,0.9669149993928703,0.5379391222582215,Other
0.23838837483742528,-0.4094655525123675,-0.33950160652655526,-0.7001303318804539,-0.7918989447857767,-0.977523840504756,-0.08801722719846816,0.20442822005838424,0.15641645976741209,-0.7188068151716004,X: subjugated edge
-0.0886139452531673,-1.1092371336030074,-0.6429243993415632,-0.5286957242044785,0.08669698711885254,-1.3893263612953646,-1.2807127262345417,1.0103111468435997,-0.17024878962520607,-1.1488889167030025,X: codependent edge
-0.4304583334619581,-0.33256318147836006,-0.6481903099974843,-2.0564933472905986,-0.7183726254551177,-1.8241120606611645,0.4447096037413373,-0.5449331660408248,1.8518249550961172,0.7265809360928108,X: subjugated edge
0.796544030519997,0.33959262325518413,1.8381781369896524,0.39473125586246116,-1.8299052861718264,0.5531261296930053,-0.8265179175539493,-2.192168691777601,0.7283742622866056,1.1893033460270495,Other
-0.23583424381418136,-0.17810346681963335,-0.4836752484719926,0.8435443667715592,-0.7728502570661638,0.6859883573599799,0.9292199404038242,-0.001842098077034282,0.3099122509351413,-1.7161694133769676,Other
-0.3066972878259372,-1.4135085982481852,-1.7601131279464228,-2.7944915607830954,1.9914051790905956,-2.6516345720643657,-0.17670282063884502,0.9943197790531211,2.600594242226723,0.5946698195428184,X: subjugated edge
0.10469002988812601,0.9890646213755394,0.7607241219061461,-0.13496344450562933,-0.11113748631188886,2.2281733652432285,1.6986632365433745,-1.82456505817605,-0.9031659787518274,-0.05646698960464949,X: codependent edge
1.6965866829708507,-2.7388114369433336,0.8742979914879108,0.6493166878697578,0.8312144098393337,-1.974874238002827,-0.37741809560160466,2.1426812132840225,2.6453780629805994,-2.378144355736943,Other
-1.340356208021204,-0.4463651550284352,2.3412548833050497,-1.7259461423612104,0.9567325294850547,-2.021632290192022,1.8302615151624313,1.0882977435358885,0.21714827521036018,1.9725947321507713,X: codependent edge
0.7698568930553547,-0.6201984545539159,0.574744754287765,1.4074311626081608,-1.4817255245308878,-1.8597282675137987,-0.9177653817752695,1.289191782818757,-1.1934914373609322,0.44499510125313047,Other
-1.893171161238105,0.14817887787141484,2.1898426233770523,-6.859267992428441,0.6938614430322169,-1.741471283026911,2.584475845006649,0.9355479684012817,2.31497638150782,1.5888676829705635,X: subjugated edge
0.21727315822862395,0.5616618078027354,-0.20994341638539982,2.6239106339327845,0.7103950169935113,0.8960088453948004,-0.280117347403304,0.9733445921418392,-1.347519026603533,-1.1029620146268941,Other
1.5750828276087308,1.1267648082610353,-2.0926321781205943,3.1128190193494683,-0.2738181464069604,1.7819274427056035,-1.233392324702858,-0.4780455064216048,-0.5616181578925397,-0.19631620352172163,Other
0.48866852446730713,-0.7124048733521602,-0.004269154937453789,1.6649452489744976,-1.1137834482869349,1.827921512261689,-1.0648866253384717,0.30824139249279825,0.37192331559426905,-0.8872567257518023,Other
0.1706250785397928,0.5865823373334818,0.15605782280798386,0.3249568020016163,-0.8697135288865041,-1.7999895230558862,1.4579337117044824,1.0480348951430312,-0.20358783137162384,0.9214625155971415,Other
-0.5604494688030756,0.1958183878814611,0.1437171046061832,-0.6507843663758007,1.08137559858356,0.38501785435939884,1.4410925049613343,-0.6523864819677883,0.12089910118904784,-0.8786854903053984,X: codependent edge
0.03104720048855424,-1.7115393751832233,-0.16242268427843276,-1.068320788410624,0.8210285264983808,-4.043102370696547,-0.24901833098456858,1.3431946310160052,1.2914467850747187,0.28469680490460025,X: subjugated edge
-0.2520628154033563,1.9005402554341098,-0.9808370593353763,-0.2742837944525932,-2.120311381537447,3.925751854631806,1.0960361080798127,-2.6309301404542422,-1.7537946071116282,0.1989707962212876,X: subjugated edge
-0.7859766079313554,-1.4387751272401994,-0.47167040700346563,-4.154065187242938,2.6207718088421417,-3.9807420260774253,-0.21011529849599742,2.9285964254278545,2.1293235844984393,1.1117872785869118,X: subjugated edge
-0.28987561547486984,0.41949727230971495,1.7066723952041052,-1.4469326808596654,-1.1697715918800218,-0.5037062444020731,1.139601631884421,-1.5751027388428618,-0.625148611781017,1.9694567528688618,X: codependent edge
0.19838116062643954,0.3899599441977477,1.502529326091506,0.8350023660284475,-0.36420355692780493,1.4888819228807653,-0.4300009624058925,0.11621064691662769,-0.420842004758039,-0.36977421146982464,Other
-0.7672170685306403,0.2756367823290771,0.24621700272687078,-1.6082832944975836,-0.9983098840692153,0.08826314330024415,2.07113739485113,-0.2212296607509029,-1.6016003252331337,1.0152147514653205,X: codependent edge
-0.8062818206846841,-0.4945768821616075,0.49516570083346867,-3.079330465287514,-0.733827804655157,0.21043734972213723,-0.40800417892215946,0.6507207257364827,1.812956731251269,-0.48894938339214,X: subjugated edge
-1.3602434375921744,0.8272526511405023,-0.4651962845387558,-1.2849500755804408,-0.7814190154886095,2.622428000830648,-0.2694870220449277,-0.3756607601914277,-0.31679565098089796,-0.4266283588284431,X: subjugated edge
0.3907250260888961,-1.5603674739430955,0.45033633610930435,0.9374932626003157,1.1277577245411314,-4.9984098773956624,-0.5664272486133878,2.8315063089752774,1.5301369225338834,-0.6104547604516711,Other
0.5453232619670604,-0.06582878867392292,1.1164937470671927,0.1803550424087247,0.9316468973561287,0.06743961192498082,1.0851724957120625,0.43170559811266856,-0.2085144183437801,0.3284161855568351,Other
0.23166044423651747,-0.5638746765524585,-0.6038105421807956,-0.6739533756649254,0.6462299668207446,-3.2426587663798125,0.2706735874004179,1.11132792460235,-0.2926845341170464,1.0936151957153286,X: subjugated edge
0.9651704927286658,-0.6772979420670315,-0.35573884200660316,2.1847126859899295,-1.0337977156323297,-0.9340598465398158,-0.7924223772776409,-0.509647479656456,0.8610928284942774,0.8460212784832076,Other
0.08786763708072752,0.42874778745354575,0.2563799306789504,-0.7621952319623689,0.08574639096101666,1.2212428322285087,0.8136648993704534,-1.0065712223583774,-0.3888451718783567,-0.2818576146130379,X: codependent edge
0.3920109373657567,1.0774785427196831,0.1633321439890988,2.130643881726206,-0.09327801345083492,1.0214823591123037,-0.3070690317625849,0.47353757536006336,-0.20043955991608386,0.05389682371289303,Other
0.30383742563756283,-0.34325576183686607,1.8868962423879792,0.08192496675051589,0.9213037255532632,-2.3669360107416693,0.9380468242974157,0.06293940735881143,-0.6498202507860354,1.1701291915488967,Other
-0.09154001941820787,0.7806810899257774,1.3765151020234339,-1.557311641288515,-0.42499892562171787,1.2798446171948001,1.926881367216288,-0.2957762762594399,0.6798842312418664,1.1230308284331476,X: codependent edge
-0.5308218281296473,0.04974066544459848,0.11190878581455069,0.08024454061843334,0.011491559863198317,-1.4648489535803115,0.2635111698106233,0.3661478024856023,0.737286855517992,0.2345685919917442,Other
2.214152615791911,-0.8927322092380086,-0.13010053016815193,2.3566554342061954,0.4685397636319151,-0.4198522040986006,-2.293939165998381,1.761627721315822,0.6519345762443342,-1.4135400770532502,Other
-0.4519509798535085,-0.25795209324106383,0.32736016693318376,-2.3741448224212625,0.03345844742164242,-1.250645585487603,0.839054095755307,-1.0351301151787717,0.5751880004926555,0.29832240354357065,X: codependent edge
-0.6658777111204364,-0.2994858907916149,0.05738957495711139,-2.58663870306284,1.3761576048223192,-1.4132313009427204,1.0804393226896902,1.5122905846733916,1.2373668160658386,0.2729195304659835,X: subjugated edge
0.43400982345010697,-0.6966599125054466,0.43391868286734836,0.39747197733202466,2.4936516327029254,0.18200521365610856,-0.04740815743831449,1.6011141642840037,0.06449096508711816,-0.4421296431845346,Other
0.25185441529500513,0.42848292865583376,0.35072068211482466,1.5196507700146624,-0.12916871783556258,3.229391348667919,0.7214694807599416,-0.8294199583646813,1.1088883387027713,-0.16019888181724412,Other
-1.4047915476103274,0.23464618770475926,0.7328165282450447,-3.407347993972028,-0.030962472495330174,-1.507234496126554,1.2324167462428817,-0.37803088722176115,0.24896308461382896,0.7880174950815964,X: codependent edge
1.1226782545637386,-1.590649698269418,-1.6871912615650104,0.7047106704020736,0.22895971082635203,-2.2221727353278853,-1.5055852514394397,2.0735972338546746,0.5041232727202293,-2.201003255277073,Other
-0.09419457535083331,-1.6515259952393577,-0.33207373751186997,-1.1801809791070577,0.04778527249064146,-4.015879026363541,0.20214391155549077,1.808578257044112,0.15572457048789778,0.6947975933150151,X: codependent edge
-1.1109310952157205,0.4246844532057544,-0.23093733146379294,-2.1500379042785833,0.2693501491762469,1.9575402327363158,0.9447973007811671,-0.2932483662791302,0.6437932303455739,1.0916430862760573,X: codependent edge
1.188784114353874,-0.8152864287945346,-1.1866686613084056,1.4235916754105973,0.6058333382035954,-1.4234456653933745,-0.2156352613875514,0.029759225735559225,0.8911714978204804,0.46639440897079587,Other
0.625675571596154,0.302041155100324,-0.4454490761527187,0.412673060918889,-0.9560853515802836,2.305110337706272,-0.3925415754655897,-1.4581777222201007,-0.07294158879701618,-0.22623352715441009,Other
-1.2645419919479142,0.7809315781091883,0.9164101228962155,-1.9738516855841282,0.6118558877132203,0.5862544525133484,1.1328644480732193,0.25440908583255417,-0.3013838880841684,0.7424592052349592,X: codependent edge
1.7771828402577243,-1.2709528374055592,-0.2856703767919522,4.583915522430745,-0.035271547270340514,-1.4151138637953375,-1.065452523631413,-0.020964387458279332,-0.03679425566713235,-1.7733400322280948,Other
0.6587973683661927,-1.411537254576185,-0.9161848273781649,0.05292873569293992,-0.2871368561150154,-3.436728673907087,-0.14974306839222407,0.8408254894971506,1.2636832800789153,-0.6628125804043745,Other
-0.010196115625046132,1.6744316823952952,-0.8460411287848039,1.1770103029323464,-0.645940196187933,1.1299567256536833,0.20760515990471945,0.46430724545388613,-1.4500675206912097,0.22275902539009496,Other
1.5902188056217794,0.351570782962459,0.5162874493966831,4.128136307562575,-0.17012614892467956,3.282941703977124,-0.42122907361559303,0.004435774539621795,-0.297996311122171,-1.0867600023968027,Other
0.15929778382964058,-0.41924065667327093,0.1421834311921037,-1.6588846481939112,1.300848794024136,-0.17584836597198264,-1.17902840147131,1.4564993528120678,2.6832133648946073,-1.3106073783883512,X: subjugated edge
-0.02808307510403198,-0.9339404526462636,0.2074064503300345,-0.9521552576996888,1.2056600651695482,-0.08108527301641821,-1.754989253653706,0.44722591491124797,1.7074680808709384,-0.5476828317577658,X: subjugated edge
-0.660300116021989,-0.5104408489072796,0.41840879519002805,-3.022351644857484,0.4219538338517341,-2.1222251417273137,1.6399574488174724,-0.34776638021559325,1.2461228752394886,0.570038977411405,X: codependent edge
0.5818504393070786,-1.1905723361133103,1.215648728412547,-2.2491623287666864,0.471646607944785,-3.148048419228858,0.43979718295993625,1.7020367534386744,3.2278106591790117,0.6157329438206824,X: subjugated edge
0.4766029673239799,0.8834121740905903,0.6031710182060006,-0.7017212723260531,-0.5337673952209585,3.3924634709594574,-0.10220832976173708,-1.1145184500885175,-0.40746034037206985,-1.391790820753723,X: subjugated edge
0.014680139889711287,-0.7767511536063209,1.3795380478030768,-1.1179032677820602,1.0191246627445252,-3.4504994501918125,1.130516787429217,1.9213855746125323,0.9123770546493823,0.6296402564410295,X: subjugated edge
-0.789986353867603,1.093534588216267,-0.129582710924752,-0.8953188375272564,-0.4002062892077304,1.3366416545499136,1.9796599972339988,-0.8928938430872901,-1.4081856160854482,0.6625679174555513,X: codependent edge
0.12992985416607386,-0.40062891977001125,-0.5688116819693931,-0.4356603475767845,0.6146548466895883,-2.6297052563889034,0.7067357268740254,3.244338460000421,0.06013617236413954,-0.6389379307986547,X: codependent edge
-0.06979878576213788,-1.0433501836173147,1.5165594095916228,0.04753928214976261,0.14372363079456463,-0.8325356126217749,1.456466253239302,0.4929484100855288,-1.0187434929763552,0.0014531472594347394,Other
-1.333474318734201,-0.4263015880138014,0.9224658502471599,-2.663529500911093,0.7243872311025706,-1.0522001118030442,0.7501711470373903,0.9375490918985796,1.1662720395253308,0.5176228820801188,X: subjugated edge
-1.4718123513241856,-2.624166777501417,0.3067066249664832,-3.94559356202939,0.5250341983327601,-4.36785403060295,0.6742841425006494,1.6087812254352025,0.786335817161909,1.1683753737111977,X: subjugated edge
0.5651533788097695,-0.12076857667400692,1.288840658431325,0.7631760470996838,2.4261602572794962,-1.1682367498178594,-1.633690248839011,2.031408556270601,1.5736732366843447,0.9770983646386607,Other
-2.601888315051689,-0.17011919113015858,0.7231093353919749,-4.520008257329872,0.9758675431203652,-3.0006129725622914,2.7519505426288458,0.9721140831574977,0.36676562275422475,2.926277021468514,X: codependent edge
0.20541052696125997,0.8247427465479676,1.1900507257756434,-1.3000026086833427,-1.1841760364845708,3.4346871933743532,1.212935329473969,-1.7973286663897783,-0.7824856886518394,-0.7318849199278301,X: codependent edge
-0.4780830577538245,-1.8863049279833795,1.4624684818294587,-1.3437902055002058,0.8562491667289384,-4.202531082852126,1.9093066447822586,1.637077150430486,1.446960212585139,0.5905630785202546,X: codependent edge
1.3082466068799101,1.1618663608635478,-1.0870381920196444,0.6722154929823405,0.40423624034229144,3.9162391615080008,-0.9637792881111907,0.4143826176317652,0.5442210020919026,-3.0409550840480932,Other
-0.49346820915387574,0.820599294997656,0.7560594228604516,-2.210605131896819,-0.49532250085215457,-1.292864490181453,0.5947777534821246,0.17543723239762965,0.34603971394184174,0.6403788271761501,X: codependent edge
0.659484214251896,1.2520435636986627,0.5923892064578652,2.276826251132951,-1.5507411046558333,2.155861550538567,-0.6512461142154905,-2.6226628993183567,-1.3036083426073097,0.25705275478509615,Other
-0.3969138412377916,-0.05272137600413741,2.4212625064564928,0.24254658361100262,-0.8050820263827291,0.7230110456621648,0.7682299117656917,-0.5972231126682794,-0.9714091784634311,2.319689756462402,Other
0.11374815348614345,1.0138968341027554,-0.42425353504081725,0.8990248516748772,0.3524293794258656,2.559480994025708,-0.39879384275687474,0.8392181623872986,0.23200161119320217,-1.719701139504056,Other
0.7368365309200512,-1.4712440349069051,0.48381071620673666,2.228963927227931,-1.452446872881699,-0.6274835415875833,-1.0682822663193434,0.3994485828623722,-0.3078141648779935,-1.2586514639195432,Other
-0.46255571632458015,0.713047565204533,0.1382411245793561,-0.4265177357527435,-1.5199070253534734,0.37794555618118264,1.7260908420605856,-1.0061769494005188,-2.2410851224394257,0.46464983457906756,X: subjugated edge
0.996554884498404,-0.7711627620999453,-1.8087288650677593,2.024466396396581,0.321441402178984,-1.0150570528743499,-2.538122817453495,1.5682196400505597,1.021285604233228,-2.5660094459477207,Other
-0.9936978771064832,-1.6514018324229363,0.32674050277755373,-3.511648612554601,0.4697591471776513,-3.2145926487199503,0.7445166764128444,0.525821710823329,2.250055368760947,0.8903060991760892,X: subjugated edge
0.2945928425583791,-1.1241405181643607,0.37925212847652495,1.0216775772079223,0.28230042663065547,-1.9690831034475662,-1.5024449841775036,0.34036745753501696,0.4710590721712364,0.45184245418990693,Other
0.9226397227878528,0.005531138629270573,-1.3616503658432322,1.6898446463350232,-0.5611280224638863,3.4314848902076474,-1.0823063107467954,-0.4244302764931824,0.17190638815135484,-2.097305494925174,Other
0.6600374917903349,-0.8242992082176034,0.07155567275911831,0.6925754288225052,-0.9244657991795748,-0.5563018395002113,-0.46461584841899556,1.1806825114238313,-0.09486799438947507,-0.29486010329478135,Other
1.9164448767354103,0.37607353169579993,0.36465452443098023,2.5667441943384985,0.501432043907753,1.653920168678374,-1.5408318867872712,0.7834132821758619,0.5196761639530012,-2.166672107311517,Other
-0.7634393173106605,-1.8082375550040173,-0.13513464053026672,-3.8542011426134213,-0.6574878350551311,-4.2598438058230625,-0.18781854977816514,1.6751334158685274,1.908883293686455,1.6248071526904073,X: subjugated edge
-1.379149251348588,-2.1270975436158617,-0.13058255402806435,-2.354478785600703,0.13637746734208633,-3.594617923953151,0.9774461658895243,1.627323056512758,1.2000912112432167,1.0329214257593262,X: subjugated edge
-0.9943351084951194,1.372387434143576,0.3284368601646794,0.0104607491948433,-0.07894740551384166,0.4664636786134788,0.4852022509347669,-0.1426396048291405,-1.7891987379116268,0.20079445394925366,Other
0.660442566548437,0.9038001294014344,-1.0823877088211393,0.9146700877839953,-1.381834407681339,1.4015698775418652,-1.0850573109058423,-1.339159503636411,-2.240496418635142,-1.8064241541578152,Other
0.4979229342693786,-1.0492968359138075,-0.27526612785982035,-0.11722730669959558,-0.5174179048437823,-1.174190836270427,0.9707605431995414,1.0626105790349594,1.3136527394820514,-0.07545250613233095,X: subjugated edge
0.10225665964741577,-0.002999643470539514,1.229567274241458,0.7091019758228061,-1.3679718285866234,-1.0387225307773142,0.6057456905925211,0.145691641284878,-1.374523298271789,1.4566485302886705,Other
-1.12295704910713,1.0195070602013239,0.9175603509475083,-2.966699449311245,0.24886109129901623,-0.5333439707004622,1.6547703507372509,0.6949722465665493,-0.27180065671914394,0.3494118643823071,X: codependent edge
0.7668672933290608,0.41920060829060546,-1.351207605494671,0.5999473899829046,0.029911891071183902,-0.3196242617325471,-1.5315424742297687,-0.26818354367229136,0.3972891801086001,-1.2775239884734158,Other
-1.2247047776505404,0.1482230961834784,0.2087165706706809,-1.9687741529835487,-0.23361461301170522,1.0634999106708527,0.42412440778364024,-0.41325156370268923,-0.5925359931907345,0.21935348107209418,X: subjugated edge
1.1589495823768998,1.095154081312597,-0.2015964720014956,1.997393414296425,-1.2021751795379503,0.7175030221116537,-0.9771488842698338,-0.3160378696852508,-1.2137819293675356,0.5083725152488908,Other
2.857438423139865,-0.7307124752012204,0.11785537453892103,1.9539778668368846,0.42905048360280024,0.8431218746476186,-0.2120993951732164,1.8449965080340598,1.45286518434239,-3.444322761301679,Other
0.3664511465715505,0.0311784486646287,0.8825828641701465,2.470898424552783,0.3051598295784036,-0.8617200298027275,-0.09324684222256724,-0.2185927824809267,-0.6156827619930334,1.1193358533597275,Other
0.5831081356577431,-0.017848638292391635,1.338269902623839,1.3303974209809128,0.12321728228270756,0.5323020848706745,0.435968706961037,-0.6849410431516866,-0.7246880647041156,-0.29815769257043867,Other
-0.4928597688955594,-0.27276204767104256,0.09855481902922683,1.072108680065365,1.3028540710765666,-2.055387366065637,-0.20730439108308346,1.780131717362321,0.3689190142814375,0.2890524436045755,Other
-1.8102133210868163,-0.3898055114207521,1.651956339730832,-3.248406330344016,1.1050591343848644,-1.3223305546790278,0.03458631489267372,-0.36666478615777764,1.671117085503865,1.3826861083660789,X: subjugated edge
-0.6027193630302223,0.07286823782849074,-0.5802843999025521,-1.0054418723832492,0.3283616178164871,0.9213303363259109,-0.4014619566322237,-1.1014895217601879,1.4202655611694892,0.42134301525870366,X: subjugated edge
-1.0928952410987494,0.03440749598552754,1.1515371657757165,-4.016204783605999,1.0191188132910387,-0.6786232577796676,3.1233953009384554,0.30657650788528934,0.19940520422209496,0.43551411474809487,X: codependent edge
-1.4470045764150157,-1.0484276425345258,-0.5268946972872517,-2.786062487886054,0.288940798728726,-3.3337985529402707,1.294693539575573,0.9931738781256869,0.16285682342797947,1.6821102315831125,X: codependent edge
1.7223599419956492,0.8017959099004475,-0.9349632026043025,2.1855530148492837,-0.5211936336351887,2.7721083011449728,-0.4818102468785841,-1.63084819226907,0.22697199200579987,-0.46587543670347387,Other
0.272862518025773,-0.9763852077662583,2.8533755450017235,0.6163143554150544,1.817158846201982,-1.4476723930908144,0.818580430532464,1.7164086403984704,-0.23910320550274156,-0.15724565702646776,Other
0.37968758061398367,-0.2182334445471739,0.2842233043049592,1.352771940245535,-0.527874634069942,-1.6498961228975626,-1.9244885263407518,0.1259840645562667,0.1939585747605571,0.40581698459633125,Other
-0.30902236519624954,-0.2952804727200515,-0.5299724885889268,0.23668450782503397,0.21927228619439806,-0.19022873482068392,-0.8382525985646638,-0.04015803721319178,0.22038743921302856,-0.26114699039726774,Other
-0.17287108244343635,0.35810361265921586,0.22178814907296718,-0.9761005582971458,0.7005798529749832,-1.0441905407258387,0.5272265496985391,1.5717813587202232,1.0771602746597286,0.22279111486233621,X: subjugated edge
0.9645506822393334,-2.119103940217333,-0.6525999821884644,-0.6367872959050784,1.1288350187209775,-4.298875515755902,-0.838872607961971,2.4196246210929178,2.901833825450179,0.473640324636194,X: subjugated edge
-0.03233711869521544,0.8909098149294582,-1.1227583370917091,1.0274895785778528,-0.9429573052398879,3.1617041638966974,-0.48880626010352934,-0.24614637116370486,-1.663127845531297,-0.8887374167316879,Other
0.5306939380247327,-0.6769903476121641,1.787388964226386,-0.13542179219888117,-1.0278259397506697,-0.6325339560639586,0.008617821056085051,-1.0469386536806702,0.27422227417643463,0.9788326534069884,X: subjugated edge
-0.19600429784501586,1.2199632947770542,1.378716086207312,1.2241702213975127,-1.9534576944018052,4.413035607528291,1.4722122272794853,-2.8926597929015125,-1.8640271408309361,0.9295740215709114,Other
-0.3421528907320472,-0.4781649245161544,0.8905404645956756,-1.4035865764847488,2.409192556470366,-1.6106114147404933,0.2813478716163681,1.7878073017854754,0.784236690705881,0.3246375998212844,X: subjugated edge
-1.406914165601862,-0.04884358573401051,0.3666134470773628,-2.7524483444316346,0.48657358889721475,-2.052310771297964,1.4510243280082349,1.6467340713694594,0.7025000157705497,1.3367712741639195,X: codependent edge
-1.977749062367128,1.9137860400684237,0.023799808037947345,-2.1155251041072582,-1.5705285855114492,2.916580528460956,1.6405178341668751,-2.8995292277607563,-1.999779505476053,1.5038269677693734,X: subjugated edge
-0.2615619010664018,-0.27733820879366844,1.4603753154924797,-0.024384587615444264,0.45182579213985996,-0.24014691811877778,0.5769634852497578,0.5188577479341498,0.48065421140666365,-0.37647248494808283,X: subjugated edge
0.05649669199323269,1.2388498846734588,0.8666739749541323,-1.4234352230617988,-0.6132635670566768,3.2161192992824748,-0.3133412685452375,-2.1314282022028372,-0.17555015466695256,-0.2924359243860952,X: codependent edge
-1.286130036708791,0.03904508556456009,-2.4243077488627827,-1.8576404993540794,-0.5492557559387903,0.15035508717176949,-0.44683852449887973,-0.8154158537568654,1.0977314328279357,-0.7797723280133367,X: subjugated edge
-0.03447486503463288,0.4154188302934896,2.0525533309958943,-2.2482325937277103,-0.9625065347229799,0.3572174873132353,2.3547214847474374,-0.5998585742393008,-0.31339607701962585,0.40304870580589036,X: codependent edge
0.053752562990502024,0.0699585894113745,0.5502454792815524,-0.02172921537614636,-0.8123121802720239,-1.022791089835282,1.0416319408834558,-0.7874678332030131,-0.18906614121488285,1.2734144794986235,X: codependent edge
-2.156008006059379,0.8478516263001241,1.2269781292019009,-2.9960830538637775,-1.9054736009607534,1.7619859085913832,2.934437711146874,-2.472494767534689,-2.0639422729428767,2.263372274081645,X: codependent edge
-0.9151246594795012,-0.6855316128530513,1.9694299471492955,-4.187952672193926,-0.39262699398404777,-2.2054283481653543,0.9827391907456977,-0.6584717056139722,1.6757361361533811,-0.032040703068765275,X: subjugated edge
0.4072638937354685,-0.9840485230191854,0.038685745813072714,0.6121289907089431,0.9981472878091937,-0.6239962270732187,-1.3663062894108857,-0.22730340281965322,1.360421633959155,-0.48547834120155486,Other
0.3870587293957439,-0.6385761903770217,0.20989820244158752,0.15940781973954077,-0.9048515677257597,-2.4075994739165627,0.626530805870872,0.4291867897171171,0.2594104092410247,0.009962418406651297,Other
-1.1536749163997606,0.09971037632409105,0.4016779634615186,-2.767292881254749,0.7778163533008041,-0.9362361201611846,1.724586716194962,0.7234203458156474,0.240825000246772,1.5028672929585793,X: codependent edge
0.15844805049973495,-0.22081878555032944,-1.45057734181576,0.04311729415095694,0.5406423575416226,-0.34044142845520664,-0.6686591091799791,0.8533182274670167,0.6122803703921672,-1.091316417599871,Other
1.0224072253604721,0.7102748764711765,-0.17719930135307752,1.9671084477627383,-0.2920581110677021,1.2317153475663367,-1.1244500203168346,-1.3460141557327798,0.10672581337204767,-1.769541537089825,Other
0.7770729589908982,1.30473169982152,0.925695304415161,2.9410742835683927,-0.7296398397818682,2.9754511147182936,-1.2642003229326249,-0.5524232348373441,-0.30574960620754443,-0.2752803002277895,Other
-0.09528578701393456,-0.9758383372350086,-0.2142552282053906,-2.3076192508659767,0.7576398214461493,-4.703075854728036,0.6255998208519018,1.6029006732101674,2.230768477072215,0.48133441347413847,X: subjugated edge
-0.4679763133242924,-0.7339487916139326,-0.2753553052859229,-0.7830684304542981,0.08242814616676425,-1.5667155798354138,1.1166736838389861,0.5930250644692419,0.7080803906348092,0.42119752571323066,X: codependent edge
-0.6293444843345044,-1.436239418312854,1.3918284282367557,-3.190117631640439,1.659698156554367,-2.1640126209003565,0.5890118345890225,1.7064221767396688,2.9225361052452583,0.07464658482812059,X: subjugated edge
0.4678197829096571,2.030372990759104,-0.6701063801745453,2.557800010016236,0.7667122144708947,4.002134649775591,-1.2243624088155054,-1.6645958483344026,-0.19066399209197205,0.9863112100146245,Other
0.19510397314288802,0.30466949912182684,-0.061873641777784094,-0.5205184955020976,1.4810944067041412,-1.227904678902628,0.7566253250994335,0.5821117341220365,0.19518147358800186,-0.22937288398570646,X: codependent edge
0.6294040061022004,0.47980232005157775,0.6400894983576491,1.9354699955707941,-0.8192060290778598,-0.09440892364901415,-0.6654110774858196,0.48444140086477816,-1.97490098593371,-0.052432022067421424,Other
0.13187381312115198,-1.3402083850310482,0.10081034550064241,-2.2511439412748935,0.299800203664723,-1.3636721031463308,1.280754451526712,1.9934588421347967,1.0338034360220336,-0.6181471663423977,X: subjugated edge
0.8187639503474419,-0.0011699890068746332,-1.595005643430888,0.8357314708063197,0.03309888482383855,1.1807828751941174,-1.4136143207037635,-0.17638582779592502,1.3353962924583938,-0.07016646214524003,Other
0.09459253295770016,0.5092479844130853,-0.8711714012107845,0.5459604546065341,-0.164262447200625,1.7035042412351722,-0.7528928104131155,-0.05188799321932547,-1.0392635846410718,0.16323329188267233,Other
0.7846887161316864,-0.252757690534425,-0.265291558302594,2.780472336012422,-1.5662154892849594,2.9527116490047263,-0.6740667374248845,-1.3413012394187316,-0.23547889759494228,-0.3221712181898913,Other
0.8708227703666389,1.0757056248263945,-0.17754596730930516,1.6616168016551338,-1.9209343234324452,2.6235591765086763,-1.0229865638371813,-1.1236492811104957,-1.1350528802433806,-1.598205190746293,Other
-0.8045266302248135,2.3118311256428297,1.1095078449931974,-2.2368990790614127,0.14525982292845696,3.2353354816106408,1.9473327926763104,-2.2916492809133384,-0.6583046817327821,1.7857203557696146,X: codependent edge
-1.808144046870746,-0.9470628270939518,2.191631038671242,-3.559874498277685,-0.14848219793453238,-3.8670564036912816,3.0066996072366585,1.1611718022081794,0.2414063626149065,2.4761504690977665,X: codependent edge
1.5434928560145533,-1.0220872459766968,1.2654581325257805,3.00462251110046,-0.3864951491272717,-4.773249484982833,0.22791623718880993,2.8194467602310516,-0.19056802104032466,0.2390604712565937,Other
0.2566587307122617,-0.8777560655285767,1.0524202940440537,0.06539485550929092,-0.2660837402990137,-1.3655472340004657,0.41948488980617493,0.11107004176652946,0.975218149044045,0.18037286728687618,Other
-1.7144858954961215,1.6061991600164907,0.42718709170455177,-0.5837510589307089,-0.2767248287573534,-1.08704688540509,1.135832739157867,0.8629269389753467,-1.7589258688198872,1.1789399703057046,X: subjugated edge
-0.7138194972187111,1.0423553170296844,-0.6331937692515633,0.7655887840937297,-1.4174117782691256,1.3291204040009998,0.2436294211800301,-1.051625172156136,-2.6629340388708265,0.11924559293163203,Other
0.7718742923698284,-0.13552781779364848,0.13622070085165763,0.07368795817583357,0.6439965676331754,-2.4302332010897674,-0.8368789975718309,-0.17077490616629742,1.8456081876195092,1.476296172879337,Other
-0.279676831132893,0.03655966440087428,0.5812804702160268,0.24223590236949977,-0.8590625158622832,1.0699291773055593,1.5712812198341015,-1.0105900054894943,0.5064935261976664,-0.1049052464326879,Other
-0.5120614193191271,-0.8165436261967214,0.3728672507818231,-0.9705518501540606,-1.7017812135962538,-2.218005160031808,1.3035416201901167,1.6203228794155202,1.621098610553602,-0.5636080191179216,X: subjugated edge
1.4008818603129667,0.8900271577431841,0.2477000320381474,2.6005246108744164,1.1075994431872243,0.2029658830798573,-1.0078386809604662,0.20064089465418689,0.496673020486303,-1.1535309406170655,Other
-1.0472871463838105,-0.3799018241085537,0.5635647057029775,-1.242155288142637,0.7714404181719117,-0.08754111352360672,0.3442132597757447,0.20745991413439657,1.056678494560718,0.39664811070488604,X: subjugated edge
-0.7981533577548339,-0.2600765394549993,0.23860837063672335,-1.3976407119583407,-0.9022396516865399,-1.831398203896088,1.861618551255514,-0.3635458969498714,0.21248314354709147,1.6612520047333574,X: codependent edge
0.21138647504826755,0.6087897715292568,0.7565741302302093,-0.4014377408978419,-0.8974161162884822,1.4117523304289228,0.2844316039756192,-0.5373477476950452,-0.8230622257084981,-1.0630225085362457,X: subjugated edge
0.39045493205388226,-0.18799493808322118,0.579169301931045,-0.1349647185688876,1.2786557437355706,-1.1153936445821793,-0.1298406083189922,0.7098507818336485,0.941084027494097,-0.5571421360835204,X: subjugated edge
0.4963430343407315,-0.2349659934978464,0.013913282649625443,1.5838802251498243,0.7998830779814332,0.4124361530023207,0.7962432412260012,0.7955962399206569,-0.07755479254995645,-0.15650429792355378,Other
0.9112380445689469,0.010575205529075074,-1.178560580231807,3.1340401002782547,0.8202338789526488,-0.7660972166463269,-1.5962424045645744,1.691382013872593,-0.6696485165154396,0.13217602340022228,Other
0.19857862068151685,0.7953554137930766,-1.0418363385457985,1.4356412594789247,-1.0179146770207732,1.3725457201669748,-0.8569554938538981,-1.9005561634261625,-1.1047473664546448,0.16453545560084726,Other
0.48938393893840915,1.6464930754838332,-0.5376223531503149,2.447755745758007,-0.3205090117352174,0.20033377428977928,-0.7820372244032721,-0.8956261160707897,-0.06860475493637219,0.8967784817681564,Other
-0.2592092593150832,0.585486232246082,0.17225286543957796,1.4015741703685085,-3.539688346826386e-05,2.9031605751371323,-0.7155061447972584,-0.4938038062937205,-1.428122353911457,0.514085843856327,Other
0.06269830323671424,0.803314223624267,0.5784397696749322,1.7241235258739196,-0.5901677358997646,3.497072258576643,0.45007569299564487,-1.2423451584171308,-1.7332437193057875,-0.04029852426771097,Other
0.10753418005363442,-0.19985406210112439,-1.565107762351265,0.8455607608251752,-0.33637169999776817,0.47605913410122036,-1.3567076866071333,0.8026539074193041,0.5316064186722994,0.18779350320612398,Other
0.21509813581903608,-0.707797863168717,-0.8992375977723275,1.3627728690476963,-0.6438969449183582,0.05280439865639441,-0.9940218200951665,-0.8549744538502558,-0.08591737118700804,-1.5716718602572741,Other
0.7725398075827608,0.6539862322351151,0.15731994144495967,2.0265303271716846,0.3312213651839354,2.866426110191732,-1.0369374915880867,-2.1162650784547656,0.08694614698790099,-1.9083571631029537,Other
0.555145681944831,0.17124082460057136,-0.885166838495868,2.2757750434529194,-1.1092572541154082,0.6848075145375212,-1.2549869912597216,-0.4591966217307496,0.39729510487253467,0.20342931058123004,Other
0.0442170029001831,-1.4226286487497493,0.6231608810571905,0.3670619746597301,1.253912845394002,-3.6589649946685086,-0.3819262037112624,1.5275974620849406,1.693185086924734,0.33718901450983985,Other
-0.8091259849410398,-0.32806962342559803,-0.1339034053192387,-1.6399351706265388,0.22314713691091184,-1.8466693443074913,0.7319985895271012,-0.6681670086808595,-0.25721934557676823,1.305164108343727,X: codependent edge
0.06767125806270954,-0.08289702348155359,-0.871160472216142,-0.009768966034453375,-0.3763665919880054,2.69453576231958,-0.559470475408582,-1.3901065709222125,1.0314668249159225,-1.029851031717905,X: subjugated edge
-0.028017784895743934,-0.5104578670284787,0.4530411169007897,0.09023647881992325,0.9587601018699551,-2.804275011803683,0.2608879449332502,2.2622604793644427,1.2502299243424817,1.246190128744075,Other
0.19318157981319836,1.4817355945421273,-0.17964071126076647,0.20210871245161763,-1.2742722907311577,1.3066507409123087,1.5396165524194911,-1.3374630907658567,-1.3226061476105886,0.39034480537415606,Other
2.206525307140402,0.47983903690221674,-1.1274811771932463,3.1427464206270983,-0.37150253560863683,2.9982327077911117,-2.2789313959166604,-0.5123211263967142,-0.4416915264826984,-1.798938127087536,Other
-0.5237727785412354,1.3731749178886479,0.36334757658608907,-1.7029947743921765,0.3678036372479468,0.3318332729249517,1.0100467100469417,0.7820641300646705,-0.46432894689779614,0.6257023083008952,X: codependent edge
0.42228901912535954,0.26342526165215957,0.5013016469399929,-0.3068844538821519,0.6583392457257875,-2.0475682822205346,0.44793117628096135,0.86523058413666,-0.23891079157572617,0.1707913414967038,X: codependent edge
1.0684620672442982,0.08138783642507771,-1.2229220780803127,2.838935234624038,-0.6608491444620123,-0.1995709570429287,-1.3988039538425696,0.9685345855784405,-1.637680827526955,-1.7895993114882096,Other
0.09800191409938289,-0.9365978176102492,-1.6822272065372683,-0.9905891988336605,-0.41511843448518,-0.8055229088458129,-0.6251543298575293,-0.3693203783980351,1.1218871354235307,-0.8956317748028741,X: subjugated edge
2.337845119172165,0.01192953319656672,-2.1857748741485223,4.986180367570757,-0.22114411141715978,2.1004183696750856,-2.7214588900491394,-1.0215064426286604,0.5130341368875826,-1.8938777943780654,Other
-0.3780392917314767,0.013053925675440194,-0.6018285878155917,0.7418793099591415,-0.8525727843515034,0.34006504359373557,0.1646254010652,0.06935822912225548,-2.220162957836703,-0.2961868653891197,Other
0.32408922232004705,-1.3671138840342332,-1.5153822573068112,1.0512514579492056,1.493545608176483,-0.3684720095517948,-1.3648765245392034,2.008305350276934,1.7707624283338619,-1.9142787150434808,Other
-0.798805744892982,-0.5395274697703949,0.1726031800791306,-3.6104773787208035,0.6464237517511098,-2.3609315770914527,0.30611725752047747,1.6327828173607017,2.0376309889323445,0.8216601380622428,X: subjugated edge
-0.35152473514329313,-0.3232825985163624,1.7281696967074955,-0.8795052456267456,0.3154937239064255,-1.3822290952692216,1.0540116048381498,-0.8386575318393317,-0.6537107939899457,1.4575710346935864,X: codependent edge
0.2489339103966579,0.41347954405572146,-1.5659361349356842,2.20177548964077,-1.244534704816652,1.632073537138167,-2.3702994264067967,-0.3424522132305511,-0.7044197123383189,0.27666655234669313,Other
0.8463040623077297,0.46135011198570613,-0.3386548794884793,1.7819256056702013,0.6644341568614192,1.2147652288667354,0.3349318498233803,0.6949342616635799,-0.25523229274623316,-0.19923012533883472,Other
0.3190948340235742,-0.5813184819652049,1.833659396151319,-0.9993314073066741,-0.1835189793360379,-2.226077009737669,2.2064691162497603,1.0555343708812268,1.734151463691822,1.0382473399582086,X: subjugated edge
1.259114849334736,0.46886960254188487,0.34786210272599866,1.057032247165761,-0.2772978458447409,1.1909933044879772,-0.6600354958308168,-0.7814570184421887,0.56485039212777,0.12531668816516317,Other
-0.09496531059267174,-0.182078929348517,-0.11285452640057442,0.743180258088856,0.8869224981333289,-1.2308432939955452,0.5195413290024988,0.9246356998684431,-0.3622256710190312,0.09557853874225483,Other
-0.33216852983900536,-2.8696200248549566,0.2925437043196049,-4.438589729626023,1.6432262797596533,-4.8552443539452526,1.1915643168609487,2.309924025559047,2.6490216449383652,-1.497406524290868,X: subjugated edge
2.7039851072793866,-0.4847020319515423,-0.4418914600664122,4.726673675020599,-1.8187395612350974,2.375714300864063,-3.220342292173127,-0.6746158399774853,1.7267057648338704,-0.9043437235777348,Other
0.39423764944203077,1.0789886401423785,1.590052228315041,-0.41807438389116536,-0.2251219086630677,2.1690395097389046,1.116053724623563,-1.6927485934786146,-1.2998809029614338,-0.53855935170908,X: subjugated edge
-0.7194815459785476,-1.6818057566276796,-0.5758887935592388,-1.3012615541438215,0.31884192398909067,-1.83002810286204,-0.03936864344341562,0.8358338862617865,1.1793456028942866,-0.6663489830044571,X: subjugated edge
-0.6942637622480688,0.11269120041554022,-0.43658667737315837,-1.1526976505364903,-0.36370890626436736,-0.5547280434818059,2.0422769892307637,-0.42890915441496047,0.25411925581506484,-0.6176008930694605,X: codependent edge
-0.9426799145313405,1.585261214185287,-0.8534519124837765,0.6947509795163312,-0.42993476883506887,1.8792051563107743,0.18176189778178486,-1.7506191173431502,-1.6779465871323263,2.4685976129733103,Other
0.9365693558567879,-0.7606129530104807,-0.3114645063951124,-1.3288393993348058,-1.343317128397561,-1.47489782717878,-0.16144937739164633,-0.6031265753127721,1.5901259031813777,-0.3277438998327787,X: subjugated edge
-0.36437729289324183,0.002149080427685861,-0.937465372464949,0.05777646159893951,-2.277282848221664,3.2642846813520685,-0.2823861457093955,-2.001086881154179,-1.0863498119854884,-0.929768318390686,Other
0.12736247565648562,-1.3040162572279212,-0.2532360486382882,0.2859777050986734,-0.1871862636449506,-0.7951191118364922,1.438041488618241,2.3646002156249715,-0.3892251716509013,-0.7396603913493468,Other
-0.06350867443826871,1.627231141663572,-0.6354176938470946,1.9803730645510695,-0.2148856510368618,3.578985965391184,-0.62256911918167,-1.6925441066324614,-1.5684006704712263,-0.14996089919273609,Other
0.7314924079409346,-0.08333262699661428,0.6052265556624215,0.9879867238200178,-2.763802460051183,0.3957844294544917,0.5975492345879306,-0.9337374566271498,-0.21990745720931115,0.1671411125875074,Other
-0.8467440928840201,0.04662684279401815,-0.35097754510707696,-2.865475181132255,-0.9485346004861865,0.39143954470244324,0.9471265862037901,-1.7810396694975617,-0.9933158348530831,0.6824888840848169,X: subjugated edge
-1.0755722861430155,1.3543004655056223,1.0347680056455273,-0.32102055330711465,-1.787425060055748,1.936926514744329,1.5755572883958693,-0.8018297764722411,-1.1596533400583415,0.22023691281294566,X: codependent edge
0.22429730718159427,0.6614783946454811,-1.3396854100892897,1.8853351063229964,-0.33545113591801723,1.676776848335539,-0.5993258641427965,-0.5216913192820839,-0.05242842317455165,-0.278124310568302,Other
0.600959284699897,-0.8756287324967398,-0.3964993919418721,1.48936624820398,1.6727398720545041,-0.8855089795455254,-1.1294035781714125,1.0765485846032365,0.04338670197152639,-1.0290829908181456,Other
0.33253231309764075,-0.6472779240873159,-1.1957261754983257,2.1652251789726993,-0.014705927966440852,-0.2299395424023003,-2.727018246623035,0.15248497248262738,-0.06282801268826743,0.3150139114440772,Other
-0.8094537290973276,0.49493130452329864,-0.588407575485719,-1.0103133785344975,-0.7745185308437955,-0.4488155835858181,1.1481009692006332,-0.06767442394764112,-0.2574356765859254,0.3974747632095999,X: codependent edge
0.6774848420913938,-0.62412105506294,1.6527483980824296,1.3335494018309841,0.9421345736386534,1.7356286920669457,-0.13100618518966528,-1.3227702221239932,1.2853693938854942,-0.589974611083386,Other
-0.7438609270956342,-2.117243312120527,0.9946734119281337,-2.529816086033631,0.7011196001710827,-4.691123083679563,1.882698838450908,1.2852913001355752,1.1285776161271746,1.3675226335090538,X: codependent edge
-0.5215386447863833,-0.05324079863907779,-0.09464375271031303,-1.2055458014818385,-0.33214030811619755,-1.073932743540992,0.6123376208068954,-0.1988454178738748,0.06397089039136561,0.6363652176153254,X: codependent edge
-0.9439535247220022,-1.4802126611248094,3.51297991248595,-3.4666137701511075,1.7692190224344688,-3.4031879172427377,3.1889986899252696,1.8083497450156685,1.2515581241775693,1.2638279202379528,X: codependent edge
1.3011583486520308,1.616281753563726,-1.5714789888115988,2.619256215199086,-0.5027696157783371,2.649592821296363,-1.0816149163721374,0.44052633048576495,-0.582741379369418,-0.6966183771787369,Other
0.6334215410273492,0.1767876377631527,0.9753563237715681,1.5180452133561542,0.39007616248146443,-1.5173228874031808,-1.8846771954327068,-0.21025155804180443,0.4436124264891565,0.41563243923056814,Other
0.6049933756788733,-0.9051750567435755,-0.87490883273508,-0.9862853675086278,0.8384602772504787,-2.8099212601573007,-0.3862822943039433,1.7988586613666377,0.5224413071421459,0.3658305246362896,X: subjugated edge
1.2472114211424503,-0.6986324146624537,-0.32875747956348167,2.10887108426833,0.265467207950986,-3.7153452488907925,-1.3411060458712676,2.0021774444767475,0.9404285054326249,-0.30569691527888687,Other
2.8126492482387233,-1.8893975878739204,-2.139273618300626,4.864413697575295,1.4316593144391883,-2.5239225971087293,-2.1984016739631915,2.564255446744397,1.3068976104260106,-2.651858945187256,Other
-1.7092261039101555,-1.0994618867805037,0.4851985871644746,-3.0106898786059313,-0.23289664355544398,-1.935367607591952,1.94366456350923,0.21443087202442412,1.033538894543701,-0.1803938226299544,X: codependent edge
-0.7383765808771081,1.0163232025406992,-0.09239666780202213,-0.4769227079246938,0.292448639912413,1.9872095336216171,0.9644307136211265,-1.594006203435148,-0.1722751261348306,0.6108753828492132,X: codependent edge
-0.6161750841745238,2.2317861454923915,-0.16623267062003635,-0.937728935700537,-1.791578433043302,2.6884337654285377,0.18314451457068867,-1.9209846919531262,0.02725502480018749,0.6411775948621539,X: codependent edge
-0.8508196223826928,0.7263965131989585,1.025087624521485,-0.7903930056984521,0.7635298670404576,-0.7887088330995604,0.41494950374084427,1.032559973011324,-0.5289216792556799,0.9040764424817097,X: subjugated edge
-1.0775832476037126,-0.09204253862102917,-0.31534746126132607,-0.46725607230670185,0.22298148827226175,2.107473382010598,0.34161585890729357,0.5788458953351298,0.006643882666378775,-1.9534183693529577,X: codependent edge
-0.2996530640553656,-0.4319593756539166,0.2872558723302645,1.3035449343006547,-0.7675155888406734,0.2202334965200623,-0.995914255558068,0.9036736322142473,-0.4996279428104619,0.8579567179360095,Other
-1.216603715289405,-0.9564958135763623,1.0933757249128662,-0.687526846016691,0.7374980994521236,-3.9111909014050408,0.9617140617678592,2.9932062907392925,-0.034928434460542834,0.3435624130874314,X: codependent edge
0.3350423675374132,2.0597658993397405,-1.236078361513601,2.3079133529966542,-1.131751033652348,4.280399020281215,-1.9056363629887545,-1.4260816763553976,-2.0663645642200925,-0.005736657540784784,Other
0.051698321428614635,-0.1887487018643749,-1.0163019971160019,-0.10593295697715432,-0.2675795023448752,-0.21949242520559892,-1.57441524259202,-0.804323899002351,0.6077483964464331,1.1070875083219323,X: codependent edge
0.4810286647636553,2.1156298300625043,-0.32213452081773764,1.3401699554001858,-1.3536598174642571,2.7032238244900855,-0.4183728975210663,-2.1575737162774526,-1.1544150331329948,-0.624186932155361,Other
0.5077284516382525,1.393519509610061,0.3112213642151066,0.29212491825929066,-0.6474112521022137,1.104455430829495,0.15978997979607912,-0.30881330051267897,-0.8486831888929733,0.13605434330946564,Other
0.6030068534266765,-1.7407964313462736,0.9398202832576602,-1.3063699416985428,1.3523155066332764,-5.793696850422448,-0.05318112273547206,1.7275544582836697,1.285812183914637,-0.0821472513992857,X: subjugated edge
-0.3734089368238823,-0.6659523957592918,0.4843492333880528,-0.37689858979227664,1.210972177258862,-2.321092008830738,0.12392098463873402,2.173680972695675,0.3767919723800104,0.8347666218273313,X: subjugated edge
2.1211434026336673,-0.6690451241738223,-0.9434684488024567,4.889746350966916,-0.6544626611711506,-0.7901096527437483,-2.7259744756155504,0.15707297211205534,-0.5407654015310819,-1.5738554073958912,Other
0.23443111648209775,-0.07984636410573946,-1.2957325364484802,1.6418002344629798,-1.3519107679707958,0.8708425427895633,-0.9967977230369225,-0.29771450679742717,-0.8270275545410634,-0.9805332511408278,Other
-1.862484752624795,-0.060314253113753484,1.0546741900332852,-2.0351701642348083,0.3735873055794757,1.7353305820059122,1.2547996690627654,-0.04970580291180793,-0.9495783940646518,0.7578164610715707,X: codependent edge
-1.0023757457662175,2.996239095398143,0.2578882122774121,-2.3408894846197565,-0.597367986625326,5.0405469456337455,0.8207084482585152,-2.3963426602891977,-0.9725862429020775,2.080806560565331,X: subjugated edge
-1.7405029890278156,-1.0772278744747588,0.3396486744962889,-4.316410294109407,-0.23284842467445355,-3.6353957167565802,0.31707031473501246,0.8624746855797205,2.1919223543799955,1.605991582231612,X: subjugated edge
0.01733462915130733,0.22896993566438997,-0.4407908774728811,0.6478314889752207,0.9175601557875039,-0.484517108780662,0.3146313169280189,-0.9652318264564537,-1.5190457519205403,0.5624329086285351,Other
-0.12180522405333363,0.6165077424678032,1.0257466795746428,-0.27830259021231757,0.9899239851946131,1.6175079470726987,0.12766658229182037,-0.348109982949083,0.14212125512733098,0.7261008669060435,X: subjugated edge
-0.4684256978994578,-0.0015720044691961827,-0.6281630206600795,-2.077979579840135,-0.844130753735374,-0.8511155638219596,0.3508385893393114,-1.303585900969101,-0.02042926116301194,0.9454306943786768,X: codependent edge
2.010926112400514,0.11018057778135802,-1.1668826445360887,2.4533008239443856,-0.4592043502904087,3.0498883475812377,-1.3678752776182317,-0.5946088465079715,-0.03189120949339297,-2.418738956342825,Other
0.5489828740769108,-1.0448088943065872,0.23333633203826998,0.15573386568028397,0.2305566611022465,1.147520067229286,-0.0608326446922115,0.2909843409770517,0.24446010659889872,-0.21613374073931843,Other
0.7260983614463344,0.10648619460268177,-2.6502635075152066,1.9561091776864774,-0.14360933193276657,0.9892426308385377,-1.1378472572680318,0.6143770368549253,0.7568380388707635,-0.8373797897631414,Other
-0.9310734879421032,0.5113989961743719,0.31200521598624753,-0.8399864946756859,1.3880001638299244,-0.10816727886540689,-0.7112719839901647,1.0086007794068206,0.43289640797741197,1.7975684883774168,X: codependent edge
-0.9991448913310123,0.3276005842711286,-0.46463299242915235,-1.0757703192769381,0.8864636926520114,-0.8921764164501474,0.17063132412722581,0.5734288392401665,0.9320022188886277,2.782168966211897,X: subjugated edge
0.03680549909695475,0.5702009039120914,0.8464782784701029,0.05470546756099484,-0.3331705163032835,0.6484480023905196,1.180618601080643,-1.5283143336816722,-1.0974669249347286,0.5764107378640649,Other
0.17300713965222583,1.412607900636232,-0.1118426065648126,1.4867535604179687,0.40530970200808,3.0453587193595255,0.2018376260438311,-0.950667642483695,-1.9723076087703673,-0.707943051872804,Other
-1.856311567114457,0.9369665419143417,-0.011496238624991273,-3.2683131994797736,0.18699406358494208,1.0755506719902286,2.7734078171181937,-1.628971811657626,-0.18326033302412287,0.186857023340935,X: codependent edge
-0.18030702284953407,0.07129461349743696,0.06961906386516994,-0.5893531978412241,0.07240922263556708,1.7640049284233543,1.44484420585174,-0.131356849400395,-0.8431208989281791,-0.6310072395647148,X: codependent edge
0.014072082873504806,-1.171758351883278,-0.8892187485455219,-1.681559040744604,0.37411434527825493,-2.630577248278125,-0.18600839816263587,1.5327360947096262,1.770286897266399,-0.9339140061198716,X: subjugated edge
-0.21514916577112894,-0.6000052747111194,-0.5691834854066096,-0.5480345607980064,0.41282650813133126,0.8697429895203954,-0.2837546582682327,1.379854126878767,-1.2937767362186812,-2.4968281553417486,X: subjugated edge
-0.8133904123466764,-0.21963115191741533,0.38226109428360994,-1.5171285436192004,0.5063663693752314,0.2846825417551665,0.06323126688738945,0.7472218150511982,-0.10358875110797477,0.06907533605956728,X: subjugated edge
-0.53953518192114,0.25234583134144734,-0.06223169339802376,0.683509696950424,-0.642638932914024,-1.0419001478788017,0.01979070026030877,0.4654067796931346,-0.8803500407512544,0.941257956366754,Other
-0.17685919357279603,-0.4783327614993951,-0.8008833738178792,1.3777045770054752,-0.906586084356491,-1.2840419527099738,-0.5339383044054733,0.14560312336721926,-0.24357967588967866,-0.061216758013135295,Other
0.09080002361004777,-0.9357331991843516,-0.7449574757779348,-0.7447145780929153,0.22765771242157465,-1.3167450467496078,-0.8482677760938926,0.6290756659702493,0.8984581043650254,-0.5023381683382182,X: subjugated edge
0.604791582550568,-1.188198689120337,-1.4320762089901522,-0.5088948178234167,-0.42447807165273954,-1.4929173864432044,-1.7867812917642794,1.355379266871079,0.9817861020335837,-2.2013971444828333,X: codependent edge
1.0808562049508712,-1.651177759055531,0.04755043580274986,1.384506448445097,-0.29991452648705264,-3.0472076914905433,-0.48806201696038226,1.78327885750498,1.527068147407471,0.2045570801702622,Other
-0.2943477235272498,-0.23495070377456886,0.26068254112131783,-1.8637934293273029,0.5538423176966151,-1.6299342772275442,1.6105476947567063,0.032313297051618006,0.960609062408641,0.7045720799114443,X: codependent edge
-0.45615619611535785,-1.469665442070305,-1.3829379924193528,-2.6808688855963707,0.4801702987198871,-3.3880312639200763,0.41973762667050374,1.60256240990423,0.9535368663906654,-0.1293717681637597,X: subjugated edge
0.43765567353430623,-1.0005256841573922,0.5149435505397943,-3.61559445265048,-0.7661047671904958,0.5413479719854878,-0.33833220111056467,0.18491208712985027,2.212908971995646,-2.002134453158749,X: subjugated edge
0.6108449164108543,-0.3939018728443025,0.16764603529170902,-1.2455317172947562,-0.3349122872884273,1.3471150451990446,0.37782866427366035,-1.3617302262968691,1.3345893150257087,-0.7639120131548333,X: subjugated edge
-0.4342004332588856,-1.3359173093914338,1.351622373046629,-2.181478767142411,0.6820945674914579,-3.5749520897678373,1.193868542944309,1.638960406499721,0.8077846380397123,1.0563776208029565,X: codependent edge
0.7903934769661722,0.37975218849869696,-0.021576909205220596,0.5493033882221581,0.021894583962336206,0.05928588497886467,-0.6330329800696104,-1.2458532149338581,-0.3566131856561337,-0.5445111034952623,Other
0.9795853411559731,0.7402230636056872,0.15429950358626948,3.0474365760757243,-1.223077565867287,2.7508198994485187,-0.7425962734887118,-0.8593840453442242,-1.1311588848990968,-0.427293262730712,Other
1.291686465658673,-0.5494270197753985,1.578283502948358,0.8067695842210795,-0.7854938456365412,-0.640822733291941,-0.4084923764084416,-1.0928816923257998,0.4302832309445378,0.21651808553934365,Other
1.7783209067198225,-0.43702730761000175,-1.172652804063723,3.3055792019092483,0.3007782533262385,2.315269080617287,-1.3731348498155898,-0.07662961306124705,-0.4518459296770496,-1.376176301535343,Other
-0.8664161386594389,0.5374297701390774,-0.96266957140891,1.983175244577801,-1.869045574160597,0.8371527158403773,0.3213633585678858,-1.5693419372783388,-1.5811498646239381,0.8265933967492167,Other
0.01389820933251119,-0.713995097234679,-1.1893724370179424,1.65234896956096,0.17157715192235273,-0.8449904076111072,-1.0919583518402,1.5139996190245775,-1.3266913498229727,-1.0828622939140478,Other
0.011277696618660139,-0.7827339115972951,1.166721964788361,-0.10424960790143503,-0.32486242092801637,-0.9017240697799653,-0.06607247013449635,0.040726049290918664,0.07245720680263701,-0.696669906308192,X: subjugated edge
-0.0980735685325076,1.1964984781862904,1.2160419489085204,-0.5854459244864998,-0.8453191078296852,2.276867080806199,0.850202039369466,-2.0839956723696065,-0.12627443679209205,0.8343169841509865,X: codependent edge
-0.6492629196101362,0.8841877387127871,-0.31391661964843875,-0.11512534910337702,0.15009540858380824,3.7759066022993073,0.6671731226282611,-0.32233905867668133,-0.6589792747152154,0.9078931041594964,X: subjugated edge
-1.4855620032310715,0.6015500023439195,0.05530526252440415,-1.8061525158529586,1.301823776489626,-0.5430292175718736,0.9042093873216973,-0.028071993887998914,-0.08219801883437561,1.4233346073109838,X: codependent edge
0.0926794460290038,0.9256446213940929,-0.6745753291791241,0.5710145915608451,-2.050289129157674,2.974456368192099,-1.222072699712042,-1.023943153679519,-0.9803204703762783,-0.1507659867591789,Other
-0.7683556595479125,-1.977278725367363,1.1284455296055143,-3.009842212358713,1.2560446066410726,-3.4928971243866873,2.022291070797265,1.289269155140604,0.8101427356052496,0.5625300402594939,X: codependent edge
0.085993480747625,1.3538355467931074,-1.3886460670842309,0.6620222981779017,-2.8735181417035567,4.136590124072731,0.08956761639670285,-2.1503194122565974,-1.7205552671789852,-0.2931514764754245,Other
-0.7940435416988534,0.3920621165837422,-0.8741379618840754,-1.21876333558287,1.5670061303672806,-2.89682951289212,-1.2883618023038172,2.2632812687728596,0.9720415345047533,0.5762918614047121,X: codependent edge
-1.0996583458443414,1.010781384005735,2.492275776187759,-0.6928459450912232,-1.8252043737941874,2.6961595279008126,2.9509550511528952,-1.758887225487443,-0.9439905201218,1.835863488134149,X: codependent edge
0.2342983603768977,0.3871617791163626,0.060415750293607295,0.23003434834406133,1.8123317021823029,-1.032328620724524,-0.3052685306503104,0.6652257389202355,1.1234843758015076,2.0818994139774696,Other
0.15092152680649595,0.048924824680156194,0.5019657222814746,-0.7156064114382459,-0.17988939706066473,1.0811942843159623,0.2551837399421486,-1.3634240407156324,0.9887441651680586,-0.7301924934165784,X: subjugated edge
0.579281971320933,-0.2753092123620546,-0.7737732537670883,1.118355641169691,0.7964993665990312,-0.9834025222892077,0.07100785235358087,-0.07482784175301016,0.9811020954071811,2.1334288980370024,Other
2.1858637664176253,0.36714437688620544,-0.5658841323087753,3.728291351436729,0.5962830887661361,2.2638939961405393,-0.6546415943803776,0.3377596338121845,-0.6661208888992425,-2.658874615918135,Other
0.2772895312108468,-0.3117479089045521,-1.3534538314756326,-0.9804797405907044,-0.23123145420415223,-1.1771378242609396,-0.06487240878802236,-0.11766652959011883,-0.15924835455050765,-0.25845592728072797,X: subjugated edge
0.4850817670641296,0.8678761000651124,-0.7522836061784611,1.7366553908055153,-0.4772659763570707,0.2161850481576475,-0.5215660738654854,-0.4048520439589315,0.9344662670721957,-1.5566044242340493,Other
-1.0775613288673254,-1.5864566445522004,0.438023872735096,-2.343117180656354,-0.18483208728184686,-1.8880630521006807,-0.026448775345961684,1.425372058484764,1.2427904291035994,1.0921292363720196,X: subjugated edge
-1.2869074405363745,-0.5415758617942777,-1.4072957028935633,-3.535453194066234,0.9313601449895539,-1.6621328944722706,-1.1877763538883763,-0.16322811531731274,0.7852454549696846,1.2491055266062627,X: codependent edge
1.5828294467733337,2.0448232484766464,-0.7882168635764719,2.687775609437228,-1.0527226110162344,3.555943534530814,-0.883200469421035,-1.245862899346177,-2.3759173341325526,-1.237608921609039,Other
-0.9234797799333037,-0.6260804635723924,-0.034168181899117744,-1.1857269833450774,-0.5248542266843146,-1.872035635327328,1.6837569124037322,-0.6986377618954472,0.17175405104373703,1.4171297670073422,X: codependent edge
-1.043944071468642,-0.23868372306347801,0.02147114214038115,-3.459989380066154,0.4536013275191103,0.8970622762912105,0.18163642193611707,-0.19055803967436213,0.9001423664768624,0.32487510940480235,X: subjugated edge
-0.03909892121655298,-0.8825809333500763,-0.5794173894802923,1.1150422689596529,-0.5783791237806118,-0.5363479916749754,-0.43374860790776415,0.5737787809619416,0.4127827234653631,-1.890795437893767,Other
-0.09019241337738836,0.3358456728858239,-0.7470990710373747,0.8687782072419884,-0.32933921222537876,0.31634826587437026,-0.6864996882228684,0.775180355839146,-0.7585729506664496,0.3671981100424553,Other
-0.9025065064432917,-0.7362648901421949,-1.1126862356342888,-0.6041376757626462,0.46889625653197353,-1.4223664665666154,-0.2617539813197138,0.01029471895041656,0.3749628170467125,0.27886593433574647,X: subjugated edge
-0.3049732187131,-0.1856109348070501,0.2877956730826442,-1.957536658885273,-0.4230811822488515,-1.3079434075176815,1.1644588548409889,0.05958500915796852,1.0067742732636098,-0.12310057350969839,X: subjugated edge
1.2293757176501043,0.8488665360350706,-1.0301265270796534,2.8911760432145392,-1.0596593035195299,3.440280894220724,-1.2218088758581904,-0.9964812369873357,-0.30204734871405337,-1.457109477172082,Other
-0.8059936088317976,-0.6987634188148159,-1.1790779479516293,-1.5683818065887527,1.2571165210943422,-1.1123242744135755,-0.09797360350113679,1.5827949819328944,1.285265371390833,0.5157669362570039,X: subjugated edge
-1.3936724843661716,0.7886111192652209,0.6576116986766747,-3.4442327663846433,-0.3329408837453921,0.0060970464762037935,3.334319643061912,0.14674117512497453,-0.23772967453964744,0.4108176618397593,X: codependent edge
0.9425936208997923,0.8222293155603565,-0.15015099268049564,2.349274926112735,-0.16299873581596347,1.7771392550856198,-1.8503288366367374,-0.9930778657889058,-1.588924141208961,-0.33877306326151785,Other
0.4922969119380367,1.0549560947192937,-0.5195927555851747,1.4610993469882785,-0.4735094780042306,1.1668487468687558,-0.19210611284501705,-0.245409405194162,-0.5962775812319338,0.5344706466781348,Other
-0.6205186206486616,0.14054099491804029,-1.736592147208822,-2.4214458119029336,0.21668438135337226,-1.1115187487951284,-1.1028112146366198,0.9898435145402719,0.8814600233548907,1.6334190821800805,X: subjugated edge
-1.582167016126918,3.2412590769767857,1.1997304243231421,0.015026248982749513,-1.947605223997647,5.101381190821128,1.6084262990449214,-1.9693972743778507,-2.912883277271413,2.582175244877363,Other
-0.7446233564385631,1.054533696542082,-1.1199954754244414,-0.8754325808466292,-0.33847396948527814,1.1385648411469127,0.1659483417349285,-0.5667710838837213,0.0438247594087634,0.28549015707934666,X: codependent edge
-0.05470443684927131,0.32487762440682655,0.45579214279921587,-0.4131513690136666,0.486605866294881,-0.2162260913243812,0.8795815816229196,0.09339210429205172,0.39825401476707056,0.39131086171084506,X: codependent edge
1.165672089883819,-0.8759244140817352,-1.0404346211085274,-0.6996189195781266,-1.1592047442657942,-0.14431871814569408,-1.5383360682824683,-0.22063717956945794,0.9251113620465895,-1.4100284928304123,X: codependent edge
-1.036581974869657,-0.09705912587414098,-0.16343008357549288,-2.905419004400156,1.3632717220893114,-0.9051983662846956,0.4286818701956395,-0.4079734297664097,0.5153659620185038,0.22895230346906398,X: subjugated edge
-0.08451988151147344,1.426326976900034,0.9602429026842741,-0.742455803020726,0.6936894109015476,0.005324322796401493,0.28618539398139753,-0.9660501472632025,0.03459201532031153,1.0842378224791265,X: codependent edge
0.675144659894898,1.7095346156262687,0.061416741841045897,4.1092665386496,-1.4329737061809134,3.748071557128941,-1.2886854758185846,-1.8427358273312313,-2.7860689834188923,-0.6818025559550013,Other
-2.3812673401219207,1.4783291004402292,2.1776409916076456,-4.725821700188749,-1.0878142739778471,1.488060363477715,3.240121302883646,-1.6803824754448835,-1.2590843353321317,2.5123007634877785,X: codependent edge
1.0337861679388998,0.7851923067296196,-0.1401527145135424,3.8929559490043744,-0.14012876104717548,2.1682105516191137,-0.6274075693988377,-0.20366367790732254,0.053649004227486974,-1.5321399048092914,Other
-1.1824505722064373,-1.255660206295572,0.7960242277007274,-3.174269894203365,-0.7270582417143336,-2.8846936141226323,1.571425335106443,-0.47606100985466626,0.8499162588868823,2.172165892154095,X: codependent edge
0.3319954934569346,0.4871618178256701,-1.4623515843316752,-0.64503165036744,1.1569488629784355,0.43978257499512263,-0.9592120849417654,0.018774922253689402,0.961709584910276,-0.928590710149229,X: subjugated edge
0.24668314961074406,-1.2414023780529977,-0.57290957875146,0.02981635624924961,-0.1803690746721132,-3.0296660942636704,-0.587480142563785,2.34596283178503,0.619266821916091,0.5925653741927949,Other
1.084586391463845,-1.4874711933807585,-0.5141178102391293,-0.1722025986675253,1.955810825590293,-2.194568918752806,-0.16309255453235338,2.7424173361778683,1.0882625413202818,-1.457466198206504,X: subjugated edge
0.5509243808935403,0.23915868457723857,0.9275639680342463,0.43088923096827747,-0.7041760003825541,1.2512340029157785,0.7705503525630175,-0.034105616695537466,-1.759919694377977,-0.7230355759049478,Other
-2.377290491729981,0.5231994472697504,-0.05281131176392739,-3.058484880553829,-0.7330596344246566,-0.6793524488320084,2.8203032181420093,-0.4292646396765407,-0.792019056369698,2.658222440249498,X: codependent edge
-0.7847792471559913,0.9033770984808047,0.573717042169752,-1.210294215018251,0.8348624540899303,1.6953306418842407,1.126202867965285,-0.5759186125691349,0.1026073270114235,0.15011523581962505,X: codependent edge
0.13820512935328008,0.49713624038609394,0.13013654235252323,-0.025441101025720392,-0.46213664582400665,3.819780299909982,0.9694056680352398,-1.8963663597279083,0.1850776866885806,-1.3835075841898177,X: codependent edge
-0.19497988611978695,0.5315859857427483,1.0902819868244726,1.7836200759971133,0.08323802713334677,1.4906616321314476,0.32479982887054226,-0.018385934288055905,-1.5098672270004,-0.43012793420497897,Other
0.47761072975677044,-0.9846525849923764,-0.2704245341790924,-0.035121422063187746,1.2838100382356337,-0.7478420897749407,-0.6305379273041678,-0.5201172812669341,2.0241935490933725,0.3366280442529007,X: subjugated edge
0.7893665556697054,-0.10497668468466637,0.5031477997426768,0.3417825656282111,-0.36009130573150916,-1.7184380850436618,0.5307171583933965,-0.3274754710252617,-0.868050244634676,0.2843835405015728,Other
0.6084517364296791,-1.5071167856344878,-1.2709205782570072,1.0346177388527273,-0.15381445848319042,-0.5204289671932525,-0.3956869088427334,1.0583766907816818,0.8305056530169967,-1.4248957226777637,Other
-0.21427494255446522,-2.0033691294001956,-1.6419262061431823,-1.2315051677026627,-0.8837307296062673,-2.572299321684109,-0.7959983910347554,0.769455192172066,0.5535767908193384,-0.8902600452016702,X: codependent edge
-1.8463370111204804,0.7406427098430741,-1.3947042971725527,-2.662959306448025,0.13661333044324464,-0.5745387063113906,-0.027557852402071537,1.1345312614185774,-0.08577136100749572,1.3537712204252839,X: subjugated edge
-0.4554812488548173,-0.7531243937909587,1.022491614934149,-1.5316600091627282,0.7890411157464409,-4.550449689188302,0.6487590081171255,2.288168886254164,0.8062067005986235,1.721342759649703,X: subjugated edge
0.4163681481389552,0.8724985021430535,0.5675588615822051,0.5404636940283885,0.7377100376792722,2.8339927305261403,-0.5705259543500002,0.4522044406059554,0.2304622569751602,-0.15885124636666367,Other
-1.0904472525504776,1.1083475778800387,1.2783361005596166,-4.9432833189339025,-0.48648353904065555,-0.9764402635958285,2.6864642965311916,-1.744173350532607,0.7008629350115048,1.5633941974469971,X: codependent edge
0.6312747301215763,-0.6193173246231977,0.008717619691635536,-0.614807536694626,-0.1939442697578908,-0.6691898348443228,0.10049736390986697,1.8182745673004383,0.6825475821334461,0.3347048178942566,X: subjugated edge
0.9083932972673044,0.5903110945552991,-0.6173185221438864,2.9960222771400393,-2.026813702629558,0.872267243212873,-1.5335302409553015,-0.8905726329819997,-1.4819240150889215,1.0544015472026427,Other
0.12686697629584257,-0.6611567286136416,0.1835053674380858,-1.1582170674523218,2.999972314618315,-2.4610246562303186,-0.7963160373735026,1.1393703432237148,1.7216522414065838,-1.0097705083812671,X: subjugated edge
-3.063779866312396,-1.845878874626824,2.2096487835004877,-6.513834507329133,1.0041235946619071,-2.9581879604732335,2.7084418969710997,1.860802457040158,3.1544267066327776,2.085936651128972,X: subjugated edge
-1.2780883627118034,0.1233094044424584,1.5966579660629194,-1.4105232715644715,-0.2173121682498656,-0.2897132867878683,1.2579434279124158,0.5286586111093161,0.4125444608920569,0.8792524915839974,X: codependent edge
1.8861891585560817,-0.4708738797157607,-0.07736683718030812,1.373379504273516,0.30971180611642224,-2.3528425632191565,-1.5744822409960957,0.043366592057479225,1.2028211313511625,-0.5458374778080121,Other
-0.546537793028378,-0.44008901058713173,0.6809033437608539,-0.5557610192779843,-0.854358602174129,-1.2001482382361324,1.5522197176243333,0.05100480296658448,-1.324789706184089,0.3453905048532112,X: subjugated edge
-1.984143223128996,1.9753431178455254,1.9485225686777892,-1.0270921696594542,-1.2480141360269896,2.445647027992514,1.6400549047369992,-1.80575641671117,-1.329530458293919,2.1396588285529226,X: subjugated edge
1.2352473883102724,-1.5258569827326718,-0.5318516485855476,0.1371028404429196,2.133831578649163,-0.4676142775660592,0.5513841505387118,1.2789762962866278,1.40414142493418,-0.8588997867787928,Other
0.013355591543672855,0.38287113537147105,-0.39967049108839603,0.6466247388011106,0.3628945624562109,0.37877083231397957,-0.8973435922690238,-0.32642043424173456,-0.7181040020161471,-0.12710572482282634,Other
1.1049404889577255,-0.9948072371447515,-0.6057352396597386,2.9891002806719564,-0.4102127419858781,-2.945504439319172,-2.1580720228861257,-0.20758723731747308,0.504591153378236,-0.8086448014920334,Other
0.2769586752193653,0.9082614092673243,-0.9814509942892027,0.4055587630153087,-1.4132927660701005,2.5338975330338966,0.6168566651479381,-0.6656767899019994,-0.9220188617422145,0.4009571705100984,Other
0.4585591362121688,0.2984312361750658,-0.09734458821680514,1.961997163371185,-0.3308818560908297,2.2075752270245497,0.6032172830210281,-1.053761831555084,-0.8239779770342179,-1.1522646166011512,Other
0.3630092477145166,0.3793443491806136,-0.8309373011765826,0.4421170993504435,-0.15497379961281404,-1.0326540914789701,-0.7829403196325635,-0.1353936936126841,-0.1328717706738239,-0.6114249636586799,Other
0.697488311921,-0.9448896176022599,0.33281005436345756,-0.20733840438299,1.7781598141016546,-0.15855040870739223,-0.08735247313379918,0.46622226575224124,1.0001621625429118,-1.3865104703691982,X: subjugated edge
2.2774304485560983,-0.7655879132883234,-0.11198117598287027,3.521589012923701,0.33091369871355036,0.44150702451505075,-1.453537526282855,-0.1269755629686422,1.1939792965901748,-1.3213507554444273,Other
0.9710063359591881,0.9272505073458861,0.6849398603337384,2.085821300287617,-1.525992654080318,2.52882865139972,-0.3174974932615398,-2.268545481723569,-0.8670720113014343,-0.5918716919027249,Other
-1.580339317845535,1.7707977217275628,-0.6946120380676157,-1.1291851686120407,-0.5324316285097107,1.241237781719434,-0.09968058259913071,-1.7848738895351022,-0.9912131526539264,1.7276936078620244,X: subjugated edge
0.4466615152789034,0.48030781722418714,1.4039608948658677,-0.6637785001473355,0.0004299824225575677,0.08650873130761527,-1.5646891207692262,-0.2247511558501436,0.5204086869147089,0.12675854606148632,X: codependent edge
1.1414807681032177,-0.8974207207714328,-1.2781292199081473,1.5723397292367525,-0.3163741880268611,-0.8050741432611765,-2.0648133617786426,0.8042636273602103,0.960123692956704,-1.5026645286320912,Other
1.202700806536146,0.33893852246206824,-1.561793975085361,2.5511470244595094,0.10092539244601323,2.610799705570906,-0.24271708516231127,-1.5379638140285659,-0.19520415558430007,-1.4599972576359175,Other
-0.42660498305909955,2.4274720443376094,-0.3261426073012177,0.19866904806067998,0.23020730737439532,3.606730919600956,1.5647496910537688,-1.8434902829569797,-3.2826808441210673,1.644361038364148,Other
1.1649444451881277,0.1024228107189117,0.8812605309446728,2.143666656038924,0.25945110559766227,-0.23819058986736397,-0.6735188183352248,-0.5229931928028123,0.4479292994377647,-1.8274042493867912,Other
0.9277423995512052,1.4618408593935994,-0.3886053308595774,3.7860389512232486,-1.4447826435209306,3.6750221328280834,-1.5891523654429673,-1.345898964551925,-2.1587661585806046,-1.2530028444894088,Other
2.57251743696973,-0.740329365838712,-1.128946654595123,4.020681989659781,-0.2117352826034598,0.757308175765166,-2.2288231574980677,0.2592388988980306,0.34439135201887583,-1.980213493008804,Other
-0.7500017362485115,-0.04208605163638678,-0.48920879051367505,-0.015437493496340826,-1.4732565408421152,0.6203897572177872,0.6715932430554991,-0.6920241588655268,-0.09923109121817064,-0.2002239881856268,X: codependent edge
-0.5074005764004252,0.6195652061255426,-1.1422451202176933,-1.5247656911054523,-0.4808982150273421,0.8090193705416149,0.31707976767290014,-1.2397898052337557,0.586087821732725,0.4042162604443331,X: subjugated edge
-0.3061190484599539,0.3973283082628641,0.9412559141661951,-0.8572750491131862,-0.0035209225204238526,0.9245028384460006,-1.242117064408445,0.9939051358615361,1.3066547041057,0.4333415333545509,X: subjugated edge
-0.4902221500387753,-0.7663886801111608,1.1756853943599275,-2.3637417483282266,-0.16863738914173765,-0.11520060672424237,3.265042177859921,-0.46377988245531276,-0.33547411851096964,0.8889371830689755,X: codependent edge
-0.890020749763603,-0.8095174571305996,1.2860139930283612,-2.1469834058595527,1.7570001484517963,-2.690511498599199,2.095577860218189,1.0979876668595867,-0.065197053237666,1.064471600241392,X: codependent edge
-2.762675505673743,0.9882844031026585,1.4699061406012104,-4.032576111103026,0.49321233572899004,-0.10258742063237415,2.5850666147211023,-0.43856891129422204,-0.2175615674892299,2.149122336905577,X: codependent edge
-0.4346994737231341,1.191550812650145,-2.001623235874998,-0.4700369287841434,-1.848884484439617,4.227487287904205,-1.1135640734720385,-1.9141814741468592,-1.1231097826222691,-1.4151324877824276,X: subjugated edge
0.36935805969990443,1.51214355812192,-1.5957874975384398,3.2994347106655444,-2.444290103938335,4.9867875505197246,-0.2546436481075227,-2.8069902023938447,-2.7377748401962334,-0.5691404232518763,Other
-0.4932218455059107,1.8039304832528678,0.7196253166365052,-0.03413628921458635,-1.3159388406970152,4.011768592502703,1.0652937378917664,-3.3038829930618627,-1.5814490179640395,-0.9624157159401674,X: subjugated edge
1.9353811835291097,0.13461943632259646,-1.405095499539931,3.5475735999402525,0.8766381791783473,0.9259903938656965,-2.014718246413918,-0.2251091097805097,0.6833986240285592,-2.250693253541267,Other
0.013375812715862578,-0.3111992442315934,-0.2959803466011504,2.4289561712220658,1.049920049188875,-0.35756730522097147,0.20052795972319404,-0.013675175817209229,-0.5283734403448889,0.31833611087360153,Other
1.2910290551841355,1.3509909387784689,-1.5379564750863197,3.1600811467658745,0.7589549820363068,0.5568045471570799,-1.7448919083454064,0.5877049823672629,-1.4958551989063875,-0.2893214230434191,Other
0.26142041272996835,0.7130692818515867,0.7164014094243826,-0.2528736505909308,-0.23844893349220153,-2.8695916252032205,0.42771202398147246,1.0564179649883587,-1.0825656583091066,2.0420008610423968,X: subjugated edge
0.826407309893258,-0.9824552586675914,-0.2800557019261827,1.0419726234468283,-0.21278347349998333,-1.6084165962684789,-0.20105841007159797,0.6029951224289989,0.39433966443103524,-0.985197343651921,Other
0.27924155393356226,-1.0336356655189114,0.3640748252495661,-0.19456387977267775,-0.6628137505655027,-0.0341152136566894,0.21189016147365333,-0.5766068438396349,1.062894837326787,-0.8076404981690382,X: subjugated edge
1.3687846319035628,0.4919302013563091,-0.7465035353771392,3.4596917911133507,0.3961887629609745,2.2823873574642235,-1.1443236411059454,0.3628703715994859,-0.4784065745322773,-0.6697200531192975,Other
0.05593935013240072,-0.17727466148399962,-0.10577156517811884,-0.9819355434248108,-0.34073419805668437,-1.5085485666867937,0.9550933829789319,-0.7561817615009321,0.06002757266842327,1.5213814454648569,X: codependent edge
0.4961207080887857,-0.02642995474069754,-1.4883388077952069,-0.1663847808661063,-0.36781725044746183,-0.21190885069457044,-2.2396733341382746,-0.5575735868418343,1.8160854511511795,0.533852971250498,X: subjugated edge
0.3663329336500437,1.0725333647101947,-0.10559366110328912,0.40370693535418667,1.1329331866398349,2.7068050287277905,-0.9206785566528359,-0.7662172604321874,-1.1701304713466114,-1.1496118296591142,Other
-0.2882854581273188,0.7590371449850357,-1.907551871792851,-0.4660816077250619,-0.23276840351290906,1.2952475598481654,-0.6222637342255269,-1.049402885472555,-1.1182490530002407,-0.5043128230980537,X: subjugated edge
0.4049823189246768,1.3298732484184317,-2.186639974672497,1.3524952849619147,-0.04611885429040741,1.8516961373886627,-1.8351254149930618,-1.2841986093625701,-0.3018777246118264,-0.19641830902917878,Other
2.234386246197682,-1.9315361063733665,-0.466493892376937,2.439533812541642,-0.0843194633340818,-1.7796223762622079,-2.1827363399008393,0.4255818592827393,2.07003934260531,-0.8105447481706676,Other
-0.270396942095442,0.2533979172212008,2.2680912480049833,-0.3086403876608419,2.3508080208439504,-1.9001463771566836,2.1892451053413575,0.341304925219057,0.8931145026585001,1.3592680220323863,X: codependent edge
0.4194648928532483,0.6946885223972068,-1.4735956161422803,-1.0851714287713472,-0.356572166563595,0.8990889228853679,-1.0894449273722562,0.08348431914605337,0.9791032439232712,-1.0961671616050486,X: subjugated edge
1.2577789508694428,-1.526585856687684,-1.5392517171118283,2.4153307664758983,1.0934258889749715,-2.4283907695445404,-3.0079057566378853,1.6118133372738837,1.5901461181806769,-0.7838113979774574,Other
1.1402532809442802,-0.6548956413099721,-0.7575209723931411,2.393448435351318,0.422854548361494,-0.8299665000123502,-1.5135806952858328,0.7754416588617294,-1.1271495996234058,-0.1784727401862808,Other
0.011716417719365251,-0.840485162328919,1.6972649268263298,-0.6785616265576121,0.06877278891169664,-1.6537901334962533,0.7985667843827284,-1.0128744710065198,0.6493935265175615,-0.2906532577726434,X: subjugated edge
-2.3833887029573617,0.021698171059916185,0.8407151702174047,-4.445022397990849,0.5232637184216907,-2.654612894650931,2.1956305031580987,0.9300327888877057,-0.34246077614532133,2.9321177222314763,X: codependent edge
0.5167028186484662,1.6278539686940638,0.5750746084801965,1.26723591474076,0.32970383159975736,1.2698305238620988,0.28828454083954963,-1.5866636699229961,0.21704605635605334,0.6798311372925246,Other
-2.2194742586230527,2.0225894046649007,0.4258534893912146,-2.428965294461741,-1.3780784305734661,1.9663886221984175,2.2120311952599416,-1.294100931480964,-0.9081761876214524,0.9397470403204132,X: codependent edge
1.469937230941231,-0.8142875530732823,-0.8788798630363607,3.242843806961561,-0.24147802858741985,-0.34479674312431663,-1.602068435466775,0.6177566550888952,-0.8943936590701111,-0.43294980491717816,Other
0.16947387119326057,0.5265572504935742,-0.2161455972222523,1.6369391427031148,-0.37247067927292377,0.7716725575159251,-1.119150740829034,-0.9840698153269902,0.6937669374467101,0.5161449117194873,Other
0.999674019871989,0.5587978521423151,-0.6565981232537972,2.3944552594694644,-0.04091533804875787,3.219680709496479,-1.3760791090963722,-1.6958524878920627,0.4229693981718021,-0.1232877950352852,Other
-0.9021111381810512,0.38762577151474775,0.5837669672320822,0.08819395262541696,0.7008906924005738,-1.9618999272190287,0.4721960714238767,1.6558159510152544,-0.3174823535001172,2.101079426261886,Other
-1.5525074733000543,0.39897963473923403,-0.16512444153701433,-2.467220257018883,1.114454141956298,0.261858273900645,0.8762467542686921,0.8047050926114465,0.00832386979552023,0.9507000129745674,X: codependent edge
0.2607543841411672,0.30374250245132806,1.319824918966101,-0.1143534659226425,0.48843006583210896,0.38758934564531644,0.9167318268722853,0.6392924525527061,1.132446878122312,0.5082502444475434,X: subjugated edge
-0.03360343995614198,1.6875701208064198,0.5227418931909433,0.8130834110914124,0.40208135136822987,3.388883461584613,0.5635134940758453,0.2793797966003577,-2.652081301522414,-2.0642542129573807,Other
-0.4915408261571657,1.1024665143680576,0.3626041541833182,-1.4249036220323932,-1.7524407928169636,0.026343941982205354,1.1498317743066315,-1.447382983372031,-0.8637471679005853,1.3767320753453731,X: codependent edge
0.08466128073276377,-1.0601538975982672,-1.4508987191982659,1.5242805337717495,-0.1766908582109269,-2.6346977900502626,-1.004462786890888,1.7299045755400977,1.5654909658318736,0.3763490067158838,Other
2.76743589203226,0.7957210808805493,-1.4602080219784217,3.7130718026142158,0.3073603901939208,1.723719883688857,-1.6013999527009344,-0.8174100783832691,-0.5004166616194102,-1.0842665773474782,Other
0.8345255473690577,0.8923733745114522,0.6986381848382642,0.43737270481483276,0.6075983697838074,1.3049818894747627,0.19312190709796584,0.15732313514402957,0.1529601586732196,-1.1290284964325084,Other
1.049498605863319,0.3149672871517889,-0.9990375414872745,0.40239952228630704,-0.3948384971524539,1.136412170862347,-1.1525148366852946,-0.8864753196509755,-0.23549892972024897,-0.1641467783314915,Other
0.8439368915533556,1.1314243705027294,0.3809471975521998,1.0104347123874202,1.2831910339090289,0.16446768762888953,-0.009016491483049782,-0.649026409231219,-1.0169019099091956,0.4316620817282407,Other
1.4794621438521929,0.18807403429903718,-0.9352328062614791,2.4315197772101254,1.002104122721644,0.49502951090917213,-2.0372716816800835,0.38264176109116904,-0.5092924002799957,-1.7954993562110029,Other
-0.1900716729007449,0.20046772107625074,0.03266195573441262,-0.28603742820118777,-0.4944104018265454,-0.6540523256933379,-1.4243140272142716,-1.323384654098926,0.3265127380247177,1.030914937025255,X: codependent edge
-2.0547613076752937,0.1212405446770433,-0.8055291784849912,-2.1539410057732753,-0.5198266349670305,-1.0757346001153425,0.7235605736358904,-0.07778422746193567,-0.7751050612376157,1.487520700821467,X: subjugated edge
-0.1885861330060098,-2.018244085799669,-0.020558635202542308,-0.3262425701654877,0.8820801654333199,-3.2074804300973483,0.6927809318449897,1.6766504813890437,0.2805889077633854,-1.3268966117765357,X: codependent edge
0.8117357099965018,-0.080398393905874,-0.5017478193986982,0.6111030550424721,-0.88588586564045,0.4002179930480686,-0.7744262714600678,-1.8290203186995577,-0.10946791569004248,-0.1813438599179189,Other
-0.9698003951150737,-0.6682505744545707,0.8883888057882992,-2.865698930151109,1.8119205016789621,-1.4200470487684056,1.0244994044326348,0.9733057422772686,0.5418198160759234,0.24476106464720637,X: codependent edge
-0.17636595048933035,-1.1864479781925572,-1.1752868960531446,1.7053907960790164,-0.9961282945888236,-0.8209661009941198,-1.0324846934402134,0.1827872237144027,-0.5468892090052387,-1.6624903284177022,Other
-0.6917697430023131,1.4340182847395226,0.03527410308328599,1.8238897300448875,-0.14931788728020184,1.533280198253582,-0.9321687157981882,-0.503079414202051,-0.9159219331570463,0.7718028481081353,Other
1.5020292518431304,0.5042075185344578,-0.3158755182862678,2.8483697969538575,0.20187685585167958,0.4551369553660751,-0.2000317065000754,-0.07341258939725454,0.3850133987820528,-1.1266127668167574,Other
0.7494570154065637,-0.029831080944547807,-0.8593426690410279,0.17854870448042082,-0.6732998203736922,-1.5394190476379281,-1.1047180189820909,0.8049926668076098,-0.1654721889354459,0.4482916746496961,Other
0.651540620643959,-0.5648033511024263,-0.402529927430497,2.8479127421179786,-0.1905793950820297,1.0032426132324712,-0.9919474192495861,0.7279239822585264,-0.5963563679639184,-0.3897991287633078,Other
0.6216013131209713,0.2961695846287402,1.3027506875356138,2.560292088442143,-0.2659647768063273,-0.294915164035349,-0.3836978757686065,-0.757282140710117,0.1372333649924397,0.6485257804585194,Other
-0.037249252552126945,0.9914360933175131,-0.5501331993060414,-2.2579853685785274,0.5883664165431886,-0.5732325256514492,0.7212688579463484,-0.5225817029010974,0.4119593890715587,0.29166001550969745,X: codependent edge
0.1975562825275035,-0.8269658435469408,0.4784364578878622,-0.7658236668642185,-0.5062072937603932,-1.4161123765653054,0.7281423034384487,0.1313950727843719,2.266744648979777,0.8829331052123568,X: subjugated edge
-1.1851845805323176,-0.0048283722766100075,-0.7881784945939727,-1.796742463968092,-1.128407612377178,-0.41353632276183533,-0.19122148532626482,-0.13818250427739576,0.8901835839924742,-0.21952981431639373,X: subjugated edge
-2.1864419787505676,0.8680664988511725,0.6234332694848153,-3.565814508814451,-0.02421156013742376,0.4000571079970987,2.793783679113744,-0.6170784656027994,-1.426061323963377,1.776973402629094,X: codependent edge
0.15008113034502407,-1.93600112908413,-0.08952012579629853,-1.0437645302317722,0.37808099259377753,-2.962653564070564,-0.2616477185580528,1.150717568011106,2.101195359063224,-0.24403429007452299,X: subjugated edge
0.3239902562721444,-0.05756976240540404,-0.021235691575024307,0.7212589275576815,1.4027995126766961,-0.1886282391625171,-0.7104553944032896,0.6808874558054522,0.6763055319254794,0.33866650221355366,Other
1.2092645684253776,-0.4292913705475386,-0.8486454374825192,3.5784765226463486,1.4051364376681161,-0.7651435831041201,-1.5090481632843298,1.3001654240273752,-0.2787039645825533,-0.8231744854717119,Other
1.5713358160823676,-0.13382985775503398,-2.197713343833727,3.8404098596404865,1.9268687772819384,1.0536898154070817,-2.7549458046731257,0.21264718936681348,0.9062759707740284,-2.2026144696916146,Other
1.5699984849989468,-0.501628556371903,-1.3133158663638214,0.5686532223995815,0.8823263109680752,1.0412451328309424,-2.7591488306745227,1.0110248284480896,2.221631648153187,-1.7017372840892002,Other
-0.9980235932938778,0.1376246052072956,0.709297797706476,-3.229948653495897,-0.7509325501220074,-2.5143768492385927,1.6497999280697644,-1.6251504235742436,0.7017488206899511,2.262731977211029,X: codependent edge
-0.3522650349497693,1.923627220422718,-0.537170717074961,1.2045963482055806,-0.01802130077384445,2.5141675754506383,-0.1430566907450065,-0.6216514933090624,-2.1171964188080628,-1.3723773928847296,Other
0.48033429588137955,-0.323922473928551,-0.2361694980712625,1.9691589590098442,-0.5109513353099694,-1.5260324738429538,-0.003619845809149813,0.40839936263590737,0.06892384181276483,0.21989185909125814,Other
2.5319046777421774,0.29171100909410663,-2.0716240593242867,2.076888454838608,-0.4185981863354018,-0.7586690317497011,-2.6157493366554023,0.8148098360448381,0.10273165394902983,-1.2119959061066383,Other
1.480099203713916,1.9947464184091128,-0.7205708293540055,4.199412119420023,-1.9025177317319588,4.296643851900548,-1.0229254424798098,-3.189640122917785,-3.3377585528787854,-0.686224151593218,Other
1.1193971619983802,-0.5500155783725553,-1.5331540312675902,2.5134341130114883,-0.21706845815539952,-2.1899589970534343,-3.0639572896245157,1.1649196742218315,-1.148732510640607,0.4878026489240719,Other
-0.3877879555492906,1.814675348928969,-0.08446902037063365,-0.6966074694029885,-0.3257686050732667,2.871624540231153,-0.39724027952258,-0.8057673363035994,-1.1458358908334478,1.0244597650097877,X: subjugated edge
-0.8831996311551246,0.005323006627107235,-0.031001323294097438,-0.9115337408701154,0.027814853284844267,-0.6262079217394991,1.0754726944353856,-0.12814960639806786,0.14740829412174938,0.8912845199396442,X: codependent edge
0.7889078833832395,1.7818962258649262,-1.5736687548794204,4.040285035177161,-1.8438666017074385,4.349542290229851,-2.2559548728351446,-2.4486446549582217,-3.2743886207677733,-1.381610875318137,Other
-1.10066126423436,0.7502011249463191,-0.0426801801286949,-3.6637550089711746,-1.4250059927344005,0.9742412592042873,1.0860886799770308,-2.017763082807747,-0.5853550321839454,1.04489309781752,X: codependent edge
-0.23843635098030264,0.3071083625824217,-0.848517455759974,-0.5877556699995735,1.5496442725572486,-0.6005196889302008,-1.2460340268706924,-0.542348622577924,1.189191144062255,0.47985802356908447,X: subjugated edge
-0.11477794900192263,-0.06563068188658654,-1.0394087764415205,1.9212646748620905,0.33661231535518726,1.083145229066443,-0.3693175000262216,-0.3627271862799979,-0.0419127806934978,-0.23424160537497052,Other
1.592912089122808,-0.6240414398792106,0.7676237709073255,-0.1352211173861786,-0.07723523959787615,1.594279397368965,0.35823942551823307,-0.5085565097118534,0.43329638230462564,-1.4365083445155107,X: subjugated edge
-0.35469730295967755,0.07579154996435276,-0.23120075197628254,-0.7443722781561706,0.3167927250310378,-1.097910301365666,0.7429327253291496,1.2825049264836659,0.5314732692140918,-0.862396244774573,X: codependent edge
-2.4392496385726155,0.8973614590200242,-0.7491114887060422,-1.9297189440081088,1.815774424984323,2.0572436722176293,0.10428134843119174,-0.9824615454737787,0.3346222639822281,1.518374671034214,X: subjugated edge
0.5044446476624683,-0.013111430996670575,-1.2305139234833664,1.733981891293363,0.0078123962018255,0.6796833521202735,-0.2957861980772277,0.1250207601178953,-1.4074629778320507,-1.9553119746399497,Other
-0.6990218531039264,-0.3166228050618577,0.8845814238420251,0.5000649056136546,-2.395770888392476,-1.0136745825933682,2.2890067006040438,-0.5138509508163921,-1.2822794565241111,0.31892734563127134,Other
0.042631024437746814,-0.2507825341777729,-0.6539767751572301,-1.8870061259138797,2.3503207434158733,0.8830333433597883,1.7714991904722408,1.5138556591314367,0.5316294494799962,-2.290882598677037,X: codependent edge
-0.08670470084212364,0.9924766135830533,1.8660031653762172,1.7480608394232804,-1.3566520993330002,1.3809646101713438,1.2610367531524074,-1.0208844470879055,-1.7838084217971426,1.3242247553383049,Other
-0.2737039958177683,1.2251614550998557,-1.2056523325346498,1.4269475389280784,-1.1772026472087749,1.3156546104575515,-1.3605804956912824,-0.7388120444815842,0.09740748330302496,0.7971516003166639,Other
0.7903405817847039,-0.6671505137683704,0.1231362592157032,0.553001044772762,-0.7580323598126304,-0.7624658426469593,-0.21133563617313939,-0.17519329841690867,0.7455426735329271,-0.409674649172273,Other
-1.5328648783527072,-0.6685878574474897,1.8437269932188145,-4.652006692519457,0.031085445522397004,-2.274572319636678,3.1763510044690957,0.5810923278383551,-0.49935885392952195,3.106220445975733,X: codependent edge
-0.5170142249543602,0.3793589196671123,0.33400138665818413,-1.4411108359157903,-0.12064585818880755,-0.8864080487457913,0.3977451578992254,-0.5589809606595952,-0.4649624493655944,1.5815384016016212,X: subjugated edge
0.6840379131173813,1.5275320647572548,-1.4699885000854678,-0.5215469303755096,-2.3572615571933655,2.858222664050607,-0.39219156771457797,-1.2295225558673197,-0.7392409927574463,-0.4778033356768095,X: subjugated edge
-0.6140847753443682,1.14599030831256,-0.48913496588405575,0.9671162216171645,-0.3807717024468015,2.5483362282980435,-0.38924940229781496,0.544059445270676,-1.4084286938173005,0.15618240743323797,Other
-1.6088067092699718,-1.2518522121799116,1.6116114420369976,-4.184670592566136,1.467358085557039,-4.01780626793245,2.211095120714266,0.7037499775145697,1.9777576397766734,1.2322193925858203,X: subjugated edge
0.6685553432567358,-0.2640759699918621,-0.45992624395162207,1.4153371407681765,-0.1663398223318503,0.09328233229091121,-2.575567953598377,-1.4001215745086795,1.2974501707717119,-0.09442143309637441,Other
1.123094630441539,-0.9306035546895123,0.5674205056087558,1.0134696578713307,-0.7248524673630827,-0.20399273957115482,-1.2997332816847527,0.798617732468013,1.4211563902888398,-0.679828172864518,Other
-0.04499520764300634,-0.26751252191525826,0.038379881070259025,0.8346404626085097,0.3635936177758685,-0.8557873299468662,0.04642686675247932,1.1670311826123663,0.4363047474739332,0.5067565206978643,Other
-1.9608455984695325,1.6044099960353544,0.7012152362874657,-2.8294752971013053,-0.9544362096691925,1.4911174223474368,1.5136635072491822,-0.16507080644131134,-0.2658261126057422,2.013999781649355,X: codependent edge
0.7059697466988162,-1.4226006487830172,-1.6418842796031061,1.3279872275203786,-0.2246369755009544,-3.001839992174709,-2.2437883565523196,1.5192816110243252,0.41339701496116077,-1.146587979873786,Other
-1.659887881419688,-1.6188652932801901,-0.002090713966976132,-4.529117418459533,-0.5095153460101484,-4.2588171271480295,0.8692329412159099,2.031702783270981,3.0124069740832606,2.009717852012245,X: subjugated edge
0.3087992768481657,-0.8285541534336024,-1.191127825080645,1.9122819385884395,0.392263192899941,-1.8893889823961303,-0.520365692571417,2.0429796015374078,0.8609612678211818,-0.7523264459020527,Other
-0.8874638247421598,0.2873106025759928,0.6437992127756562,-1.7056829489814418,0.5468424449653262,1.2315745021729403,0.8906368239730009,1.1291794770255523,0.9520758796086137,0.7881290162636269,X: subjugated edge
-1.1598392857669653,0.6207548206407568,0.3722923447960286,-1.6390536094264916,-1.2359332594931887,1.6785785558359057,1.0831141968865883,-0.3608656996301407,-1.0819781414272953,0.03468732891162418,X: subjugated edge
-0.4419100170796902,0.4374484348615332,0.3514226645432691,-1.0227955839833311,-1.1377708033581442,1.4038301309950487,1.038549314168543,-1.8017403598649564,-0.2011703704036717,0.16264408572079223,X: codependent edge
-0.18329755642725984,1.1756854032310164,-0.2069323980650879,0.5480741065994514,-0.149614111411846,0.9282917220211796,-0.21301843735877957,-0.9553617944373607,-0.34713578696154584,1.8915323798372934,Other
-0.6442082503864482,-1.7630855942339292,-0.899759538022614,-1.9245785577065821,-0.5376828164501213,-2.4413954973299448,1.0976478079685956,1.3053858925672683,0.1951921681917529,-0.6165210821952793,X: codependent edge
0.5887032782151507,1.188336538358937,0.17464547289017876,2.0040690821717906,-0.03868320558053784,2.6262141569786768,-1.1048902954368418,-0.9835170711756602,-1.5987005760324644,0.04179201734519267,Other
-0.44606937845883377,-0.3120953200462915,-0.8589399712291104,-1.6104213122116402,1.217159225206132,-1.3272191246625993,1.3940309615856648,0.7532136729908694,0.39418255263276825,-0.35405437477837287,X: codependent edge
0.980190871671822,0.7314943098048676,0.9126280522716111,1.9801472784663283,0.03216342242177812,3.361969221616151,0.5103184426390555,0.6412738555020776,0.47371038762246176,-2.2451519271937515,Other
0.28117316564347944,-1.3234254267632044,-0.3106303782081119,2.0340828901716517,-0.6832507545883821,-3.0505729341813606,-0.6176618798104263,0.11748246774135851,-0.9014621962486975,0.19917318866312028,Other
-0.697557206596308,0.004956697009070176,0.15176375652768803,-1.3367730209802664,0.5163867062385044,-0.2829998415146897,0.37447256721138034,0.8279457672005139,-0.1567276779231359,0.02623569114656421,X: codependent edge
-0.8659398838322859,0.23627077058901358,0.7484502330075545,-1.5618566444660074,-0.18117929546925332,-1.175748678657221,1.1413092114364158,-0.02140254224350105,0.9054619399126206,1.0585810282833907,X: subjugated edge
-1.6474962990474387,1.1557510374984181,0.7293051782111319,-1.8336610456768698,-0.31455504693057584,0.8999176115256091,2.012812751884571,-1.6515123411713195,-1.8929146728751771,2.1309252660302658,X: subjugated edge
0.2907331778668224,-1.5852546226077653,-1.478941105610124,-0.9674664021455983,0.9910230258128693,-1.2441738318553694,-0.06266217449957989,0.8274502048814312,2.3935379762062956,-0.4332502707365968,X: subjugated edge
-0.3545875472513581,0.03075254853490416,-1.264653516053442,1.1708688296468865,0.0900746572639618,-0.9015836856825302,-1.3085968577968428,-1.2585171207425188,-0.9515907894510205,0.13013986991617182,Other
-2.3721955280635143,-1.085235291142143,2.024392943335476,-6.62099554907863,0.7050813027803825,-3.319589528671847,3.0182054370945353,1.495395827069359,0.13786695810476712,1.4114960410059136,X: codependent edge
-0.5357148727694001,0.5054960442082751,0.2331546463182474,-2.4469930398271442,-0.2541491394947251,-1.0796775566026813,-1.080679943926775,-0.5409227559796116,-0.5299556817783831,1.0189626179248499,X: codependent edge
-0.901034029254952,0.7772165364561262,-0.883037269143409,-2.1231090076592585,1.7129179317690206,0.8456935868143056,0.14543338645006745,-0.4314324055286165,1.6011248389580197,0.15952952655096536,X: subjugated edge
1.5756775921706603,1.2871702425080878,-0.05029480606769937,2.0690743890040952,0.7718584086775131,3.3411853099835884,-0.11395647901786643,-2.0251202413032265,-1.1491092519774715,-2.737943192936691,Other
-1.7027786118933097,-0.5350294543083745,-0.10558670342244553,-3.048247791437336,0.6695852886675064,-2.3328964227901197,0.16636316821600805,1.0271186470183271,-0.9243736382071996,1.778287851109058,X: subjugated edge
-1.4413507997340538,0.9272264856887904,-0.5064298357393203,-0.9940649310651543,-0.4805818720066841,0.12497849855136045,-0.3463086658059007,-1.0419771768698376,-1.9385174176569753,1.7479844940979756,X: subjugated edge
1.1099696431056998,1.3609015874770531,-1.1699398247019304,3.179982231808775,-1.1395059389538627,3.3807911399611186,-1.1933538287841614,-2.068723967025038,-0.4342818518146091,0.18649187179541737,Other
1.3567631574639631,-1.6432469698554668,0.28637260440592194,1.6894731654171138,1.4447145263907328,-2.320546860553402,0.15186717701414376,1.1595268207793088,0.3499956459948339,1.0492152810154904,Other
-0.7449829387256415,0.6123449200984505,-1.1360240234066226,-0.8635000366926716,0.1822348669198109,0.5202606045703261,0.2915729818252425,-0.5561843725273725,0.6664161511709419,0.8009360686332747,X: subjugated edge
-0.6320858228089109,0.958511253780106,-0.5427960010778822,0.8559585351903849,-0.8781963763601349,1.941869199847799,-1.1986572560395272,-0.7615744453926959,-0.8271690299295947,0.6848932846056862,Other
0.6162353965533128,-0.2587263863874374,0.18577272213452087,0.7088563915803205,0.183232209589687,0.49675209826847944,-1.6409251322391556,0.02901204578992514,0.19571127140603836,0.5829943895425098,Other
-2.32709979694531,-1.2107735775251085,2.279910099129993,-4.444838959729555,-0.27366786753747574,-3.294653337604987,2.844594217014544,-0.10646510272038945,0.957611074195617,1.4426420230738484,X: codependent edge
-1.8611936845055561,0.9429557561096632,1.2064299421361042,-1.6107450956194584,0.6529278575609889,2.6161562500376836,1.0543569228685883,-0.4569929974564183,-1.09782516971524,0.1505308610963194,X: subjugated edge
-0.28073340085071186,-1.1995088275577568,-0.7302625085366632,-1.2630200769364102,0.8910113346672026,-2.3698006015764665,-0.015553357774222454,2.0847473217080212,1.164175271583616,-0.4420595292367982,X: subjugated edge
1.549890566129126,-0.17835143451090235,0.8254738149585921,2.9134179218285685,0.2847956714909078,-1.4922551591279007,-0.6439583729152736,0.29212232148724343,-0.8127449133471373,0.32587082725370875,Other
-0.4357300881667396,-0.040124057803329026,-0.6504399397672004,-0.5376025631395338,0.3265851017733531,0.4245445599732909,-0.3332185397634685,0.22837399587122192,1.270613458310125,-0.4738416869785561,X: subjugated edge
0.10093679173515462,0.7155380517039994,0.17434984178555618,-0.18420259871667322,-0.8448648854177871,1.200413369074854,1.3638205554637441,-1.1610944547996347,-1.5917601446570049,0.3824650374180677,X: subjugated edge
1.133789272564012,-0.6266315595125326,0.1731592282695061,2.3328765228150816,-1.4358721765878282,-1.4473221214475298,-0.32956989800101233,-0.8434166677535766,0.3495974003919395,-0.19771255137759425,Other
2.106884733278146,-0.684583688827855,-1.4727975800646869,4.379250334491596,-0.9478232487682685,-0.3912012041599251,-1.3342293018920865,-0.6052557575901165,-0.7189053338138949,-1.603688983824573,Other
-0.5768484731483126,0.09891547876311091,0.831297742209961,-1.048022696790792,-0.6294222736554492,2.8024793664271583,1.4971566575594335,-1.603817182281222,-0.7063456418103544,-0.4616466716837836,X: codependent edge
-0.016836723733426057,1.0063904776197492,0.0731838901113358,2.2017554635916237,-0.607160445474235,1.3599188474555541,-0.06699487811223012,-0.1420956813878541,-1.1540591731309462,0.32419892165548236,Other
1.8220552213428425,2.287450000653147,0.30465776999934363,1.1786232251462203,-0.20314493522587726,6.011897777312028,-1.3752808580119382,-1.4601620893056182,0.9863598027908387,-1.4512590070588645,Other
-1.5221992751914284,-1.5074811997787745,-1.00766080643653,-3.5104956801186606,1.2406137165446416,-4.716375348471148,0.46498706587555483,1.7507522017188422,1.3397677210946612,2.1345633003182494,X: subjugated edge
1.0275810705538218,0.3153420177865781,-0.012195877278004252,1.4816136550857428,-0.15681522156989244,-0.4866582928707399,-0.2653472583152853,-0.08538628796334319,-0.950317205516418,0.29476023445154587,Other
-1.0183155323612583,-1.0865350262342919,-0.1991773577517824,-1.5711980486721586,1.3725695317465634,-3.9927763829224174,0.18633295525374394,1.687204606130341,0.7401463565684634,0.2738027741822935,X: subjugated edge
0.10247236710315673,1.0188112432067427,0.8907887097540449,1.886579705170253,-1.0726411740534947,1.9423780406247828,1.6177753505878785,-1.7977066784203215,-2.262991329319829,1.7015055810267699,Other
-0.24261904740027426,-0.938544547309233,0.13803189914275799,-1.4085402706629409,0.30378288668016507,-1.4756634641055877,-0.315323337589848,0.5966639625180218,0.5628207885182517,0.4912666484510872,X: subjugated edge
-0.9580116007012293,-0.6746482181823238,1.6459536388565015,-0.6146863954622765,0.44159224892682664,-1.1889981707492638,1.620044142234119,0.3490461676168526,2.144422681244096,-0.30439741961307387,X: subjugated edge
-0.9831019276582751,-0.5892708590639962,0.9947036373049343,-3.1349302602536455,1.3537502925280984,-3.6736795087687613,1.013132473496465,2.9347087885918945,1.0747847474830496,0.8708678537839474,X: subjugated edge
0.2764143642537545,-0.07619893871980389,-0.5295854915318171,0.5726193465342606,-0.20778462553028632,-0.21791362645282475,-0.7837192301695286,0.7287976536432879,0.7550847297766126,1.051441254543445,Other
0.9955393281626821,0.32319759685870747,0.6068475970387117,1.2395871285637687,0.28618186719736133,1.051017840657918,1.155687061893118,0.012295356213826075,-0.89767597163329,-1.1619090115871038,Other
-0.1297362031885032,0.4837013936085136,0.6943910647460954,0.512569748207401,-1.6018784367376473,0.3230234200560323,0.08048737546777301,-0.05913313539106291,-0.9678102807222789,0.23464193213098367,Other
0.07011315873321637,-0.0057675461827832435,0.08788892672522602,-0.39577315630758325,-1.0515970332008473,0.02117006506625463,-0.24157573776788044,0.4608731780780186,-0.13841296497370123,-1.1750762452582553,X: codependent edge
0.5711740662910472,-1.3298910224405813,-1.7574745559344354,2.07029401963076,1.787913826195986,-1.107071791394413,-1.7173442987306986,0.7665862579448772,0.7842925065828599,-1.9194685314243856,Other
-0.9716187730129598,0.7277861503101892,-0.06710074004935096,-1.9569695063639294,-1.590756970120321,2.2590716157567137,0.7292992085042042,-1.428820210093005,-0.6102823625162971,-0.09768180187473896,X: subjugated edge
0.739692508412923,-0.05295866366302793,0.9947435839201552,-1.2168009485460618,1.2372252791827365,-0.8043535335558862,-0.18311454405264285,0.5842270757730631,0.9287048680462406,-1.2256655633651063,X: subjugated edge
0.819343097059747,1.1617347900146988,-1.1470019325336063,1.2561895925743858,0.22542976766323264,2.6775430620419933,-1.9700980404631614,-0.3112117353260194,-0.22607783999952552,-1.402206564846003,Other
2.60362629875041,-0.7077387794799367,0.06330166655103886,5.590844780143734,-0.16320566273346782,-0.04672069729167261,-2.2425113723755823,0.28936697741056716,0.28264772210432465,-0.1958258023965782,Other
-0.3761041905595823,-1.6022747273509945,1.1403845796561558,-1.4666999096307054,0.26181787932423706,-3.1533654163511584,1.252516110852928,1.2456257548932455,2.047298542130094,0.5559214166613456,X: subjugated edge
-0.4580818016681276,-0.03402600268307527,-0.24360083307210068,-3.1792639758291625,1.836431149498917,0.0033686300103095146,1.004181113435116,0.5059018988183144,0.3540714238529667,0.8923663669379409,X: codependent edge
0.7689658715737455,1.295952688284265,-2.353433759250808,3.3054136830169885,0.3577626734572339,3.034445555038281,-1.6177691356190627,-0.024269941218612257,-1.031538114958289,-0.27802427992630274,Other
0.8191041689121383,0.1609421366160508,-0.18239340080093114,-1.2759619881588968,0.430014362946464,2.6402544982197527,-0.6521590640546158,-1.0097054711821707,1.2497000761188963,-1.5293067251742092,X: subjugated edge
-0.535087153376712,-0.19966979917285654,2.2652979309428214,-0.8622013683106418,0.49599203991793467,-0.9863827548837967,1.1499531301328463,0.05243268866720907,-0.6623383733077532,0.3206104784156556,X: codependent edge
-0.40316267693004887,-0.8703470176574332,-0.741714591494718,-0.6664737843438681,-0.39366853063591356,-1.1042382266430537,-0.40823083494349865,-0.9071475713401629,-0.9998985803811007,0.6904872808978507,X: subjugated edge
0.5411308382180404,1.7577664666808224,-1.1656798699502364,3.8536791095611598,-0.8018172158506408,4.725061641455664,-1.6200838425528636,-2.451372179504596,-2.120737236900106,-1.2405795605133103,Other
-0.8275842407346614,-1.0296025948847793,-0.4106326361130268,-0.8181847842455041,-0.06479929868103373,-2.955859298336271,-0.7315835963790794,0.9809253615360463,0.9789575347471302,1.0093890615245615,X: subjugated edge
-0.4105339880150149,-0.72539425762824,1.0948626396498298,-0.8981061393744574,0.1057353583993141,-3.2383175286738495,0.27375367327378197,0.8437423219713566,1.5942792372735597,2.021029941986709,X: subjugated edge
0.08959276736843465,0.5700341960840228,-0.14131218241559695,-0.10385707076831341,1.435791645215318,1.1509260629858153,0.5472545928920405,-0.016313175746615505,-0.5012254658443923,-1.3377044078132836,X: subjugated edge
0.9959386848222581,-1.8560206898867897,-0.6631523332206665,-0.2665777079202163,0.7857818029664063,-0.6497648065483066,-1.3636852705888762,2.5886061883533085,2.984759881563192,-1.1496998835176213,X: subjugated edge
-0.6045986161795408,1.2745906653813397,1.247378178039825,-1.6411554618822157,-1.5026095842051141,1.269308194027005,0.7552551294820454,-0.6165851464538392,-1.2561490566245388,0.5986718871243489,X: subjugated edge
-1.842384462030672,0.6241931142173556,0.8109429485957728,-3.32926555656528,-1.706345418623471,1.7550109561720961,1.472598773605116,-1.2879207755035587,-1.015829264946784,0.9934213014888107,X: codependent edge
-1.916597467518211,0.8992310718111097,0.002264310030206884,-1.9120981311113,-0.09382887952152685,0.12164587883853495,2.3719977895268016,-0.5288216573473615,-1.335096280230304,0.7296897412301806,X: codependent edge
-1.2594130667061334,0.5581170119496541,-0.7552676987238814,-1.8908575406322456,-0.9981177831697654,2.771560955978557,-0.0915975922946497,-1.2071490930561846,0.9964405006220836,0.1737354912057168,X: subjugated edge
-1.3131677181999373,-0.16112351745637007,1.4867861888446816,-2.620228410664708,0.3087389191216119,-1.8442248636994782,1.8617195774225548,0.7299409427856474,0.06960641576698523,1.286631756415822,X: codependent edge
-0.15461075861990903,-1.063148710155423,-0.32453927811403577,1.5896816601547226,-1.3973985634163288,-0.9817005254356734,-0.08143420636400733,-0.7270131809392661,-0.8603627296868287,0.1432872910573869,Other
-1.188880153597605,-0.14007544122496063,-0.9743598100273656,-4.57756903848499,0.5619755719094045,-3.6658010895941002,0.5041433195069658,1.7048216953124085,2.3486600768749373,1.290863373076767,X: subjugated edge
-0.7027549598212041,-0.9752363117526348,-1.0605606697928962,-0.9628253758501591,-0.35068400378143316,-1.081929274606588,0.23307672379643757,1.4286083791590003,0.8633179812792777,0.11727165445741243,X: subjugated edge
-0.7740858849820498,0.4861553100763835,-0.5004675896893893,-2.511728052117664,0.046433570345691996,1.5787708830072853,0.39822770357736464,-1.2429161413575534,0.3769350025676967,1.3034642535373435,X: subjugated edge
-0.4405078608479934,0.8067798305481017,-1.1299788550712087,0.08495722496661684,-0.8005253819962425,1.1853127124598615,0.4166568258421406,-1.5570851514348971,0.6647616832594758,-0.555693612206198,Other
1.3225043315231224,1.4768086311982076,-2.543759269324844,3.5102556077424536,0.6020302689921364,5.040490348274244,-2.1585129158107184,-0.5207562793185747,-0.2570233344949191,-2.6439140082573593,Other
0.6619475894305167,0.3717676405528632,-1.1616517156995034,1.1213335578949744,0.020258002473995423,0.275481242545629,0.2890783309316092,-0.5233979570640653,0.5930843878706247,-1.0378023770898177,Other
0.016129415276003874,0.9245753565951862,-0.6227616796156998,-0.394294917991019,1.494151874217267,1.37445279637909,-0.2589798630589333,0.3873864874926174,-0.10655210804284423,0.1958061325720793,X: codependent edge
-0.4610262805808381,-0.2971447372301422,-0.11340616841727036,1.2095882209867819,0.6991454265899276,-1.4758927736996175,-0.9828632273023452,0.26792673462599426,1.02656015149651,0.9970419295254076,Other
-0.4332326566230212,-0.47827713800819477,1.4407982137009299,0.003131123231628008,1.229185277792792,-1.8942429267596137,1.4520164572404832,2.055450047102946,0.6506015806700315,1.9550392386944015,Other
0.3277464699519495,0.47367189081680144,-0.25441439633938356,1.1147844645146263,-0.25614998781803167,1.1016048131413323,-0.06622372687184841,-0.46429116810473764,-0.4019102983412348,-0.04268926598444828,Other
0.5841690733522902,-0.3864728727169088,0.09254118759234464,1.5631509941764636,0.8683820728659206,-1.2192804853889947,-0.37207449677621923,2.4960429355839056,0.6134812321796216,0.2881245635574701,Other
-0.9076175061006004,0.2691857888276577,0.8105380074022017,-1.7259063976475932,1.001636845614323,-0.33260897329986716,0.8507767461905826,0.7008537117403245,-0.21177258319293574,1.9965752434602915,X: codependent edge
0.03648075561423148,-1.061192189335421,-0.6921843960985035,-0.9595519728290334,0.6629374513368922,-1.0079987386759233,-1.9248078447998396,0.08216274141706692,1.317377318504622,-0.8937276733966029,X: codependent edge
-2.031619568663027,-0.8816276824763011,1.1106329672301993,-3.004966541164655,0.8193500742180269,-3.5877738767508425,0.5633664650516037,2.5948007328602736,1.2454314148078445,1.4751227603177455,X: subjugated edge
0.21171378417059702,0.6354093010182902,0.7622802350289525,-1.5621262002944656,0.09671955085371775,-2.1332812086701107,1.4198801830081917,0.3909760382733424,0.3120789295046281,2.4463463397508094,X: codependent edge
0.762149241958686,0.8866900754060961,-0.5391137667624949,3.0166911388204922,-0.8218633589641577,1.2011410200363084,-1.2533400788366775,-0.7497453492777082,-0.27924201892305833,0.07079946365529388,Other
-0.2800686268808754,-0.9856561689666805,2.45821465474941,-2.4451117177815087,1.3206867815861802,-1.445416985174686,2.0404633854620475,1.8185262705876126,2.7369191381778184,1.3536042662893075,X: subjugated edge
1.8165269961401054,0.6706143105064207,0.07246940462676299,3.376754028227727,0.8431064385831725,2.3564686258731204,-2.532058969953382,-1.0153479089802788,0.7117679084368603,-0.399364508426172,Other
-0.8812384474360504,-0.5327356730352747,-0.582984464810147,-0.7858744645489941,-0.28943006873741983,-0.49368240949001285,-0.3865578951137277,-1.083973858907581,0.08328505999929761,-0.7374159224030634,X: codependent edge
0.21744041530326128,0.016505176200309918,0.2954034677021261,0.7587770560516843,-0.5811531850743547,2.0785577820620134,0.4788319591497976,-0.3052100960597091,0.20003645819951843,-0.6025176939308958,Other
-0.035824746665955476,1.416944415790647,-0.32699581840427233,0.31042696951775695,-0.9310024596330052,3.022139396158745,-0.19715533505643068,-0.4475816643159616,0.0004787888821911057,-0.93526585774475,Other
-0.10029766744340833,0.8074872340229485,0.4392164443283056,-0.022572527740472303,0.4474241027348374,1.4289193538835787,0.676121029522328,-0.10749294683507998,-1.1981166819576665,0.5527754888894982,X: subjugated edge
-0.11432216800474763,0.7958719880221928,-0.7552981252558439,-2.0509572845529442,-0.6950105440763849,1.5577258092541921,-0.26436695480892486,0.3722198872058404,0.9862855687114047,-0.4659011835474025,X: subjugated edge
0.10710503000947168,1.9087903584569665,-1.0135135715697432,2.708572121374246,-0.007528010536499097,3.212820655800446,-0.6921638527184446,-0.4440647861900069,-1.9014156548453256,-0.2925921252162226,Other
0.8479587434636998,-0.7038793410497978,-0.10687913848326713,1.0629345116152202,0.60777955463271,-2.5337478795477035,-1.1940975410464127,0.8168668354611575,1.4050895223242899,-0.847600735000386,Other
1.3777362362747443,-0.9858749749925457,0.17007504132336893,4.834454357630625,-0.31400784900231454,0.505529265081947,-1.8522704005580428,1.4859203901887867,0.5522267532352774,-2.226951079544362,Other
-0.0022502445041573905,-0.7221222702285907,-0.10346267400112852,-1.1619395011618197,1.0505252553359383,-4.623363456623224,1.0071554473769841,2.1562746069636622,0.7412445123220909,0.7226538283082824,X: codependent edge
0.8153160721716332,-0.25450105340661505,0.5213051720831718,1.7365600763553992,-1.0731786402054193,2.0999697806482622,0.7985821029061133,-0.35219107634963503,-1.2640038499479775,-1.8714308668538602,Other
-0.7017669462667825,-2.3545506142918935,1.164159290520657,-2.940134895186594,2.835490509174953,-4.569259546813063,0.2711696743762446,2.8815520194390323,3.1524801327247705,0.18689657384898994,X: subjugated edge
0.765955452726233,-0.20742823669681038,0.012571152829415011,2.8832819877069578,0.47768674455867,1.3594809056992767,-1.3968688972766492,0.4758680780739408,-0.816970080119294,-1.6122511364131231,Other
-0.7619915238269903,-0.5445707318949119,0.03943135131206649,-1.1047318351377349,-1.3709730459043774,0.7398990224600931,0.32840789414410343,-2.0174406925297728,-1.283675635972082,-0.24065609879469796,X: subjugated edge
1.0906599360881322,0.783759767397799,0.18850889721170305,1.0220566958177715,0.9579701092924137,2.226159146484852,-0.47783968717346875,0.05359064981511927,0.7636947496247444,-0.48079651089699305,Other
2.2106408773932396,0.35241937901004006,0.025955523867462582,3.451566513147386,0.6315663289859277,0.4124894082270643,-1.7826643282720736,0.5602188010997478,1.4815620587633693,-0.3793603966329697,Other
-0.12208388797139179,-0.600696627769337,0.2770886584971574,-0.6815857740229498,0.13427152415566485,-0.023611928207104116,0.5908928612380556,0.619327975258678,-0.13642463599957555,-1.164364615863093,X: codependent edge
-2.1925434908074086,0.5899608453629039,1.255545976055506,-3.460603189503547,-0.438955886547431,0.3818242039929371,2.17246659662201,-0.3814949676974916,0.33748152465683345,1.3281902462856783,X: codependent edge
-0.548072933244823,0.7232630598237696,1.9797452378201592,-1.1698359221917514,-1.1516240319803768,3.571725510853546,1.2159667008657637,-1.0932853909586242,-0.13856079809153665,-0.5365166710460529,X: codependent edge
1.2318751342893033,-0.7685457897914107,-0.21298075564959906,0.6346520120834773,2.5576543181612728,0.4187415794122643,0.7900613618181045,0.22958736805040103,1.189060167968042,-1.379213285822913,Other
0.5530767870252449,-0.49302425538241845,-0.11896234117603809,1.308892628052838,-0.602034559181997,-2.3077809197134496,-0.862243082494631,1.3457987105824387,1.2752997476075636,-0.33408035558121524,Other
0.24891359867502955,-2.2253631870979826,0.3858150444768926,-1.4288491676556718,-0.2338303797933008,-4.42182229974996,1.2168917406267399,1.2879270838652128,1.2372581044406192,0.6059666062839795,X: subjugated edge
1.008668355954839,-1.0906599743692849,-0.6565701330779887,-0.9499708449041665,0.38906135579411255,0.7408871069937185,0.03318947390942362,0.5297449952366845,1.2655514135994403,-2.6533831597953306,X: subjugated edge
0.484453439248422,-0.7424695604235784,-1.2904369780496059,1.4120580777446288,-1.5559341005797227,-0.11181875378806394,-0.5659665896201526,0.8751689088956794,-1.049879416739851,-0.23405678199051172,Other
1.2177251874511363,0.07416617660602177,-0.4345215960576869,3.1877213712423016,-1.189862820134763,0.588155187547844,-2.553427486151455,0.14296244983075113,-1.4345420464627545,-1.7486218583717563,Other
0.9194236766469855,-0.9453826793598152,-0.34017353524775146,-1.6891163171135137,1.1911742629100002,1.2501435823076876,-0.819352730574506,1.4498648198111947,1.9655392405273433,-1.7334396110093966,X: subjugated edge
1.5217004527369589,-0.513451987049109,0.947909398078083,1.7472651070624583,0.4888794645963578,-0.680775628507478,-1.100737178464242,1.182112041679889,0.9489320607982279,-0.6473679340276135,Other
0.35879608390625434,-1.225330681582599,0.11479093975082288,0.3353299853236972,-0.3293604258550731,-1.3346581322870898,-0.20237312146146524,-0.09545543221569541,0.5765684707249362,0.3342941862091143,Other
0.9052594014939547,0.17111389853127063,-0.8339178223714832,2.022838074648219,-0.05524628086632,-0.15036056676653975,-1.8514326654785451,-0.2138670308029581,1.4938705025145818,-0.923980482545531,Other
-0.3071270730857854,0.4257145945849076,0.6340547919855553,-2.8102352238160178,-0.6182409286810097,1.708114030766898,1.0828634229953784,0.37359371824780196,1.1505315559727687,-0.539312012784858,X: subjugated edge
-0.6014608115590059,0.40236534841982236,0.12913895339639142,-1.3240694151053132,-0.5365843000812149,0.4391520956407112,1.2479469080309298,-1.0510933106990406,-0.04921996670113543,0.34385736256083954,X: codependent edge
1.7067676404189733,0.01236113190525933,0.40736632190067457,4.300694442843822,-0.7601434319489158,1.0717173974963523,-0.21924265890872052,-1.10008537205127,-1.473384615821324,-1.6035908231769018,Other
0.21620467632268803,-1.5410729965013943,-0.615336470327155,-0.4725661359269038,-0.047706625532355995,-2.9999297608040947,-0.7256889561776363,1.193289730514003,0.892526320265914,0.1882936230037705,X: subjugated edge
0.804880565862379,-0.6199536638928509,-0.3016998353741434,2.6470207492997213,-0.4824589979790267,0.08087659245175516,-1.5339941768502288,0.3244014571524218,-0.449462373359757,0.3003718381844189,Other
0.12374001441139017,-0.4073066723184845,0.14351241642435741,1.2671993584482257,-0.20337336556895957,-1.050423260073974,0.2355366389355068,0.6996410646128453,0.2798238795273428,0.8223654078119635,Other
-0.5865156509199643,-0.4032953129206253,-0.30161071949075186,-3.026484266565051,0.4718789995639344,-1.2107333562753575,1.6212176560306908,-0.5187972934354937,-0.39214693832331715,0.2739657339677403,X: codependent edge
0.010982892582401323,0.07498121798983637,-1.3371093238401566,1.301853028490423,0.047510152131693184,0.3049814224703364,-0.5578941392047212,-1.9468889228335882,-1.0512767818165,0.5459899045472931,Other
1.4359940177677142,1.4255413723710189,-0.012111896541140421,5.51624460055033,-1.2904871665108042,4.841363899591428,-0.7432230521852239,-0.9589513086289742,-3.236969299161123,-1.8048629241397154,Other
0.555240074279424,0.8120962126845997,0.1890528113715234,1.1945298438670486,-1.2713511952035454,1.050884200273419,-0.5075488750038809,-1.9934166772586073,-0.767099180330229,1.2112461776909038,Other
-1.711473159730459,-0.9875177798486946,1.8096886075747363,-0.9883507504931004,0.33017900357156926,-1.5154138444147742,1.7203620887846534,0.43172611560783575,-1.2130083912891063,0.782769370308816,X: codependent edge
-0.2152444565761547,0.6784028752966336,-0.09083616555874442,0.16136554656214375,1.4369037010206576,3.5264901678667777,0.6142640218840552,-1.4996221024786465,-0.2820953185750558,-1.6129432646911057,Other
1.782293792704712,0.6403023676657362,-1.242359122447071,5.071783754112803,-1.3661479648145802,-1.8368316406052148,-1.9753320251338655,-0.3278088483966952,-0.2358035011524523,-0.3705777539216881,Other
-0.21379686184995605,-0.8060674729515649,0.7435891540866439,-0.14884223562667653,0.1429429154713414,-0.2129295234006221,0.7976049493734543,0.9316285847301757,-0.04695460206353064,-0.24156955159376592,X: codependent edge
-1.8004786917341806,0.848865922635439,-0.17406778684205737,-0.3868898458528227,-0.3508523258516797,-0.24911924577168754,1.6526586576794804,-0.561887080571624,-1.5791227835180899,1.217318863704034,X: subjugated edge
1.8930488854225436,-0.16037663594526336,0.7133581307852653,2.9770149189559967,0.41747436050425546,0.5052072046302954,-0.8381378758593573,0.5357372523280147,0.17181720759080016,-1.8926611761747096,Other
0.6823925098127926,-1.4099534900144448,0.5867418487640514,-0.622306458541977,0.009168857815371745,-1.3301839238098156,0.17063093912503374,-0.48353051199586305,0.2149057266497829,1.7415303194902867,X: subjugated edge
-0.0700128588128004,0.45520272463714184,1.0776349096714821,-0.6719531966576335,0.8069403658685259,0.9235292905263421,-0.10230894610830144,-0.7171533701429489,0.10400957328993055,1.917343850678694,X: subjugated edge
-0.37141773608206863,0.2169618236145243,1.1741855504386915,0.8814959885043828,1.0344129970692508,-0.6012524633570079,0.12142478249883903,-0.036030851864377045,-0.7086066719136702,1.9082480351256597,Other
1.0823519297917354,-0.22767762918582773,-0.8493124669539345,2.728850160842175,0.7416543290796279,1.020630833865722,-1.2259207624285144,-0.05705440837704767,0.28166692043910563,-0.8832184177676115,Other
-0.5419834002261925,-0.03745308498329951,0.44517964050945963,-1.2361540064141614,0.6767574200312698,-0.16120536382577844,0.5928973982029655,0.12899699051689217,-0.06708588231544013,1.3194374475876685,X: codependent edge
1.1482564245159883,-0.719085478888462,0.1102143215022377,3.1485765140100685,1.2005815004115585,0.22379388616811835,-1.2033379937507056,1.2642255613606441,0.8177866382161113,-0.7583966335946085,Other
0.542195285724256,0.6101305037971094,-0.45195376762560646,-0.3829292907005422,1.3471342624865428,1.3413465186588094,-0.42927543741370816,0.9034412774625056,1.3974343061924492,0.46585807842599025,X: subjugated edge
0.24468192548734993,-0.04345063450892596,1.1321851967986523,-0.22951676689001121,1.2312701189809996,0.448424091453163,1.007134967569411,-0.5234934908573808,0.5674631918046877,-0.16840565165663463,X: codependent edge
0.14551480533559535,0.16644884394822793,0.4988397929308772,-0.619598424145479,1.9745247026397217,-1.8533768635116525,1.0059757084323127,0.757072943127846,0.9129431661457406,1.402066067787505,X: subjugated edge
-0.17496803671417813,0.3571419244288725,-0.6678029193963854,-1.568541395363456,0.9390881954233641,0.1730220932278657,0.8899111182926271,0.6883910038116923,-0.48148991352310866,-0.4783531182163993,X: codependent edge
1.0456401202092658,-1.154585614426325,1.0659903665192885,1.3292976481554186,-0.3334030114025457,-0.882770606076678,-1.2906356725161583,0.022845478209733372,0.8402277020156917,-0.6550662368567503,Other
-0.8653428321018342,-0.894283021882052,0.48086512496077827,0.5840262312500171,1.1284285430241585,-1.951376628427257,-0.0068524999725931846,1.033880530446501,0.686229602953838,0.3101827498663496,Other
-1.6219251268302093,-2.2099444596162092,0.23106511541477792,-4.901223856243664,1.9707293704492725,-6.166249427878487,1.1031891019780724,2.894200648029842,2.052890344487421,1.2871553770732493,X: subjugated edge
0.6144401228924746,0.564742258490407,-0.5666455889757084,1.186480001075572,1.7887153373475582,1.5142104169993518,-0.6556057014528925,0.38977185254823266,0.7211358684212155,-0.8993462230597983,Other
0.6312383280671477,-1.2122100237467663,1.1325786642677476,-0.3605206106603258,-0.3089152093627714,-3.8685032757856908,-0.142581850022616,1.2757939940213752,0.27006318841667376,0.3436359198625945,X: subjugated edge
0.4802411525117667,0.1325697098956523,1.6334829913511824,-0.0626061455056085,0.6781892366665199,0.25199660026609644,-0.03959301591270514,0.27678148436539196,-0.22105216103935144,-0.23095078761844234,X: subjugated edge
0.4077283696180388,0.3709882249395528,0.4611234127887512,0.07687812234889835,-0.9629896250844732,0.7364626304180695,-0.3266044216066202,-0.9454834047408611,-0.9434917026256511,0.5454838265913273,Other
-0.32054037833754784,0.6023528388925202,1.157401678613789,0.37200095142215994,0.14864003976931472,0.2597540199528371,1.1237214059537433,-1.2644089274211046,-0.7767990302452769,1.846183714895822,Other
0.7874827043855253,-1.2040169138360592,1.0357502728677217,0.05777491684008795,0.5161173343566954,-1.3706243469526842,-1.1217412405926934,1.320641903147805,1.0846961402880198,-0.13522360376448592,Other
-0.04555812675454088,-0.06516161814069105,0.9243204783000666,-0.12520290272891832,0.865351453998018,-1.2517406587421718,2.2076306897412623,0.5132589510239041,-0.007424148533374919,2.192488095434842,X: codependent edge
-0.4871135608151781,1.670280420787749,0.22469691058670113,-1.0617317464739582,-2.0088639607828207,4.7442857664604325,0.4821939379136235,-2.901323118797281,-0.41507855270509486,1.342432829146821,X: subjugated edge
-0.3118913122553999,1.7143146799843163,0.42659609408823296,-1.7423500750137013,-0.06721720917827101,0.6568993302172222,1.2140222722027985,-0.8794418854845115,1.1428185997717546,2.1482092162011455,X: subjugated edge
2.020639698775832,0.9873230940269508,0.5564416518097312,4.5200422371167575,0.46763992470822413,2.0930168417541952,-1.7000847019908756,0.4208882753535026,-0.9842189761142665,-1.1985023966554353,Other
-1.7349760820454327,0.3374931388188395,0.005039738725887366,-4.607398822722325,0.039397766476949606,1.2154286439362012,1.7342621383543002,-0.73046066017251,0.042351219184829175,-0.2829939452934811,X: codependent edge
0.49978810429579884,-1.0051063888453775,0.9805724604266248,-0.8787261978250621,2.5428146679809736,-1.4071849948442066,0.14148483359156383,1.352372284017002,2.298469992790739,-0.6309071702858933,X: subjugated edge
-1.6791104276237172,0.718621625391053,1.8880187351739353,-2.703851882790123,-0.5161226921113491,-0.3017265611646761,2.7515475469622785,-1.3443328481843857,-0.8478275668579708,1.1443112118654204,X: codependent edge
-0.10823333832297323,-0.15802122874684088,-0.06552716308644588,1.3761696964095582,0.41824077369776846,-0.20734063505488487,-0.09729740801448471,-0.9522718944163181,-0.6170464376150959,-0.7593781104637383,Other
-0.4336274851541877,0.5605282752728444,-0.20384708236008175,-2.9111340319128947,-0.20031088680264875,1.312496975364328,1.3971621021208627,0.9928251596404958,1.0530106697769006,-1.6458152087119462,X: codependent edge
-2.085028296679878,-0.6328434548521167,1.410521645582565,-4.7712780715170835,0.6655258742946054,-4.30452143570326,1.0794640774067794,0.437455199184833,1.1942397076766795,2.6493746161221083,X: subjugated edge
0.389037590433763,-0.17293311283992888,-0.2912221410348128,0.15981948258949452,2.346209841904257,0.5300194471935871,0.2892022163575295,0.5416536304261841,1.08715636094433,-1.9212573635921393,Other
-0.3800380621921959,0.16414736007642475,-1.2890206546823155,0.18527670988977385,-0.3059536997912659,-0.22427856143430475,-0.20599093131310903,-1.105870970205395,1.0344621461242414,0.649865935284495,Other
-2.099206342561244,0.2462780914938584,1.6071916174613587,-4.206125009837458,-0.6714769481123517,-2.1255666014057053,1.5338959609988367,-0.7778487950664377,0.2931743538454613,3.7043590819525885,X: codependent edge
0.8395680907742521,0.4937227144602481,-0.40949693441144674,-0.5204890658412495,1.6851248944485107,2.6407198597826147,0.6500997139694922,-0.1333928583408437,0.14387292336888496,-1.3301516208279016,X: codependent edge
1.435006177988935,-0.5791949845248994,-0.5244638469358652,1.8057302270864217,-0.09671018259131914,-1.970222356271489,0.07425993031284328,1.4694315462979965,-0.48267255072670606,-0.7606582523096386,Other
1.490124342296572,-1.3432844521102028,-1.18446505420662,2.6144048520281693,-1.03856711643509,0.48568899476340843,-3.206005589732999,-0.39644522536099225,0.14223277618043656,-1.6627577863552754,Other
0.35895644065147114,1.6247850398997947,1.2548979184548343,0.7833158386098937,-0.9031008344226515,2.45289546336644,0.4280750233254407,-2.778884828881292,-0.30294080172392523,0.8461622438715553,Other
0.04605813857711549,2.489254169023358,1.0318394484178313,-0.37727959257061494,-1.6080782667161932,4.4216406240765975,0.9590310639032399,-2.1767377850742466,-1.520665883291584,-0.7356351240791392,X: subjugated edge
1.328156620895797,0.44742071120237864,-0.8010037388157749,3.7961613996248564,-1.8180882068097166,2.5079652736920375,-1.025290541900585,-1.234110098698138,-0.9949165507954837,-1.2156253428789485,Other
1.6823835853400984,-1.3239920947301105,-1.5296298054808994,1.04266378956126,0.2169516888790985,-1.9899967720713225,-0.8134738952626537,0.9234137038338404,2.4272590835594303,-0.5994350479432068,Other
1.133568702875625,-0.7731951168428768,-1.045118257937927,2.2791933532598314,-0.1425441573893988,-1.519901586358018,-0.33975521259282493,0.935478651535276,0.3261754852988603,-1.0918950846042192,Other
-0.9415376022298011,0.509117569050969,0.5522397894226674,-4.466577022033966,0.5633294123767119,0.7420043140759965,1.1535516241504378,-0.02580621324780652,0.6774626704513678,-0.6066621563164318,X: codependent edge
0.2013448532149219,1.341115611681286,0.12618798024159145,-1.7602552556806113,0.10191923656331897,-0.04894970742854121,1.613603660506252,-0.9950862424526851,-0.6541161864301157,0.9623876439758385,X: codependent edge
0.4395161442914286,-1.2128906345418562,-0.05191082735070682,-0.37676365248039767,0.9299573693661205,-0.34171325791592366,0.34963791150429324,0.273914215678416,2.7103762050713804,-1.402838265806042,X: subjugated edge
-1.8096169689172292,-0.12433282084890122,0.5304986278391597,-3.9373406356526672,-0.9985232739521568,-3.0447718303703364,1.332376237832102,-1.6071572198956665,0.42134801536826694,1.4023246398800324,X: codependent edge
0.4693606596207741,0.19593206444396905,0.27127819292393396,-0.41662703416081326,0.4741946771318778,1.1064355295157315,-0.644206004021074,-0.4588827295915425,0.054138120282085984,0.27154668145383454,X: codependent edge
2.272991825979389,0.8645784512858746,-1.142652940760075,3.7467504581531483,0.5684199747768675,3.500571484651358,-1.2864315655963696,-1.2059185554890128,-0.5434312578545721,-1.7183677986147416,Other
0.6399361658007914,-0.34360109440037934,0.2916387830074143,1.2660885716004502,0.5887506490014831,-0.6665569707949808,-0.9434303418950885,0.7245429617433421,0.3868992801578384,1.8283546979735896,Other
1.4734130814417563,-1.5638146913219246,-1.930110370120329,2.6046337066905005,0.33094058278352917,0.6631967346495693,-2.280913187229323,-0.02725190228829044,0.49917404372331964,-0.9130102145620878,Other
0.18291473012870507,0.6211975594529023,1.8108666652376224,1.8053173600898318,-1.588293940199855,2.275833619172111,0.4980250331692653,-1.5160005123810367,-2.041964262612167,0.2523678223526669,Other
-0.07321832398382148,1.124795965171238,-0.7605644107654329,0.5560288741560022,-0.042318554086358984,1.154995743873085,-0.020600196899465684,-0.992446466966122,-0.48138786199441086,0.3316860562680944,Other
0.3812713900809755,-0.08259146174516069,0.16217259680149868,0.8558410864828885,1.6651765046864717,1.4367836427385927,-0.3580696462212436,0.7815315637690681,0.09974666518057651,-0.020721690195931203,Other
-0.8158266479844326,0.40524009130643124,0.23973545947183056,0.9274176035014283,-0.3946240561584395,-0.9156769583536701,-0.2679772296094557,-0.18228769671896572,-0.8375422111952913,0.6399219597459106,Other
-0.9637751872343886,-0.47449122942707067,-0.0025698294367780816,-2.187525267701966,-0.3298509657412419,-2.8679704209252668,1.5932347706723138,-0.03746965763147411,0.13394980833997278,0.8329020375441367,X: codependent edge
1.2663045571693656,-0.8457727947258943,0.043005254708886845,1.6723241923728493,0.637885625170518,1.2040032562235383,-1.2336750398468617,0.4207591244008251,0.7855079267606646,-1.1791703148477148,Other
1.3723423428665182,1.0264256805472187,0.005483602976716377,2.679800656026888,-0.2271271564304872,2.287288687531754,0.4881623157892525,0.061333632033210184,-0.7290452294376685,-0.709411027884802,Other
-0.9911063155873504,0.38749584781446095,-0.9582731322166029,-1.6927698337293993,-0.970233715906117,-0.6208264138723689,0.5400993326379211,-0.967251574427974,0.9346086331859477,-0.07293030196571038,X: subjugated edge
0.9679988045538644,0.49036859940188254,0.12128623859189464,-0.024966602408459826,0.46644140282634605,0.43778511031265976,0.2789853172525737,0.906469957386169,0.3842153789613723,-2.2045801705331094,X: subjugated edge
-0.08695997560602091,1.502115147994613,-1.660676675249097,-0.5261054247416787,-0.5774699110696068,2.901217704415108,-0.20893838652198338,-1.6302932580605445,0.642027422063367,0.5274915007174819,X: subjugated edge
0.33980857449043056,-1.054842334318573,1.0218768845372208,-0.23823650408727082,0.8735486416419136,-2.469675575225895,1.1912803707663961,1.1720263920254428,0.5745702954148082,-0.39494316137702934,X: codependent edge
0.4602186394350634,-0.5520262681594221,0.4797587667702652,-0.9343328465637781,0.47528639525818883,-1.607152926400749,0.2984817126686458,0.5238380683594555,1.1675655395400892,-0.03503550386883604,X: subjugated edge
0.9943504681243184,0.15793334883469554,0.5545065035647977,1.3239923947821042,-0.43047628657065967,2.8319440109142135,-0.319858298995225,-0.1387503841085747,-0.5577002222491272,-1.126334890247244,Other
0.08271820186318887,-0.5643132377612419,-1.3296969455109169,-1.1484793177566237,-0.05267836634609241,1.9327928788978017,0.1595232920150832,0.08464351729322583,-0.1259619845951781,-1.073376652718998,X: subjugated edge
1.410161995301936,0.7831365352724501,-1.3763847922359878,-1.6532309114846726,-0.9616914207962783,3.181276654246931,0.18748443296139272,-0.9480123105033511,1.026165058279438,-2.2126615012956234,X: subjugated edge
0.30941283975992473,-0.18739922090398406,1.278871303010748,0.32048458566460747,0.11331260643313612,-1.7985178212754442,0.1410847525812366,1.3396506085196196,-0.49712275346848855,0.9885954592517489,Other
0.6241842724695326,-0.9925328074971896,2.6538060050439327,0.7883307358426621,1.2166084332510252,-2.552817849693237,1.3222697387113809,2.078512242879275,-0.8868450478907193,1.4016853821930264,Other
-0.8332625915372465,0.06577167518766158,1.0868938562947894,-2.4847242379001178,1.4184079205430795,-1.8054618314431772,1.1101154871029786,1.3807585655682897,-0.21898612549918245,0.8897332212684125,X: codependent edge
2.158659010704834,0.17033877080678794,-0.11511703185849931,5.834848498149007,0.4105041737721062,0.05333790966680674,-1.2912526569951743,-0.9494751287782681,-1.6946440613780456,-1.8938225370992157,Other
0.4698249232049664,0.9346820628963304,0.3046981731089591,0.7802579371803179,-0.20328069237150295,0.7628041999103963,-0.1836355963222928,-1.6775778150152587,-1.4771533745051255,-1.6530863028490508,Other
0.7129974253450992,0.39314090314742434,-1.0292488945949796,4.125638522530033,-1.3543308820508841,0.9000074273298139,-2.6162172358593674,-0.7409913822157239,-1.3917067993836083,-0.09610648830675572,Other
-1.6081858112115415,0.46114639135983565,1.367382709760504,-2.36051447909398,-0.01577447198918791,0.6299979379807261,1.6713215394972503,0.22509513817694066,-0.2744879958568318,0.8804620814302518,X: codependent edge
-0.822702023079101,0.3202916840072248,-0.69918599101075,1.8922244025047128,-0.8347137539300695,1.4048896909802415,1.052059125960889,-1.005191616605038,-2.200760853972045,-0.6246710538720348,Other
1.2378836879187305,-0.18822252129193043,-1.4557025631511233,2.1162794377886263,1.4583756125225156,1.1943734226312153,-2.157383886808481,0.2742472687869273,1.5764167147654713,-1.216461257813932,Other
0.2868911182926047,-0.7162191151112647,-1.0249235101898477,0.040159417837040134,-0.9565248381976929,-0.16551021162730373,0.014325913998772366,1.1521104111492098,-1.4158189005337143,-0.7779631174107797,Other
-1.913779734828926,0.288838351659376,1.542866481851425,-2.539467401994104,0.2693975853847651,1.0865008412508357,2.2673315912475944,0.41900764974384247,-0.2155138522189642,0.4164707027162373,X: codependent edge
1.038289928983819,-0.33312476588364065,-0.4953763281895466,3.6459098566218016,-0.7096827093003725,0.7510248411163973,-1.145254692563817,0.7239763657746927,-0.2719053043052448,-1.9971138628102831,Other
-0.5437828043527234,1.6898226204410154,0.39356473828507543,-2.591077210575644,-0.48201445297240786,2.8287016555554687,1.2643027744553523,-1.8153610129932638,-0.5414412332622838,0.7575899411674163,X: codependent edge
1.411316985876712,1.3421822947732187,-0.2654131550314975,3.0368320337565624,0.338035295112205,3.4171255848232023,-0.6671500014985117,-1.2445362787663048,-0.4721961194033291,-1.5543176225477757,Other
-0.08783567860369966,0.6328391323516083,-1.0887541455435652,0.20424610443482683,0.4845421161053507,0.1932602079457604,-0.10865230314330326,0.4550825564810701,0.7428591818747076,0.16418673592125665,Other
0.20470668602052994,0.3784669392929856,-0.6591439089437365,0.3224252870244919,-0.2014253982661467,-0.4830228393590983,0.31178037854523166,-0.5715360288814293,-0.6136664282016069,-0.20625090809124852,Other
1.1789545785916484,-0.08795905098117711,-0.6001387081313851,-0.13220025417625036,1.017677405188838,0.9478231174751027,-1.0019546129114243,0.0657813485268317,-0.03255811552344057,-0.055951417166521966,X: codependent edge
-0.8974929708546623,-1.261123731347135,-1.2029156884431265,-1.50842433490801,-0.4442637759494916,-1.615974285044711,-1.101691856400178,0.06102677204416884,1.037323629885995,-0.4848275968631926,X: subjugated edge
-0.9928468078339396,-0.2161722233219656,0.446793194141444,-3.009481138962749,0.8122432976247889,-1.4304897608830198,0.662101388389865,0.14416729669294304,1.2590065320453487,0.977198536713753,X: subjugated edge
-0.19649842039810733,0.10140003340525669,-1.242038870908791,1.5678776491240498,0.42468346046901934,-0.9933117151112429,-1.7648454936952749,0.7713701957511235,0.7628037480970355,0.29764571337900014,Other
0.8271727996212221,0.2294564744446623,0.10049465589213041,0.8911297516355869,0.10095564158597237,0.5007317232364621,-0.0821333849079825,-1.2589109596657737,0.15468206553421607,-1.0397987860038627,Other
-1.3308772526134907,0.4695363670158261,0.7497018687002887,-2.8763280772623276,-0.8922104444590828,-0.7687192129321746,2.007673659844974,-0.2818576240105121,-0.3750986449703822,2.04810354209956,X: codependent edge
-1.6680345998890966,0.9213301978776851,0.12418750230157038,-3.296226641016162,0.08031706489818546,2.4751558282127366,2.01318700755231,-1.1860190382636917,-0.6056152643814391,-0.2948572972257326,X: codependent edge
0.8237209270437923,-0.6921540716928671,-0.6876692075139197,0.870967255350811,0.9583316948204599,-0.9210996392471787,-0.5604208142417553,0.7926395203486494,1.085840294856148,-1.4497192122653346,Other
-0.6029783125670037,-0.6830756072090113,1.6421972702330534,-3.1031160323637414,-0.8354875001503755,0.4598149222296249,1.917166353072101,0.02665314487607251,1.9230471724480713,-0.5635395212279068,X: subjugated edge
-0.3922260129202831,1.4508566797431588,-0.8048133649368763,0.5889564136962959,-1.4189117082488667,2.951110495431917,-1.2504490082319777,-1.892211432247343,-1.57491772863106,-0.6119908284084539,Other
-1.8568104019401659,0.7709815891931486,1.0404896071138443,-2.5513991339965263,0.2694707109313537,-1.017259762306597,1.7801529333106385,-0.6723200944123539,-0.7301134568992481,1.3876771962708154,X: codependent edge
-0.6789793143519821,-0.3907709421333212,0.23126718359607595,-0.9494508675813733,-0.332571445943435,3.547804811554478e-05,-0.4478822732239406,-0.1898458944554528,-0.22066780745657055,1.217492320579909,X: codependent edge
-0.007567296631150636,-0.10721116895223676,0.892733587633622,-2.439559467492579,-1.2364449481160047,0.4435914255533928,0.13865837730407604,-0.9045607303940768,0.029720619788204616,0.14074203244175304,X: codependent edge
0.9303778576228922,-0.10271394667489854,-1.1067793462736604,2.9390125519903902,0.1518518370623949,1.034195987604683,0.016354702909251673,1.135198946908356,-1.6911638622750071,-1.4428470723914002,Other
-0.7712301662346388,0.03157412228138299,-0.07995134602252957,-0.907660594368051,-0.928991935465871,1.6579259488088844,1.3623724057318611,-0.42293997561823354,-0.4140232077868461,-0.8395251725112168,X: codependent edge
1.6573761202324966,0.47268309223861316,-0.5181237020445779,2.55052852293847,-0.3297461568203637,1.6532510635317101,-0.979473701238616,-0.5973593096668344,0.3423819665612723,-2.2647834373615927,Other
-0.6845560241798007,2.534992746099831,0.6125404340667309,0.08666058151376832,-1.110058635025849,3.66068278416626,0.6528450420143971,-2.88426048710057,-2.4280590502555315,0.892398603871978,Other
-0.6830918015851747,0.18975656116265244,0.544041552986136,-0.9633621832172402,0.06345456825560902,0.4493784924844796,0.01194146169845578,-0.4197207310049771,0.054393541062728826,1.356458683932496,X: subjugated edge
1.5373575518978022,0.6625981504252507,-1.7142244881467463,2.9048960166410422,-1.0387404996095775,4.583758471309146,-1.7841484207510658,-1.4452602439142739,1.0506241961512033,-1.8698884077518017,Other
0.21146015236391716,-1.6864767061901427,1.2213612695204692,-2.2437592670716966,1.436151205595625,-4.298786707883457,1.2240243308780032,2.4851337010965135,1.808915114434212,1.2583216262205172,X: subjugated edge
-0.5520247290115766,-0.484899992778835,0.7774683365586219,0.6183967753168816,-0.058293875146638835,-0.8945685203587653,1.0712829151544878,-0.22775656408505623,-1.60564579533178,-0.21537321439216972,Other
-0.15513313118059344,1.2288150027166052,-0.6088164416875606,0.48510156879914845,0.6304679402170565,4.617180628452017,-1.3468856422623787,-2.322585082675939,-1.807991081274389,-0.41376792322131145,Other
1.3530735775420593,0.40231539135661587,-0.8966417107427749,3.0854694652150423,-0.8260525380321432,1.2713809492792663,-1.3398357801539167,-0.6297291575332616,-0.7226735295005542,-1.4087140814387384,Other
1.4662028196256818,-4.389114584864837,-1.051017815248113,1.3607736944927296,3.0027345997314807,-7.650922802334566,-3.007606275630673,4.433523387850137,3.070492838101113,0.03166454272763208,Other
-0.816793179270256,0.6740232023161967,-0.7514480560547402,0.04484323891776565,-1.9091442768637064,1.1563458571766643,0.8775811340575645,-1.803973488931292,-0.9229826396340952,0.41909140749005386,Other
-0.042433810079108215,1.918164394628769,-1.1622868032648888,1.0618941609821888,-1.6090840190486686,4.748185551498651,-1.010959514959905,-1.4790440145827053,-1.9799216811628013,-1.8497719352970783,Other
0.09015682766757308,-1.9959075861197932,-0.5486145243153635,-2.011317366793936,2.2416338951946644,-4.006334722212875,-1.231835206582293,0.4555262401413569,2.9609909024428696,0.5857198641916291,X: subjugated edge
-0.9862401105165975,1.5193876756455122,0.47996483266322215,-2.075056393410601,0.3088725140494237,-0.18571826670269875,1.5691122546350507,0.18163492331552433,-1.8225719650548187,2.354083961768459,X: subjugated edge
-0.05568505264999431,-2.771955630625928,-1.4245628837230409,-1.837264381975908,1.041358322525616,-5.44331727391451,-0.17975613029988297,3.3385862884415918,1.9378041818142269,-0.6034531946805686,X: subjugated edge
0.005322860451700487,0.9379989450534133,0.45506454639484883,0.2553491286870897,0.3447808285319018,2.7697986653813915,0.3750861223495648,-1.0193877833468177,-0.3215953515412394,-0.6294604716644339,Other
1.1402094789367356,-0.008648626012240201,0.3985977292992249,-0.9946406665815473,0.2977963878403593,0.16561519902564736,0.9679928293453877,-0.19759335972490955,0.3849248002367339,0.11306195996263968,X: codependent edge
1.207425028311201,-2.3499712152446164,0.35910860074214923,-0.13875222818572097,1.1432011241150657,-4.300420242125293,-0.26772002370746656,2.6552091308822585,1.995226096934824,0.9925312530303054,X: subjugated edge
-0.32920939835900803,0.4461378272397865,0.07092021162362097,2.0804884117155114,-0.9137873300323862,-0.6641229663789127,-0.20489655344563984,-0.34739567656366543,-2.613708196569979,0.9566841632804224,Other
-0.21395314386081168,1.1508397491520586,-1.2959800095189125,0.030275718429009862,0.48615468928147254,3.0073140775762943,-0.03332324577419571,-1.1197715948660518,-0.5314011638575414,-1.6292798597893596,Other
0.6642923020556356,0.36388700382157313,0.44918631516478136,1.3275845495080187,0.5075576597940099,1.4676786182242867,-0.5106433922649072,-1.2570968713570705,-0.2124004714897871,0.34444544127982335,Other
-0.5851884489270115,0.584827637059613,0.11303782351644683,-3.293514380992187,0.7932653244451096,0.146372583673545,1.439827473700411,1.5036182091070927,0.5923349232207122,0.757860118467956,X: codependent edge
0.5886401517374027,-0.41167611233906165,0.4121641732143013,-0.34606855527396985,1.901181338171737,-2.101278993465572,-0.0452733307337953,1.8813817238832415,1.452468636755904,-1.0704026215883657,X: subjugated edge
-0.08790648736921473,-1.861389755221022,2.18296420467654,-2.10973350572184,1.4389006358643086,-4.494640396109787,1.3332062227316905,2.161187373775468,1.8462913659972746,1.8075236472498535,X: subjugated edge
-0.9693985777386207,0.6918640223370642,-0.5325628839024528,-0.5979007529784635,-1.456331573815243,0.11617645776399987,-0.5943806720986088,-1.0424157880396239,-0.6204215775187709,0.8429386868216494,X: subjugated edge
-0.9568367128796466,1.7497539194462957,-2.645506076006032,-0.9073534204083898,0.3574252373554405,2.7203759449271185,-0.4268364849157653,-0.6854863114023826,0.119413157911757,0.9460068442510032,X: codependent edge
1.447058696031102,1.129580854227459,-1.2558559610056959,2.525182546889257,-1.1147297699886274,5.076309437556627,-1.6926285951748339,-0.7930165726317191,-0.0908947952130994,-2.2195996683187182,Other
-0.1564214791432986,-1.9878758296013461,0.37101556046754885,-1.5942214724755093,0.8861558397217412,-5.400625012240913,-0.48388697984004236,0.32490199195981706,1.7919982430793846,0.5519397122936797,X: subjugated edge
1.640354093898311,-1.5148944072109338,-0.5895845017454986,0.0053208564878248765,0.2736416196991759,-1.6291016633047324,-1.6617047110008414,0.9961555497488344,2.8903793950789636,-2.003936050535145,Other
-0.5136362607149101,-0.8459677417973405,-0.69083602535734,-0.016284529653730617,0.0927391555233163,-1.2403540692577162,0.40116531681343826,0.33508595918025375,0.043733902951822,0.3371296935730929,X: codependent edge
0.2912052011314934,-1.5929754512801433,-1.4421763818199762,-0.5060735437377132,1.0737017255258525,-3.294524632081137,-0.8706454721756193,1.5568213710702548,0.34991791911060544,0.6337053374351942,X: codependent edge
2.3926767230182415,0.044189919556039105,-1.2174937181191945,5.006479350734768,0.11368498591513321,2.7661221721505704,-3.4014544841053436,0.59611126135114,-0.0038302577919363586,-3.1329430572824957,Other
-1.0573867446632792,0.3934158051805228,-0.7183800674713386,0.5093462707339735,0.2692747770607768,1.881278863712979,0.26485640323764953,-1.5164483523010261,-0.4926762230561933,-0.691863623665911,Other
-1.8978144998997766,-1.4302532832423676,1.5366765073418855,-1.5847827043469214,0.2371583293565811,-4.111453535245987,1.7638467114487753,0.16755442146970445,-1.0947279801333687,2.5067358521943506,X: codependent edge
1.2865901312872332,0.7771284592755282,-0.7912240420796376,3.5414923079124603,-0.4111633221116736,1.5166193005059752,-1.1758582751278748,-1.2791786168086192,-1.1830061836552734,-1.085655156650626,Other
-0.8268091053930736,0.601103944020014,-0.6051015371827552,-0.7088082285313342,-1.225925635659976,-0.7766246584053075,0.4119605587333821,-0.886735649212079,-0.46644787357694456,1.3514691995803398,X: subjugated edge
-0.020706364106233777,-0.5481591248437031,-0.9870821707811499,0.1184902970349163,-0.32714961181932545,-1.1638713504734408,-0.7373670003557273,0.8879962283193613,0.20883496371056132,-0.9688575732837007,Other
-0.5859182104515849,-0.17252198598398413,0.46945044333699326,-1.332130378537858,0.0001595560425299708,-1.8640021714004633,0.31269377477282206,1.3529558543779943,-0.5478050422377423,0.5651939736599385,X: subjugated edge
0.2681627809553161,-1.9498011756530316,-0.38799682334044155,-1.0298145015342663,1.9197312685005263,-3.4591229395511647,-0.3253037152313109,2.111464302651749,1.87926683634729,0.29420464230488075,X: subjugated edge
-0.9505362071857422,-0.3322621562870741,0.04737758197289754,-1.5783955607495277,-0.5611622525232707,-1.4646381639089856,1.4564546335170325,0.6195342857985724,0.15223333318628376,0.8107319707968058,X: codependent edge
-0.1799400878833061,0.007384974130325764,0.401983335342295,-0.2440218310709793,-1.623449039448465,0.4333499509249349,0.5248279588476518,-0.20346893965024104,0.11597828126288906,-1.2828791716360524,X: codependent edge
0.4498153265565342,0.16874759522818958,-0.018585787562908906,1.0550589444724754,1.3269819312318807,-2.6505853217969233,0.7215768946473258,0.8768330359358016,-0.2568669062280635,2.1012528192554845,Other
-1.008308886274262,0.37887691202017393,-0.6329328219073375,-1.2666876042649124,0.141583612551107,-0.4797064414125144,1.3213051289788125,-0.23865576324578258,0.5389833628912071,0.6459967391232071,X: codependent edge
-0.7000840296458889,0.24424174323057224,-0.2898983546836368,-1.068771170188345,-0.11094813683920633,0.6305775410117526,1.5171206347836441,-0.5327569228309499,-1.119088102272077,-0.771269409841303,X: codependent edge
-0.3473828335985318,-0.26434369726567053,-0.15886409668142631,-0.7038064725898207,-0.22408718686176207,-0.9294923905417003,1.2155190205445487,-0.7016309590904997,-0.32327313415556835,0.44520952149382353,X: codependent edge
-1.4288154342262782,0.2861949425543167,2.4317090247502287,-6.058758854486448,-0.7288473671464062,0.312661159419965,3.3380927743628535,-1.3913221717229125,1.0394632985563765,2.023016026595723,X: codependent edge
-0.4225609827987464,1.002031993310248,-0.821725181472337,2.762811587368143,1.4735190317673226,1.7781634358400993,-0.9177127024169174,0.17187093693611316,-1.0795611885790712,0.8729821227721535,Other
0.11879653990290184,-0.09549807330964437,-1.159901978637086,0.3373496991212563,-0.684700680832307,-1.2793285850011702,-0.1254835868810139,-0.27730863410374035,-0.7032886723346079,0.36288482137204203,Other
-0.39954894158842846,0.31759489083167675,0.15302318529376507,0.6202539009979235,-1.6585926291064406,2.03053636913289,1.282262554221438,-1.2961933846017952,-1.769158869277693,0.12384590403356349,Other
-0.27137649293172456,-0.18617106266411843,-0.0113640927134111,-1.095005861099887,0.4952258752670009,0.8211492800851776,1.2476890193702224,0.8610864105908458,-0.4335974725033433,-1.290782242749011,X: codependent edge
-0.019901670906585355,-0.6467589164795713,0.7997811421604701,-0.9213091969502225,1.1315530146185528,-1.5622328306754754,-0.20321134260831386,0.8439011686214465,0.8774678844217412,0.6450290057707484,X: subjugated edge
-0.655743462432314,0.5228796669176042,-0.022123757092627205,-1.7433671621085405,-0.039449143337189546,3.313255595784465,0.9748872998311318,-1.0947962300288598,0.24885442241890748,-0.9764575227270462,X: codependent edge
0.6910625658668772,-0.5552259441702052,-0.2216523426905873,-0.1154021304481927,-0.35244562626560694,-1.2412338702817591,-0.5616381798981078,0.057945374535493144,0.23932076234007973,0.5172715420870971,X: codependent edge
1.4359781248017758,0.38614690099219057,0.21351252361950573,-0.09042942031458212,-0.9538939277419677,1.9457789309766493,0.4043922167831544,-0.10339005782203337,-0.8131500358050803,-1.4921762947230681,X: subjugated edge
-0.46438039219544847,0.02825537151004551,2.142704480290225,1.1391280012933356,-0.3485440390486674,-0.3722725663459023,0.2720335919813497,-0.9456712853363732,-1.1792870063981065,1.4843748834712946,Other
0.4851982314777071,-0.3039346765201432,1.3561977156311094,1.2106194401233674,1.7294299130641866,-0.6488513358409065,-0.33057688764143023,1.163152081422149,0.09832562675269607,-0.46626302583845947,Other
-0.23961715543464693,-0.3281428321466607,-0.06696981183479012,0.30737123832770885,0.01925552955588586,0.08345777429848839,-1.2083989174714291,0.213202804114731,-1.0950609291507134,-0.2825701053226578,Other
0.3654873450385047,-0.5081209924156869,-0.2279361556730172,0.6161244739774077,-1.307001910068343,0.5250859083728867,-0.26822456355692464,-0.7776675337460799,0.5642537532015519,-0.9867719650820124,Other
1.5657795312032543,-1.6458011720890138,-1.342031278625965,1.5000614780563062,0.06882444642755003,-1.6444771936603042,-0.08036852183188636,1.0453077396795394,1.7755803146362543,-0.8116967809533085,Other
0.5086595430180988,0.38289509516169207,-0.14858323545361568,0.4983002148509347,-0.10963390815955165,1.3415226646600735,-0.48161332711767024,-1.5152688366270586,-0.3161524437347799,-0.9033486072094808,Other
-1.7734145388096807,0.2315468252783205,-0.4953819597300835,-2.4737461759998682,-0.8584336868160727,-1.1826895079949673,1.1829140141219137,-0.47772513240797354,-0.03280220617381757,1.6573571372697438,X: codependent edge
0.4539956314469589,0.8496702524484937,0.7019158990558696,1.3564389450324064,-1.10002068999728,2.0541652282818137,0.3880445089573257,-2.155811737383166,-0.13749418374556022,-0.5904341956426391,Other
1.2328637433090093,-0.5314569023067949,-0.21116986859118414,0.6947741359466428,-0.6735860659969655,-0.7445401610486192,-1.106892112103258,0.899806859948554,0.22939872123048588,-1.061417908357763,Other
-0.2215961699981027,1.8953836254766674,0.24296870764415174,-0.16364924217909782,0.46379228286738633,3.813170585007545,0.5500525602965056,-1.281810509092818,0.09170740969394364,0.24715832175736835,X: codependent edge
0.9956348061178324,-0.3797359478496331,-1.0204196391716072,2.3524525418863433,0.7518196222265505,-0.42171946377748765,-0.911756190219737,0.19426054846221685,-0.397849539035217,-0.8225401507003229,Other
-0.690115541151946,-0.8751096421946959,0.2867999084411509,0.4840367024602177,0.7054516815516093,-1.3453139835964716,0.01247912559233233,1.844204984386586,0.484087078049436,-0.25095861008903975,Other
-1.4855391595222738,-0.9936849198426648,-0.4222699806673538,-2.2556909452261333,1.2228564813255693,-2.2961280464318947,0.8535978446791449,0.521662473309929,0.6151712994549345,1.4371559613954257,X: codependent edge
0.14116901883264016,-1.7339224032296623,-0.47581905129199936,-1.697636897566942,0.9534002880322522,-2.881872106004298,0.23645435766180484,1.1687097526602563,1.9632220284340383,-0.46514390268014016,X: subjugated edge
-1.7564767207463141,1.5326278923931278,-0.24710449340822416,-1.680295503136613,-1.3177935214137146,3.7360503953198263,1.9025926059483562,-3.1144130004547517,-2.610566316406813,1.5298941471723193,X: subjugated edge
-0.23977101289359176,1.371067390768662,0.16345974516752315,0.7806768147315533,-0.8192345615474017,2.4707222643627156,1.2272613871412856,-0.41482636752324453,0.09381424358351786,0.19109505267524546,Other
1.286842262645503,0.600745162884758,1.0384493194375375,1.2228234909513584,0.6708858177615832,0.0802401756018918,-0.24625245315013988,1.2559890182740419,0.28828961287417687,-0.026426859527152846,Other
-1.9097629057462808,-0.8960888077757798,1.3277355545391831,-4.926709366404157,1.689229917080132,-2.193517510332975,2.2966424622856736,0.1770245848738503,2.576977001903572,1.2900260693137104,X: subjugated edge
-1.2794967959138979,1.8112676815591198,1.4018950444930651,-1.740403113033587,-1.9497924739585502,3.5079080562307094,2.1531140158682716,-2.847686704913187,-1.7967472665780035,0.5810830542987374,X: subjugated edge
-1.0320322451615775,-0.35171916152165594,0.822483687222844,-0.5038060220693023,-0.14107624733078405,-2.851475612132872,0.6980641829429821,0.25266524597342793,-0.2814768233463517,1.2803955647949599,X: codependent edge
-0.06331985971095996,-0.26902583122665236,0.9313531350004537,0.27100393531510747,0.7604473139410879,-1.095830447600173,-0.010235483458447492,0.15720006193698932,0.9615411607764689,-0.09910991111710604,Other
-0.36571678564620924,1.437259080436076,1.5754837887385669,-1.1288784789077129,0.9656517579914976,1.2143951337728118,0.889656900926213,-0.6668872738380566,0.23145744134113266,1.9503295295757994,X: codependent edge
1.3991363816960873,0.6589105844808723,-0.8744200419092296,3.107736600282488,1.5213859387041495,0.12275172635947529,-2.3991045797967967,0.10224227777348226,-0.5791338127021337,-1.1142564637952697,Other
0.9543483290916974,2.2011031387545934,-0.8239741780677552,3.6896464229579213,-1.2591937351425158,4.554580861671238,-0.7813740481743312,-1.9118006397463487,-3.506432192179346,-2.0351052534555363,Other
0.49527294606859795,0.24872226031901956,0.7363646212996219,-0.42731396958679735,1.337957296381203,0.5445295781466872,0.7467208971595792,-0.3051850323331835,-1.3126078634031355,-0.598664088959451,X: subjugated edge
0.14563031434388482,-0.3970307995787248,-0.1509221614482945,0.30737150863140383,0.0919767711684917,2.5435307646456535,-0.7096704420384119,0.4836573843930477,0.5078402380466521,-0.9893452117440658,Other
0.3932297769848273,-0.6118048834597958,0.4014096494782384,-1.0527919872272375,1.4536251657923174,-0.8538949132163951,0.21207390194054007,0.27588942001949157,2.1429217036781205,0.7768045031277295,X: subjugated edge
-0.861982355313375,-1.846996177190627,-0.30864218157986123,-2.0907216156624453,0.917516393066527,-2.9278611847629668,0.035749496567598626,1.4892360727492273,0.3700895669445545,1.1252053804095676,X: subjugated edge
0.8572103535566122,-0.27859577280620446,-1.2129459412553572,0.8190429090949378,-1.3829633237374104,0.551965493743359,-1.9511650652285646,-1.7159501617096975,-0.46531313653965,-0.9729573137912131,Other
-1.112044254359201,1.1445933388273806,1.4118284643028116,-2.071830621497651,-0.28816679863816386,1.4918762054638959,3.011026782525416,-1.2915312070963858,-1.1266178292263962,1.3929399525145814,X: codependent edge
0.8353769939022309,0.5988341726560692,-1.2245694745178217,1.3983616833613763,0.6479445621591575,0.1767181185940374,-1.9292638609726247,-0.587103763701412,1.4375934135624246,-0.9848934148467795,Other
1.186142502118831,0.020308006560405812,0.5199791437127153,1.3227174520177007,0.32745583002919426,-0.8155029608912949,-1.6151057504842852,0.8398086361468293,2.0049279348687943,0.11634285981858428,Other
0.2108646020880872,-0.9949344438163292,0.19566487355296008,-1.3747975141941922,-0.03726846646200435,-1.4200265094106292,0.09093728932425123,0.6849849687146439,0.9963116335822216,0.36349436710874394,X: subjugated edge
-0.17621305896197587,0.22687301801273724,-1.4199195532501137,0.20022161828081506,-1.554752702263681,-0.7628543671910615,-0.3054128958954947,-0.7779160547003466,0.1494070394958773,0.28354197093945754,Other
0.4003099083096733,1.0128137051953732,-0.9094570003309216,0.3633951300152943,0.16340484032193225,2.49372013111378,-0.20906397548871425,-0.7029171221245468,0.13036168888863775,-0.6961076236531788,Other
-2.861518370100673,0.4307192564699845,0.6057966788187372,-4.037697517562589,0.19423659896821882,0.9212888174545549,3.9196683231763667,-1.8324646061212013,-1.3099698712053485,1.5049001102139532,X: codependent edge
0.30225821848546125,0.16673516963335916,0.2344007186179783,-0.2458364140585021,-0.9819190381064613,0.4943004060920766,-0.7040607018819784,-2.0646246395016776,0.190790991426864,0.43915599584041787,X: codependent edge
-0.11335399783980703,-0.796957653281206,-0.42833040098761255,1.4677501461290823,-0.1540532788870946,-2.7913578812375657,-0.5415608105449957,0.28938603942610863,-0.39485900963842196,1.2638202747066607,Other
-0.05062811305699102,0.8671818141120127,-0.4485596105813621,1.3376362230151533,-0.5657139877127221,0.23616588912589265,1.042723383011273,-0.6960376639243803,-0.8791878301167488,0.8384492634060567,Other
0.7065325128978275,-3.131904818744181,-1.6535150579705662,-0.8975832241963685,0.4540978408463855,-5.806929615462432,-0.5696383366307872,2.377123747898925,3.140743972758295,0.3891092475233726,X: subjugated edge
-0.07476892156472781,0.382845708865145,2.3476016444892562,-0.5906865090739619,0.21268712301419154,0.031743483214868806,1.7125584345150104,-0.8394693074925603,-0.11625024692225958,0.8906073639067368,X: codependent edge
-1.140206856651158,2.5703219809445987,0.4861845332364322,-0.05789278701428724,-2.3604595859735866,5.371402906011436,0.6315366608142736,-3.1701831389208404,-1.4417251885047486,0.062497388301991696,X: subjugated edge
-0.14140267082537805,-1.508373387331847,0.25723425324376936,-3.4519714486942785,1.4585316836427933,-2.8087478910757224,1.0662235823879187,1.5423051476048464,2.5223761325488194,-0.5799270736541777,X: subjugated edge
0.06755548408082447,-0.241369454701366,-0.12160397268551432,0.21249868870716365,0.4595743133900333,-0.15901614971228795,0.496998714366677,0.9720879687133195,-1.1986312014569176,1.0922421122284771,Other
0.11493391158101274,-0.00791099012472641,-0.7661350464136328,1.9920444307351275,-1.1028565833257145,2.717985772587537,-0.28880825348237016,0.05191276649632737,-2.176757759865177,-1.8871995500414733,Other
0.16191936728506806,-0.4625828140565771,1.984447185159349,1.259445286349207,-1.5135115292111072,-1.1919760107748003,0.3328658501827868,-0.7492039733352932,0.8344039569798921,1.7691297666345007,Other
1.0393690449185533,1.0363742425589795,-1.582437490641349,0.5614709894424228,0.9225887560185201,2.478921938160924,-1.4116019886861881,-0.39955893209780824,0.6251796336134903,-1.8198105954987325,Other
-1.0860345530341475,0.472451014355301,0.6333455024427024,-1.174377490205288,0.3254033655053309,-1.660538204249633,2.3358965572372803,-0.0007572816447702635,0.00863327417825474,2.5308075833076558,X: codependent edge
0.17570045616484992,0.1523003725473193,-1.5295992038556254,0.849598986616045,-0.3125480106990869,0.8836395477966925,-1.6405707983114293,0.06361141235543194,0.14062396903107782,-0.6330965805927241,Other
1.289929698618241,0.7972725611692801,-0.12604744576520505,2.0698301238235555,1.124734334654299,0.9913988516575407,-1.6240179256056255,1.1476245978103066,0.5782836790066008,-0.2620833389135171,Other
-1.7346114969371953,0.0167507090717422,0.17801197286248027,-2.261520503515688,0.8391791351344746,-2.594875167213989,0.9102121841880135,0.3439568555004949,0.9841133542927883,3.208190503394227,X: subjugated edge
0.17964668078005355,3.179864488823514,-0.995694323910152,4.380600629360357,-1.0424171662734998,5.195872159363694,-0.8909133233519173,-1.9774274882858216,-2.6381934528205835,-0.6961042705773857,Other
-0.5853785019730434,0.15134693365674112,0.5146753610126474,-1.2156182706881915,0.01061390362270001,0.8769866811126499,0.6588352740447037,-0.978796251845043,0.7172813642485398,0.24000556494738617,X: subjugated edge
-0.37071038447310495,0.19528209848970435,-1.8476525754408248,0.8345286756700079,-0.21749552809062161,1.3364275705945705,0.165517400557887,-0.7225899299210908,-0.4866841983196319,-0.9039473419376796,Other
-0.904807503214422,-1.7104680495732754,0.4319668838359389,-3.8343222888426425,1.3399140050118497,-2.715503923509077,1.219051310950086,0.28394402667676744,1.720796869433039,-0.1338008365790111,X: subjugated edge
-0.16955071570044408,-0.5434503273034238,-0.21114045674119308,-1.346151447106189,1.1839475550147756,-0.9937521749902329,0.07778061911936776,1.0538440502415185,0.8784460664391105,-0.23348484486703908,X: subjugated edge
1.8412556144269043,1.1473776817998096,-1.7066710562580174,3.2685872084519123,-0.3958964110119988,2.719956339351073,-1.941198579826027,-0.5530436801611319,-1.595087650303649,-2.1804321992597075,Other
-1.2644303611772136,-1.3354568503598725,1.3819194972973567,-3.6199867464994155,1.3755486503085252,-2.3046577553589684,2.0381797649391054,-0.2959493019010835,0.6491723545488313,0.17373716444200338,X: codependent edge
-1.1696100024788274,-2.157557174301955,0.09897669304418288,-3.343659400011192,1.2672274241945451,-4.410446604292861,-0.3395324459431931,2.3296349973071417,3.681572935818907,0.6110305675732179,X: subjugated edge
-1.3019345701635046,0.03231547118757482,0.2471039728461628,-1.9955151908077882,0.30556538770755876,-1.7002372224303022,1.8913358592193523,0.5664255815016039,-0.6874383298177658,1.3027072464771086,X: codependent edge
1.727418286628101,1.370744507474978,-1.02578748241744,5.078742753068289,1.6467776768390272,2.520305405000806,-2.3769777892237256,0.12341977122515846,-0.08248525014982111,-2.192077721822777,Other
-0.46233970552128695,0.042381228696125636,0.04968040034311476,0.6426567401797365,1.3471357595186861,1.0473382074109179,0.03647818091225086,-0.32247066976467087,0.8694222291997403,0.17734259467415364,Other
-0.025639060347674214,-0.3361246026263436,1.0474819205797323,-0.9947581781612719,1.4710472386271074,-2.6632952143383717,0.7459226507993251,1.4939046891711418,0.6137113157056409,1.5264387687803354,X: subjugated edge
-0.4027829411062397,-1.85848793774098,1.9890798443228335,-2.9285772148711793,-0.2814584498017901,-1.1212398130400802,1.1406187647720165,1.2741880239339785,1.6943460696497823,-0.34806860498914993,X: subjugated edge
-0.9444228784030915,0.45225412270219334,1.19554216838178,-1.419411711550972,1.9362670216822178,-1.2372998418267827,1.6115089653941241,0.9754077819177398,0.5665507029100196,2.614454687322661,X: codependent edge
-0.2351506466144354,0.6612751088830449,1.4428358589879284,1.1217116277915689,0.1344078676358417,0.37044220171658815,0.9320100603476986,-0.5298662093614259,-1.1292202763829955,0.012778640970410593,Other
2.45824360573656,-1.7817324991011003,0.4357526022665237,3.3092027262409727,0.2674133769137047,-1.2342545010811379,-1.8645932485787005,1.7424134192285887,1.694644837507622,-1.296364077035153,Other
1.392070920974255,1.1345324486972188,-0.1137738093854555,3.6219944719544657,-2.0705369107412346,1.1922834493025047,0.05131722207806533,-0.9507140963258862,-1.8216076242082608,0.14831044939314308,Other
-0.8529378177922723,0.7656955258921091,1.7596551890105054,-2.36718125790775,0.1357674770216322,1.3992414925291705,1.962597347406533,-0.6661928203361589,1.0225969571112201,2.4289953204992045,X: codependent edge
0.6475741030616857,1.1323159425473455,0.4492586362797939,0.48687672569728246,-1.3147928344592734,2.2150255945300574,-0.056926197118642385,-1.2278151257446506,-0.7656867273590349,0.11320202196533558,Other
-0.8315227726663764,0.5835250918333419,-0.03310702616111176,-2.0107092935842,-0.30374727988590694,1.0599093901313092,1.128133798371807,0.3629964266189286,-1.0655459908299094,-0.059771995723915006,X: subjugated edge
-1.7763676388462208,0.6536827088113185,0.5388013276800766,-2.4123288008636754,-1.596836536535848,1.109156668089159,1.0457392070600784,-1.308761096656939,-0.612998600831764,0.6508897816991777,X: codependent edge
1.0195109176646295,0.5207208987017389,-2.1334704607571053,1.6976253768822709,1.1173553268681404,2.54664054840192,-0.09361608922665621,-0.7317779009990273,-0.7893882591688655,-1.7913817904803089,Other
1.1600928466435507,0.8684723215011957,-0.7833900065908057,3.1589846378732074,-0.4607863257249891,0.6410598557978041,-2.038323038760879,-0.35167574458514617,-0.4836306886987207,0.6167907096492365,Other
1.0460522510478993,-1.8187577691239185,-1.266454691748724,0.5673563274313067,2.986305047077904,-4.218028992805818,-1.2695673058527992,3.784063805985026,1.8862409428373843,-1.3855440508760761,Other
-0.46986524921957273,-1.5010594336215146,-1.1094727471075247,-2.0626418094872223,-0.2366464304660395,-2.836214662576614,-0.3616835082470118,1.9858913161195888,0.20185420957973355,0.24765388861801074,X: codependent edge
-0.16677573400198623,-0.7360079001897717,0.21355478591539317,-2.2614731463858107,1.565641516411456,-0.48341634747173934,-0.022129327406869626,1.7927854322741394,0.23457240469035712,-0.7147229803556265,X: subjugated edge
0.7497655536581233,-0.12982017167255325,-1.850028726836229,1.4943591868634634,-2.127512471528349,1.6237941763857335,-1.7355296595559653,-2.6181336715021555,1.5158234895672766,-2.0252485403014426,Other
0.3914960373481072,0.3881369233081794,-0.6765525267731757,0.7657696174362169,-0.49246599324817986,2.720373763828448,-1.1768531658078856,-0.9895869346900491,-0.3223453586783358,-0.43500479186489305,Other
-0.3936374712970443,0.32468165322885006,0.2547576003566652,-0.875210323034501,-0.6512030866254411,1.443745924256801,1.301125677239372,-0.9750029946471881,-0.7733822905212024,0.05625894486174399,X: codependent edge
-1.6190718201181646,1.1171058114560313,1.2986356126399856,-2.109116613460177,-0.19538177406835128,0.6341935370603815,0.895162794839454,-0.8920998630516922,-1.2989141194474967,1.228037557265491,X: subjugated edge
0.11387519414201226,1.148495298580351,-1.0127129412283669,-0.32575557262970994,-1.045348737018504,2.2069176022590526,0.19654570485359057,-0.0655797797630866,-0.6596353777155826,-1.635042103815334,X: subjugated edge
1.0790096392361133,-0.8723851082937929,0.6388875705920174,0.5514080289249553,-0.21951305043016411,1.1279667786155585,-0.035354521619940515,-0.25489826664112614,-0.04152522410835491,-0.5721541763526495,Other
-1.1975882890341571,0.23857611005047125,0.20293449592086185,0.06547104227175449,-1.2946081534156795,-0.8723424939022928,0.7038433911804962,0.9201458148724136,-1.473882189417196,2.1561923782869155,Other
0.638759381675977,-0.8478315477218382,0.16750602790088917,0.23233164562741673,-0.06316426084711235,0.5528864212849922,-0.004236360856192833,0.32070377095449654,0.5045889903964618,-1.0900240894755289,Other
0.33154169513369264,-0.18824703835356665,-0.7777182393505571,1.2090645674794689,0.5198056269187712,-0.5710229975178197,-0.7170537423304513,-0.20007817422646168,0.24432853722681583,0.314002352948328,Other
0.7501482632323336,0.32179136904849476,-0.5153211672316198,2.752738193046496,0.7753223721414284,3.0052343340324845,-1.6202604765604929,0.7414550749111131,-0.3310474097315579,-3.586901600670959,Other
0.8719754997190072,-3.4087120764716907,0.4256532002727007,0.797505937205194,1.2422413782877386,-5.256516255403965,-1.2802629256697198,3.8087708777013445,1.8307368256692125,-1.1210815308425008,Other
-0.694465241925353,2.4112440396396844,1.4824994587927631,0.14164058988234396,0.5624093943078321,3.953584436483304,1.6795548252530264,-1.067888619023438,-1.7309116681564152,-0.7276798115003964,Other
-1.616959400164946,0.5664086773974751,-0.09843732775227709,-2.060088854463385,-1.441367715576925,0.26353881342846264,1.621100495398952,-1.6505135801622264,-1.1997677146494663,2.072265575716403,X: codependent edge
-0.5335195256828793,-0.595703275413406,0.04218486099684182,0.2875924464238845,0.1596496405387141,-1.012393478108716,0.600631392450153,0.8951408906067803,-0.08200752819263724,1.1064042162110301,Other
0.8891273175270074,1.927369755230228,-1.3520135830037194,3.484647272585735,-0.27066053437963977,6.441119736305609,-1.5688890050023092,-2.342492864819002,-1.0989634432106474,-1.8627201109049973,Other
-0.542003903525971,-0.3474311704861944,0.043202591833425785,-1.6283097868245369,0.824765258213908,-1.1070210721376703,0.2831204437462538,0.03378334607574829,2.365553623808299,0.6111488933641392,X: subjugated edge
-0.6940433238576419,0.13251938582805775,-0.8662562684490012,-2.235275405057053,-0.6983446546987476,-1.5983559117153248,-0.11344769578183894,-0.4847972570636728,0.8363593975888984,1.212704294870107,X: subjugated edge
-1.8213503419246384,-0.48711581039762725,0.6471985087942083,-3.8369636276150465,1.091624472647974,-1.0346936162597962,0.347043984018222,0.24159517056398228,2.2947441674480866,2.531650211020162,X: subjugated edge
1.752647554550939,1.6519918374433393,-0.03675743204437765,2.543687188446971,-0.991277774171744,5.094680298557904,-1.2850865726409648,-0.895507690550815,-1.8537156392686285,-1.4951702018986588,Other
0.8257136414253099,-0.10498470630588037,-1.1041461409637519,1.8093173923039247,-0.7718658122115813,2.5371823779475617,-0.724309848595545,-0.7022267346979996,1.2601653172858602,-2.7454854619316515,Other
0.7698959812747644,0.14948410073950924,-0.3469711557779472,0.6339010965825508,0.3610939390936793,2.8212505180608867,-0.6828524069724953,-0.11496296667330061,0.2043479601612148,-1.368282706055461,Other
0.9677253867794737,1.2037821530254462,-0.6555851764713586,0.6804924200163339,-0.5455374376366954,2.9163758331155587,0.3060545095176852,-1.8084771729611098,-0.10771066279575048,-0.17447414866245936,Other
0.5767083615434017,0.5851394574610765,0.9756702186418955,-0.027633518009439584,-0.3686070715620955,-1.3734729317683045,-0.7469012813911835,0.1734795832674988,-0.10187440447739687,1.7019006783689812,X: codependent edge
-0.24432885517952907,-0.054348065134071935,-0.49373218333850666,0.24345764727996874,-0.5137106450306977,-0.8445123356671389,-0.5347606287879715,-0.6900039721755297,-0.4105640849506879,-0.03548215047060734,Other
-0.16376410412220166,1.110390972357463,-0.8693446191901688,0.08822987444304267,-1.735692484290521,1.0841185386581225,-0.1686177537811721,-0.7573465201402667,-0.6308889015043694,-0.6701552359332552,Other
-0.4275643645921248,2.538483229427952,-1.0607018739256289,2.318426420353858,-1.7160865819341837,2.8088722339883474,0.026182537821884344,-1.874693694979658,-1.7526491031327198,1.9991635392663494,Other
2.634740754415,0.3174104487994213,-2.3941074156656885,7.659892863298148,0.31884930353079866,1.6732678955797713,-4.479310371630514,-0.4290313632196432,-1.6136205251613454,-2.085940958599423,Other
0.5559120312994426,0.11676008787256639,0.43599447835964733,0.15844670447538522,0.3477583093690692,0.4667385330954682,0.23128699169396139,0.09117202950741757,-0.07707216075260634,-1.2741472818477722,Other
-0.46380044135143456,0.17062708361908155,-0.2893290334846372,-2.8307816195913027,0.4182704783173325,0.19981450326375166,0.40388989561218824,-0.29503032989747513,0.7561170977343343,0.11360009976292228,X: subjugated edge
0.4654967741662798,1.3104295008315177,-0.02856040067561056,0.01684834311347938,0.06778302116524582,2.331718402838165,-1.951519468803553,-0.5430282696565447,-0.5956358979761079,0.5387974762695162,Other
-1.0108689178563175,-0.5991977350329224,1.4771971503820367,-3.41677562169536,-0.27074202229828526,-2.069529736529471,1.335358454400463,0.18171090774378787,0.7073062464300407,1.0404058850462585,X: codependent edge
1.504506718589227,-0.278317559711661,0.5867640015213517,2.089799604054091,-1.323286201678635,-0.5181473762865512,-1.4707423797113128,-0.6998511188012138,-0.8547896997642175,-0.1266936688054865,Other
-0.6610690958071401,-1.5374429491266413,-1.0396914561377408,-1.1674252577722708,-0.12148765581455867,-2.105361054948453,-0.312051781641971,1.1330471391584647,1.180670635631928,-1.2464687865134552,X: subjugated edge
0.5010854326224657,-1.1838678626399737,0.42158335531234814,0.6919683873784663,-0.10989290290992204,0.5333100878178455,-1.1896771530846897,-0.3482127319738926,0.6546550203307084,-1.4182785457554967,Other
1.0659776297431345,-0.5178000026979704,-0.9738882333190142,2.00460553064581,-1.2476613885670491,0.5430006876419675,-0.9255914182957282,-0.22998380643550298,-0.21066366422907554,-1.609679566850867,Other
0.3847685442049928,-0.05593699406042271,-0.6216817226939768,-0.5678570467178158,0.7587845028037268,0.17668551308294966,0.7529991020616353,0.8706147494115292,-0.3133735668479765,-0.6764684513149067,X: codependent edge
0.09446999181963821,1.7690833257701195,0.36980930355043123,0.2842909249948793,0.3301636995162586,3.9667836133664744,0.2943293733606773,-1.0746980443493963,-0.27322205043201286,0.33339379412329073,Other
0.010802084856015158,0.5359928049252244,-0.9914237574914362,-0.5421405415567,2.172282934657157,2.354077191411185,-2.0737803308358926,1.2892751411954517,0.5969378526145808,0.2367977257013565,X: codependent edge
-0.056441096887107134,-0.9120785101897938,1.7562892281208073,-1.320599039837203,0.16335333590328072,-2.6866154939807716,1.0468580033192927,0.4745943179032399,0.849722641092793,2.6597702220813617,X: subjugated edge
-0.5766984889275022,-0.7279804853641153,0.2408254284120596,-1.9972221459600032,1.2139027048085054,-0.7075599234494833,0.39491621533177707,0.7477735469422235,2.5805250900470673,-0.18067162783652246,X: subjugated edge
-0.44948342976970423,1.3747486832306544,-0.6803935327373499,-0.27150578231969935,0.7691204356347955,1.6151732646325687,-0.7948239184701066,-1.522946569369457,-0.2601212193196432,-0.1788444797107485,X: codependent edge
1.479590373650935,1.1266103486291923,-1.473543902334012,3.0967064465796685,-1.0498263993628412,4.037353210350839,-1.5075696627452362,-1.6216883188467173,-0.02682246192094273,-2.0078538701277884,Other
-0.10853663268515668,0.028149910224203063,-0.9651202983058201,-2.4090625130122367,0.8372360032904278,-1.404496600160076,0.3069218863717653,1.8300632375358175,0.4648662627683293,0.6984928142439952,X: subjugated edge
-0.7857962693827731,-0.44252646553883224,0.30442547280660565,-3.264782778536799,1.5057679655920715,-1.5151831660941184,0.22496855338019917,1.2161479575603957,0.4391834574679247,1.565953050875734,X: subjugated edge
-0.5162975968615086,1.1249328357046429,-0.1270710648454889,1.3593748745066203,-0.34126546485206816,1.9016601069914911,-0.9027583896432569,-1.4364212478105782,-1.7338527060613433,-0.08303507281084488,Other
1.100370680697223,-0.9933271267246865,-1.462890820380612,3.3091067151978146,0.28031423063980554,-1.5463482515111098,-2.9923330593513446,0.11653029528112768,0.9349385103611022,0.6017757688055667,Other
0.6756066331644784,0.39203039805752304,0.8275691738979651,2.797695986841652,-0.266612850417746,2.477246629952181,-0.6335626668082661,-1.6128966255555697,-2.598769721125745,-0.7934377064804518,Other
0.5603291782322569,2.2726589908933312,1.2434750183263548,4.004463544903712,-2.4471507682089,5.816209933353422,0.02268927262780976,-3.4285072659194924,-1.9797765600358233,0.8842587412285229,Other
-0.25752119890979147,0.20535568225145748,0.40560407685253635,-1.7775655616763295,0.32675445899911254,0.28696945878082736,-0.011341438962124417,0.5624178762649883,0.23263377828192033,1.5254141791975115,X: subjugated edge
0.5733624701729451,-0.7756094792616043,-0.32689785599363264,0.5221939764318569,-0.19834675160753995,1.2149242401390494,-1.08958745732363,0.17217724129133805,0.25970969316776493,-1.628097787064026,Other
-0.643561124950648,0.4103687026715378,0.49283402793685893,-0.8148338971136081,-1.1598246536172343,1.2789410883912142,1.1303708016306886,-1.5483264322383374,-0.6931984596082432,1.0571523871197475,X: codependent edge
-0.25961403134577454,-0.4700087190153476,0.29855580621537003,0.09508513215403769,0.7477499676431745,0.43580560948191305,0.6761801709156907,0.0528561866752586,-0.5336634326973005,-2.0579732728277125,Other
0.9698044873917454,-1.3941158437534145,-1.0205916470964982,-0.0952388325752489,-0.5069826020971172,-1.641086458240211,-1.036924554667089,1.3045553118263071,1.931843594870701,-0.2359699086450605,X: subjugated edge
0.8742776789190644,0.7010360268721068,-0.9165349360764927,0.8291758324171382,0.3840438383276394,1.654625571253381,-0.45578314216564053,-0.4139045994428633,-0.6271235786616742,-1.7796059197196468,Other
-0.9819098459508032,1.1178344005497223,-0.01104246841206069,0.30369490564461943,-0.08292293097997538,1.16995347377166,0.23923275908118635,-1.3460944300108628,-1.5777480740941743,1.1172778312414136,Other
-0.8555264529085758,-0.31090667207257267,0.8418869951689694,-1.5458242737281593,0.10014723662851271,0.1707943036466324,0.1995745612135421,0.046954983371331555,0.6950954132841924,1.4503986607163109,X: subjugated edge
0.10870215281340967,-0.37723567409627334,0.45664441852541454,-0.38318483364492373,0.5649727328310153,-1.9056465404883767,-0.26778688194414946,2.1915768295067326,0.5088376996336659,1.0184546338517517,X: subjugated edge
1.7261323746695099,-0.9615653911218296,-0.644530624062849,3.6855698869407605,-0.8943383090560347,-1.2849729567842998,-2.028115140591743,1.2334391099203896,0.05213144466392644,-0.5586621831965107,Other
-1.9155651644689942,-0.1499356004675666,-0.7026936557957182,-2.208165211169887,0.6132275954556853,-1.4439839405127013,-0.4180053637915975,1.4898731155581189,-0.11300194175770062,1.0818200037499992,X: codependent edge
0.27833293957050426,-0.5623683829231909,0.5706664784855123,0.07191040810434265,0.4587364637796916,-0.17699186602536665,-0.3611262690196257,-0.6858702633290313,0.4983674992038667,-0.33312150165815657,Other
-1.3760433315731482,-1.0110326867032555,0.6268488742993059,-4.469208064900783,0.7187641085887206,-4.450119156788238,2.1427524085012175,0.9683916555146602,2.016744053888793,1.019251897310132,X: subjugated edge
-0.6343309935255456,1.892168830399606,2.2390263836834934,-2.014908291505157,-0.38844442799578005,2.275102504700425,2.0839501907651283,-2.077518439760968,-0.9473286192449161,0.13542177347208528,X: codependent edge
-0.3644284180642414,0.4664928167495073,0.34899051604816633,-1.4733545953152718,-0.15839580329466008,1.0327790944282602,0.824254938486916,-0.013267577169343014,-0.3799861103069436,0.16164086949881434,X: codependent edge
-0.4205083434368909,0.5723951080293523,0.5455805062178409,-1.3210134678313772,-1.3680749563211048,-0.10839484585295667,0.6596060178034311,-0.2500749025273614,-0.05791051275235637,0.1899132740530441,X: codependent edge
-0.5337959396592085,0.8833995689324271,2.747094513735586,-1.8891747669905288,0.6599604165270234,0.7230566042758825,2.7232133805319436,-0.12074782957213007,-0.35281948738896496,0.5011099951384913,X: codependent edge
0.007207060376370152,0.7710362167598054,0.6769290077881605,-1.4647917455631108,0.8300215695468027,1.228746540339257,-0.49591316292857635,-0.8591199882683871,0.08915236443021485,-1.2816201222862722,X: codependent edge
-0.5352555666305784,-0.4131099527967148,-0.0014970354479543896,0.1736651020699964,-0.44181702468548667,-0.43501034363353763,-0.3228523324507956,-0.3847452000088595,0.2644349341008883,-0.7379286922881217,Other
-1.4624573848541527,0.2725526229714672,-0.3528898496984666,-3.0656393631982253,0.22648392736115425,1.420248233302378,1.7812640615427042,0.36293144968355995,0.3920993285886615,-1.8328644726784291,X: codependent edge
0.7798696125227764,-0.2690304842606603,0.659475295755839,0.13786569287266437,0.7968413404126622,0.2895019579047796,-0.26743465367292335,1.1004063462882634,0.0363996688173312,-0.5707699725219766,Other
0.7528721671488805,0.43846362477666,-1.2991541198863643,4.021952893056331,0.7640209008153462,1.8944848877788407,-1.6526572095936582,0.12067596611246381,-1.0242365198884147,-0.5726892935579375,Other
0.843174310022669,0.3416908859581642,-0.3675695299381241,1.135935045793972,-1.0349781218036473,2.1664667423070387,-0.38384355092180494,-0.6246651297380863,0.238228415438677,-2.9385154627761034,Other
-1.5407344962640819,-0.3826602608642019,0.3554809866818072,-4.548080065511728,-0.91276986121514,-1.0714352713172495,0.9866670949388858,-0.08615934007224883,1.2540872813382085,1.309329281438452,X: subjugated edge
0.29891815258415083,-1.3292987229217992,-0.14270812720029902,2.4487592513216634,-0.5315292662391381,-3.23344521249191,-0.9165513932827988,0.9596082906941599,-0.2235135311683143,-0.34121227428189504,Other
0.6759788558069234,0.14623705696550768,-1.5279778001597455,3.121598136919748,-0.39719285325854514,1.4254753711613681,-1.8435880115773957,0.2485561546883831,-0.06181401998055952,-1.8980219937822742,Other
-1.031202068439585,-0.20426948780729892,1.473204927890945,-3.125267421582464,1.2850899494899188,-0.5816178890355134,1.6775057896501262,1.2041168735533347,0.1367624910130838,0.7457183964088381,X: codependent edge
0.009173248182129144,-1.8903722477087583,-0.0166094204515006,-1.7976372651221313,0.26518061282068217,-3.8960143808408665,0.14000744713322474,1.5547995369634384,2.0591680330575457,0.8822381029808978,X: subjugated edge
-0.11626664531036575,0.5076617688887175,-1.3243532396157458,-0.6052463078719644,-1.0167806495842986,3.104847650902105,0.6288011011476519,-0.8750846819749747,-0.4253654700488301,-1.149793354053618,X: codependent edge
1.8421506585682637,0.9653421122427754,0.4797533782150485,-0.009108630157426578,-0.8025250714556788,3.2832580917060556,-1.3832909086805532,-1.1506165981394547,1.960121549070946,-0.9864485002158949,X: subjugated edge
1.924496037012573,2.5283564752089505,-0.8974832856469258,5.408055555848295,-1.1322893247793169,5.880605355505926,-2.0776015928989806,-2.9910455357072285,-2.2393369688335465,-1.2255608904722524,Other
-1.6643563933302008,-0.39119750332066106,0.34562576799506506,-3.695709492089747,-0.39393885895302005,-0.7911263955859253,2.483524038490617,-0.47864547103717464,1.4427952059013844,0.4866431756020986,X: codependent edge
2.4939270057279894,-0.5387118965490677,0.04267383947725545,3.2493146691666803,-0.6991491179089779,-0.9019938625704265,-1.112006931573034,0.4973840254550938,1.5298540459326648,-0.7512200471274529,Other
-0.9152257211533239,-1.1094210304392413,0.23359491288782697,-2.6042181005865936,0.8203400530276346,-3.771326387650796,0.9002107294865693,0.6665671318959439,1.4207835258863515,1.0082399956837742,X: subjugated edge
0.9806732943274258,0.2086419064870071,-2.2447722574653524,3.799087864009319,-0.23051897010522554,-0.029973153395458363,-2.916412028540961,0.35023543452216105,-0.17325210877665703,-1.5249936161545705,Other
0.9704979808637308,0.2023181805583551,-0.08891299541904052,0.6279702054281247,1.6961611273732569,-0.11270561595539441,-1.3767754202987907,0.573026838622479,0.45795356371557067,1.3512568149427362,Other
-0.9956902268418067,-0.8112963347867491,0.6816095055716028,-0.06603971593869451,-0.2949420071498211,-1.45020454780001,0.26292084959777395,1.0904447916990145,0.44753413975625056,1.7123731707260326,X: subjugated edge
0.493267793839099,-0.1749298820038401,-0.7907760284660791,-0.6736142020809345,1.0741537964129544,-0.3985869502882359,-0.6984612255145329,1.0922857225548146,1.3992553177775522,-1.9910936273698976,X: subjugated edge
-0.10753374426606396,-1.9786656668893567,-0.537757439535691,-1.1043945056813465,1.392496028299914,-3.624964935574004,-0.5425963754976711,2.742819906481037,0.962140639452003,-0.42221409188406944,X: subjugated edge
0.5543300046323907,0.9263767478332465,-1.5235378750543338,0.770426817805248,-0.6351577678435155,-0.4187115558414217,0.10083912238298143,-1.3378778737809207,-0.9295285935608761,1.2792703510834236,Other
0.2306723023806257,-0.7706792596721668,-0.038398150026777406,0.3144087333188028,-0.1870719022559198,-1.5853127189458787,-1.3688613046280256,0.8005016765982428,0.20496188404514964,-0.9963106964452497,Other
1.196339485370247,-0.03465635141297929,-2.0185485169167006,4.059747969963219,-1.21107045010007,1.100352406434806,-2.676606234324735,0.034426553175976204,-1.8080597645669505,-1.3268014966588288,Other
0.07539954314606226,-1.426693421297779,-0.1155526474714649,-1.2902156070507713,-0.12020456824660575,-2.842900461517822,0.07492323993818292,-0.1475670142872123,1.6213670266676243,0.9626688728459692,X: subjugated edge
-0.16787406942631122,-0.5823535994615734,-0.3909327846598432,-1.098526077872023,-0.3792047732636101,-3.6832505591711824,0.34106283629593137,1.5423931372892006,1.1682498818552787,0.5463116592785094,X: subjugated edge
1.0960642330571804,-0.2795911535175272,0.2262085587388949,2.3861393508951663,-0.18765199414002265,0.17120240297237155,-2.6606064965322638,1.8247147523606908,-0.4136470169829456,0.03241975999716862,Other
0.5803959648586033,-0.011290846960830136,-1.068061117679348,1.797511202358101,-1.526301524561779,-0.02649366706546949,-2.2174820959735917,0.03209867004118172,0.42506118131253934,-0.07072304922269901,Other
0.7318133943208879,0.4797325155225118,1.2123646277621583,0.7810792494278903,2.0162231940994833,-0.9645808909474469,-0.20099873310315536,1.1519116223003774,-1.05306823974148,-0.09038550032211093,Other
-0.6645866722585968,1.4390750834862203,1.4163550981297313,-0.6425161126404578,-0.345341110457433,2.221907673749782,2.1528325219660527,-0.7931408642258713,-1.0186398096812033,0.18342063258057806,X: codependent edge
-1.045262781398474,0.7327109427693562,0.3234074997158254,-1.565519688685257,0.12188541300865054,0.44640624787825123,2.3453011248337043,-0.7372597774881686,-0.5470161889828997,1.1459926214398695,X: codependent edge
-0.5677221432527015,0.9621645431462449,-0.7885667100139699,-0.005404103133863114,-0.9138919922128144,2.3978125840372337,-0.2399365296890298,-1.2155024623068387,-0.8249881485692501,-0.20991075291834174,X: subjugated edge
-0.6208213856805886,1.4461041099431382,-1.719943931510235,-0.20885470420732843,-1.4430822083107406,2.4227430502699243,-0.43634396298447636,-1.0106614046767903,-1.3027289392419803,-0.5215977994916112,X: subjugated edge
0.7861992686529143,0.5697078815226975,0.0701455384810768,2.301725870657454,-0.3892696443840929,1.1886876507926565,-1.1857332771366833,-1.3323651472646818,-0.552576430043181,0.7701152409860281,Other
0.9759840502940518,-0.03670719561899534,-0.5381431259894105,0.8172020418744441,0.44049947523837646,1.9005441842415784,-0.49924764450118186,-0.5697825242753279,-0.1735974583797641,-1.1196791633282732,Other
-0.15513028953240038,1.0091119062550553,1.4346325801112672,-0.6875934984264476,-0.004706896767697975,-0.7306586471878522,1.9083295665698186,-1.0569489247936292,-0.7497348812851954,1.9814353042750759,X: codependent edge
1.4309190188243524,1.0730092859616567,-0.9430043265925152,1.5414176153861838,0.44399573152336796,1.475679000594346,-0.5555256580498591,-0.11276900411409546,0.5944807368181362,-0.9947472702371005,Other
1.3684693937651298,0.6485658379660353,-1.592464179430969,5.767706863650092,-0.38179065532315004,3.337032275859018,-1.7647113855593457,-1.3076822920755942,-1.028016098697434,-1.502519931529539,Other
0.24339891640053923,-1.454627597036103,-0.040259520743833516,-2.5479835354409763,0.9541079277409025,-1.857072347979694,-0.8295647504865478,1.3512572150724649,3.1487793276042346,-1.7152146172061151,X: subjugated edge
-0.82189177154304,-0.8414601530946475,0.27016300308766406,-4.021042798084083,0.8518125666816173,-3.3312618183130773,0.7441399332790944,0.9344040667887061,0.26260308470974936,2.4171559211769376,X: codependent edge
1.5753766494355401,-0.274854104030484,-0.9585077218282153,1.4705458289997184,-0.12162978063858249,0.4888361167040541,-0.5772709335741688,-0.6074947522403419,0.34621656780761634,-1.3166212606478385,Other
-0.06101735102840823,0.7796210207358992,0.523703444175698,-1.4240820508085286,-0.8137207467723333,3.350070934551358,-0.018958260609593436,-2.780716039188764,-0.2653443598156227,-1.7333905139073083,X: subjugated edge
0.1261651964309746,-0.021346419070559747,0.3311834418834201,0.1479823445491667,1.135812549577543,-0.9366472425796643,-1.3071631204865068,-0.24275894295128908,0.10662641771870018,0.8569144422050441,Other
-0.33960502560656863,1.1368686334505633,0.09556747145399758,-1.8603613968237376,-0.24978903572477812,0.5667066408507622,0.027702191371124507,-0.7693916531765533,0.36110740812308106,0.2067504678489334,X: subjugated edge
-0.8897903262971976,1.3152366287442812,0.14013794353132258,-1.741405814366587,-0.9403598196413159,2.7519181052229063,0.521135504195739,-1.0449817891886979,-0.6735817387048736,-0.17122153913223048,X: subjugated edge
-1.4686394303152919,1.1991704686772062,-0.47817877135574993,-1.8350321828594278,-0.13250170862916263,1.6566956868907181,-0.4796744953257418,-0.5882313824949742,-0.9933783224502846,1.6026679009115208,X: subjugated edge
0.6328683235572881,1.2055405644802868,0.24641704780331922,1.5745008112421146,-0.3799337640205944,3.4406578834988104,-0.18973557215773312,-0.6179463210371291,0.2679935609697278,-2.5038618334511216,Other
-0.7834010538966204,-1.0369939046587182,0.29845536850050425,-1.5544911820686782,0.27714836117570374,-0.6739285187342539,1.1013592036892406,0.4326660156200208,-0.10597746705961408,-0.00823361959432356,X: codependent edge
3.0595312289968235,0.4826354994557758,-0.6470123417135887,6.119283273444982,-0.5519685003462121,2.549874212637826,-1.1908845144050002,-1.2408192934880178,-0.9599646163549994,-2.437291035130785,Other
-1.086073582612479,-0.6075290409554163,1.4939313548099507,-2.271123728829382,0.3364861773337717,-3.058053929638697,0.4875415789915025,0.8883590641549017,0.974024596959733,1.8784869901852657,X: subjugated edge
-1.25738247498137,-1.6490663313591984,0.26127537239540977,-3.1041100544570694,1.2201865309703586,-4.546521349106983,1.6085018472805348,1.6270711347783546,2.119195536276941,2.7998950334782937,X: subjugated edge
0.5101387156134412,-0.2874711320558362,1.1077038655917093,-0.6743325533462398,1.2131979481578141,-0.6225872499963698,0.8409898161880958,1.4418513926224703,0.8250442226657713,-0.20733249659119507,X: subjugated edge
1.5293134789672953,1.3247369656272514,-0.5226079988111046,4.2950753639405255,1.314008186044358,2.1502772444107405,-0.9924430104889862,-0.11621886724731556,-0.574990045677672,-0.7598835953906122,Other
0.06458965694322165,0.4607420101184635,0.03511345174942565,1.4707224143616577,-0.8267086643760053,-0.5633292629180542,-0.7877424140532681,0.24529001556661534,-0.7612223636412502,2.3046808090859123,Other
0.5722424201872743,2.017809371605892,-0.6147971391075098,1.1467353599138037,-0.2897956398172833,2.8467463424412234,-1.5045355382957188,-1.992917294866393,-0.43682399640993497,-0.5523704281441294,Other
-1.8435474174587096,0.17723014526811154,1.4607828379409498,-2.706727918863761,-1.2617501620384473,-1.531161359360888,2.1129104043803206,0.09994050571249935,-0.28938919093000304,2.0345098703502407,X: codependent edge
-0.6775115456917667,2.4478027535929074,0.344899045541364,0.35029132373668936,0.2757419613024304,4.385785766504599,0.7309714746471578,-0.18576125975484814,-2.249752157985257,-0.5078965545176484,Other
-1.073615729137567,0.17752122551705124,1.2271864497831657,-1.0177039121205607,-1.8492251497023902,-0.31535169137118124,0.9378703307840701,-0.924985315298144,-1.4605733502126284,2.731298246270038,X: subjugated edge
-1.895045849947881,0.022480296153736364,2.538835100460843,-4.971952320540887,-0.683738815352959,-0.2181223422332773,3.532487942818232,0.04993731868144241,1.066708278599023,1.3874004394515733,X: codependent edge
0.11698023402388695,-1.2793900879214963,0.666449103768085,0.5706171701815066,0.6947227300543106,-1.2429499613860044,-0.08839676569132232,0.5742715779416965,0.42907300597481757,0.3521831799179458,Other
-2.2428276216104335,1.1105627402927678,1.7928447944060626,-4.697972899456088,-1.2192181643709472,-0.09594203081466435,1.0686253156012757,-0.7110278347747484,-0.855809823479492,2.1998918114204287,X: subjugated edge
-1.3221959660874487,-0.5021251289404789,-0.7690029878948026,-3.181119756483784,-0.3922959556685258,-3.2289893864161368,0.47755324413429734,1.0468542937977479,1.3569630166372595,0.7012640553012645,X: subjugated edge
-0.537193794013418,-0.647047639408727,-1.4149103152425695,-0.6216833650773339,-0.5803840066940599,-0.6498928445593222,0.1263907148351867,-0.14672696150573983,0.7072569607700233,-0.44446375468195654,X: subjugated edge
-0.8312858359510763,1.281230563762572,-0.11881463028763861,-0.2439191518630082,0.0353132045798622,1.9550380301415538,0.8264686573796542,-0.5054123024548626,-1.4662019515912847,0.7098187125375277,X: subjugated edge
0.3964085022070677,1.1582226687959571,-0.33725022213764344,1.0229147091308664,-1.4318883378688825,2.0893022783746513,-0.19840203626228065,-1.3026621995045111,-2.0457512169841947,1.134904760852867,Other
0.30558019190248,1.132051367210679,-0.42161831731621346,-2.6088071714147234,-0.5884385578785225,0.263253784514025,0.7015783740483522,-0.8207469087464558,0.6770402458689082,1.6136812595945595,X: subjugated edge
0.8937987459354568,-0.36219113405498116,-1.7295519826615529,4.40474527288711,-0.2159984043353249,-0.8807611356974515,-2.284740380425885,0.7834588741642945,-0.7143651873104491,-1.2487062224921468,Other
0.7523837327126781,-0.05097586530525164,0.4184653953183076,1.3719587484322628,0.41769545987914486,-0.6619439528885119,-0.6937596329042761,0.6153694876741653,-0.31183589840389686,-0.7455536033273243,Other
1.1408127893613809,-0.059854397695851456,1.8919388880223522,1.6523968856103926,1.201837396109404,-0.22595458537054003,1.1545534360968253,0.4814767568914884,0.7160846701603093,-0.861396409991484,Other
-0.0019184000090541567,0.7825181806723981,1.23379631306768,2.0595357896308895,-1.6895855452882533,-2.190272202023503,-0.9188652743359664,-0.7222298643114098,-1.2015591627385478,2.6546011193426553,Other
0.3034669008166697,1.55356466849423,1.3413910489844174,-0.3367220383274536,0.8695050577784382,1.214255451253465,0.3357549610284085,0.059995841773085035,-0.2612310930264401,0.31467349271678724,X: codependent edge
0.5115137019191913,0.36814655519840694,-0.03365152225327506,-0.7127573785587642,-0.6948172057647528,0.6320603841599958,0.5229123749744083,-1.004423484507942,-1.6953467292192386,0.6052068212114863,X: subjugated edge
0.1416566973910257,1.9748910853573585,-0.9266486731768299,0.7085824587588064,-0.650884575039807,3.201533549703823,0.38727776222770194,-1.7754157180708636,-1.6577840543146642,0.22209008983007095,Other
-0.3971943099170739,0.8971944180330614,0.7150034204507592,-1.0125880441499768,-0.5977539083981628,0.42699891919989635,1.1147345512754119,-2.268404676219645,-0.1864671089997697,2.3498187714616274,X: codependent edge
-0.3324425343397702,-0.23479939411441825,1.737022244421057,-1.4198185790676399,0.22856172633022154,-1.6766455902882254,1.5450713870655737,0.7166508580828232,0.8001002395381487,0.5266490842770979,X: codependent edge
-0.8175583983299655,0.8287114061289749,-0.06519487264732876,-1.579304337195024,1.8264472020009763,0.2060320757642109,-0.19693623623517542,1.1177058685019112,-0.4773135382419634,-0.4291535655520473,X: subjugated edge
0.4216168299098296,1.7059402787087732,-0.3236656835483262,1.8173945629840553,-0.27837450288532795,1.6649771408714167,0.5680206329177698,-1.5976951559469235,-2.0608270699344593,1.2093833444281072,Other
-0.09401517408515554,1.9982889833413344,0.6120786222411772,1.4341600409621675,-1.4523065030958242,3.552710278141918,-0.5540995228919492,-2.052177545523101,-1.5529236487945721,1.012543927772949,Other
-0.6631737506367649,1.1868913445990807,1.4377976511587667,1.3053337951746216,-0.4046953247817455,1.2881936430010674,0.2890794914689875,-1.237428205809051,-2.0084812202043647,1.2502428702345907,Other
-0.6622448193245927,0.025674453657999224,-0.3183018312918293,-1.9825090022377823,-1.0870325055794705,2.172320504757353,0.6443533887849304,-0.7963426356611591,0.7488318600177806,1.6398823156252826,X: subjugated edge
-1.2103987277827886,-0.21669325405592046,0.5726552889982328,-2.096956986559257,1.6787390876854276,-2.147034953098496,0.7957330540983965,1.0920809951353296,0.7782697910467942,1.3948866724743083,X: subjugated edge
0.9788413412371997,0.5760695035613909,-0.5088761238187729,2.5361364385080507,0.3246643323410983,1.2130928941295918,-0.8081027373665285,-0.8741350823883868,-0.8693357174012468,0.5455058780939418,Other
0.07861766953178756,1.6739744952710462,0.4119634560824907,2.258578469913071,-1.0972106254813463,2.6751000948184234,0.4494956125484503,-1.9256833552524646,-2.3135728058487635,0.2820906628117404,Other
-0.8628000195732701,0.4337691222144516,1.2078152712607033,-2.4106177867225878,-1.047988145283208,-0.13013083997268188,2.5241991912789308,-1.4753347031176927,-1.1344445389478728,1.6898210950974377,X: codependent edge
0.8085477496020183,0.4545318718688109,-1.218746173541399,-0.07700076996159178,-0.3984272010993967,2.328033372545332,-0.8295531511203362,-0.07838370500907932,-1.7426152845706269,-0.4437472626759176,X: subjugated edge
-0.560448809794373,0.05139785431709231,1.73954290744881,-1.8835111374183815,1.3913775689461152,0.1134264008033602,0.7392301875789001,0.7670001054887092,0.8045668750519586,0.6096634238252925,X: subjugated edge
-1.4065006270122327,-0.3278910626312124,0.1321203134972183,-2.254295669045282,-1.3101380180456765,-2.167690658408495,1.6216955799725241,-0.6670722491858383,-0.8623318170142666,0.7792796247702479,X: codependent edge
1.021222289219133,-0.1621345066439178,1.202580439069851,0.2668622405373442,0.585889942341878,-0.9042574826915244,-0.848571169394501,0.41306041325358017,0.6208754095137632,-0.6369532392851405,Other
-0.5370969895661131,0.13542598524553,0.6242901499122152,-3.0479903192878823,0.04001233784952969,-0.3497705146975338,1.3686199529171126,-0.2491078787341206,0.3808906707882823,0.762064119210521,X: codependent edge
-0.4088990902087895,1.7180999962398222,0.5360423164800757,-0.9568739160088893,-0.9167334568480952,2.1185589945916075,0.5963642997495677,-0.8431836748320339,-0.5706873875099184,0.03916505814100357,X: subjugated edge
0.04118002034917748,-0.23971377853080178,0.5295381333562746,-0.5359112141928221,-0.25819341767135723,-1.862024449158397,0.5078150068661517,-0.2671609405615812,0.29242638818926914,0.5026090562681893,X: codependent edge
1.1425892227901149,0.05261207591138063,-0.3941841980177735,1.8023119704988544,1.7601529011541652,-0.1423764834095518,-2.3698152890365947,1.2288934726597518,1.4502972364928342,-0.5193219225471513,Other
0.020037290866311695,-0.8653776604065087,-2.1167675044378087,-1.4828300103277527,-1.4608714527068067,-2.1449678609047558,-2.655632541532863,-0.5372643723944014,1.302427912980987,-0.4736734768573778,X: codependent edge
-1.1991171261452302,0.7166310664731552,0.06913109458241465,-2.58306172175185,-1.0190467872578117,0.5293029421947881,-0.19562133713906527,-0.3853655538359566,-0.5520413344684059,0.9893063296457618,X: subjugated edge
0.5438770041121802,1.3666791787182826,-0.9563362527375077,1.9151959405392707,-0.21677139920111987,3.340004404238031,0.4710690749578368,-0.3445773136765099,-0.6826252972690539,-1.1216555875726786,Other
-0.48498972426172404,1.6244978459567558,-0.9554532326938536,0.8368154903516114,-0.1563155538673919,3.225270013348614,-0.927327778651259,-0.4753356642619868,-1.5766709951383606,-0.2110725617052017,Other
1.8879239715294662,0.20336452469571042,-1.1754184643879186,4.056711626146229,-1.1962974421901298,1.9973555451889875,-1.3956489361299644,0.41240542584668194,-1.3305571691844098,-2.9997936229214197,Other
-0.0011197219978901704,0.5743542832792355,-2.1304138006832756,-0.962741786201175,0.24528823929781784,2.6514554572744817,-1.4392772679920853,-0.10105225471613954,0.7900195205722825,-0.7402852652631117,X: codependent edge
-2.235035497898666,-0.15355032217003803,0.637080986833586,-4.432212585223262,1.0645463584045274,-1.295112683806415,1.7829404930846833,1.522668629156997,0.9340537725056198,0.8059578240812348,X: codependent edge
0.357364972155674,0.5280186796945225,0.3925624759486715,-0.0766779356682128,0.40745915331247207,0.8890041957748703,-0.12491080624179793,1.0054775734600387,0.3628303020039759,-0.029643922950924273,X: subjugated edge
1.9445977922602284,0.3139651524992144,-0.6446606483806282,2.794190008685865,-0.6769230744777579,1.9350065294221592,-0.5157118151078319,-1.3816285208027799,-0.9092574372184836,-2.06470251353478,Other
1.5759202885453896,0.05826438725148733,-0.7342056954929426,0.3562680671765286,-0.2431760049454858,3.8667348980783247,-1.073953631287298,-0.6055560989864859,1.2695086248732932,-2.987681774883919,Other
1.8309542887565653,0.13775369227712947,-0.5562318039102792,2.366144083587681,0.3510639020170229,0.36613113697981364,-1.3347451730867863,-1.0671120454380276,-0.17854256520402,0.5575867038533524,Other
-1.0197601853814635,0.45192228339364876,-0.372551063359567,0.6001307811274841,-1.336324857606073,1.815378532202053,1.5696959846076897,-0.14442980492439128,-1.3762115473835652,0.3543638341462534,Other
0.9121523959767788,-0.29415243484556425,-0.6302606508269458,1.635222276640066,0.9113691474148651,0.8163998810804822,-1.442629237675896,-0.5006687580703945,-0.02301317954295523,0.4480219297981547,Other
-0.7219945397367117,-0.2424967920780333,0.4673022710246123,-2.4472113987834767,1.695282339115532,0.030243755494885005,1.5530391594771844,-0.39013210870000836,2.001720490796735,0.16154588835286393,X: subjugated edge
0.2242893994169245,1.7073620136715535,-0.6643832814604952,1.556643348872408,-0.6188078375975621,3.0406298997727665,0.2087874201491322,-2.3820295478439384,-2.239818142274104,1.0982958666028633,Other
-1.2729524287397325,2.710546768846383,0.9345798083955401,-1.2346180671692069,-0.3845004126261475,5.066364036931368,2.0426997577654418,-3.5096692702098764,-2.51565965708573,0.1288498372939748,X: subjugated edge
-0.6444557648827163,-1.2043669485340438,0.5390737035704138,-4.305241753371802,1.5207395974519198,-3.7393445090105315,0.6096624630850926,1.7917265526229706,3.7027933165908955,0.73024519772211,X: subjugated edge
-0.6762466973636153,-1.2594712043760588,-0.24637830715934805,-1.1746608011188167,1.7612554096214528,-1.152769978791549,0.06832861296793341,0.9237613535722216,2.1469149816070168,-0.5627991455618633,X: subjugated edge
0.8985552801426162,-0.9571528278081498,1.945320129994365,1.3169360270380783,1.8603621221004314,-2.411943364111914,-0.45089013548655954,0.287315391798467,0.5571605060939958,2.210166817239286,Other
0.8007191216696554,-0.10328841503855507,-0.40025268723283147,1.9513241407705246,-1.4394599070582692,-0.6582923773160337,-1.3860398242319194,-0.6016956369761834,-1.2839307572193936,-0.8524154887828328,Other
0.2768197293308208,0.895780511037257,-0.47543671629743056,2.1561056083320937,-0.7229445164060089,1.319469385231208,-1.1093211826258282,-0.9843263943253615,-2.2209333014418644,0.3816208310581404,Other
-1.3504214180553855,0.591252942048272,0.027432371113651266,-1.2514540946892674,0.13246550166468013,1.614375145665232,1.300296451912239,-1.7861675539016724,-0.2620277375436604,1.2689944454411108,X: codependent edge
-0.31163943394972,0.17203113678046833,-0.9181247624117238,-2.96299734266446,-0.6821958249189919,2.1346024061488786,-0.35067880257553974,-0.9712873539017904,0.30233831490415575,-0.09456007942371704,X: subjugated edge
-0.746116482942726,0.5289355469578989,1.1041403302117674,-2.4091575593984484,1.5902110971639658,0.28995565251399036,1.3800006590623544,0.2629142695256114,1.4242337020423765,1.2562796978718713,X: subjugated edge
0.869675756694491,-0.6920861566283695,-1.3024949972317603,2.6082103783321857,1.212400492130011,-2.8084942940144066,-0.8724680515355574,0.7970273838273666,-0.796309894541478,0.19925925684451773,Other
1.1781848528171845,-0.2441227717526189,-1.185715259364982,2.8808259467981827,-0.8986922858873811,-0.6090241822432876,-2.2120275470433803,-0.46843187012441057,-1.2375021613138646,-0.5535596907065629,Other
1.056385586030883,-0.020094548375796818,-0.9234063494850882,2.683144406959485,-0.22717299375480693,-0.1971250094242003,-2.025148445873374,0.7973082981442683,-0.1567084326140169,-0.8255858934785112,Other
-0.7552194194170205,-1.5842163388718526,-0.10085306856536991,-3.1454411146569536,0.38937682595386447,-2.9880922532494987,0.3495353963283645,2.973290420075809,3.5160732155330727,0.9020611993330494,X: subjugated edge
-2.739533122289479,-1.161310204722596,-0.2212071792520387,-6.4588127731314255,0.5489764547723226,-4.823165025500175,1.3737660683433561,0.8830481937031406,1.6725616965392631,3.342117258415417,X: subjugated edge
-1.7669618981300543,-1.121566061277659,-0.25500815768960905,-2.4270831543503366,-0.2790153104360087,-0.7999450070505731,0.5501586479925025,-0.27579349317277535,0.9621931543914903,0.7177339693604828,X: subjugated edge
1.4216269780822084,0.7641082236837743,0.6400345969367769,2.6525007049850005,0.9389503727056108,2.1893816128990777,0.4935605918660464,-0.326490824005667,-1.2561702855303403,-2.307851025623364,Other
-0.4012549393198239,0.24535494857241638,0.7025774768751233,1.120622423661671,-0.44636378270637755,1.2398935849322126,-0.5329150098243864,-0.23916008608254039,-2.095377355617908,-0.4604368714280579,Other
-0.7507246182651125,0.611061200073943,1.2458451606910725,-1.4574713344957173,-2.7815060195999024,0.8852200501224974,2.640972106468325,-1.7499325174527955,-1.1986193531760934,-0.007080431526755859,X: codependent edge
1.642660293436234,-1.8396549898024643,-0.6741447876113362,2.9432439256161964,-1.4575089176181948,-1.7106928799774048,-1.3187030869829603,1.1818805680919562,0.6740590023041803,-2.0190603179342737,Other
1.2651599454883269,-1.4835666860516032,-0.01856071672454479,3.3488722427467863,-0.3759328552192277,-3.220793989081555,-0.21754356937884578,2.602437167337211,0.623902096899194,-1.5477931138733778,Other
0.02444872191978665,0.6632154402564954,1.9200037563030803,0.38117296748438867,-0.46115411501708636,2.8441483651556227,1.49691476189422,-1.9897715747603004,-0.892804888173886,0.5400498187663886,Other
-0.2934030910639739,-2.778669641666051,0.4855614522862204,-1.2873406794900846,1.5970767412726083,-5.813691483419288,0.9012743547763066,2.422377014546859,1.649157372090887,0.5466856844371772,X: subjugated edge
-0.13210121281312523,1.2246293575998046,-0.15486722786186247,0.7825273609721752,-1.6011620696851279,0.2356769281834663,1.2757595064293947,-0.48313756653703144,-2.10735351132552,0.24057658661000966,Other
0.22716279838746606,-1.82331714352279,0.42320215026718716,0.7490845589338542,0.12117938662595185,-3.8605961494790595,-0.7917436475279518,1.0304844114243947,2.402591587771539,-0.6414314003681069,Other
1.600047281319608,0.8433448919249784,0.10053194726776926,2.656258117314822,-1.7368712429544209,1.5449201806440853,-1.2720798680530165,-0.8219805990924058,-1.8227846046756289,-0.16505609105182983,Other
0.4224674242372267,-0.8885846247569626,-0.25338038403786867,-0.5303556676264247,-0.744956086865944,-2.0379718333972927,-1.0705069253705215,0.8043837524887913,0.11936733007913641,0.10366950754619603,X: codependent edge
0.7260290330391413,1.0489037151715825,-0.9271800502748442,2.976063978191437,-0.9604701037069585,1.6393295539565933,-2.233812445677323,-0.29122944043646626,-1.003144835832358,0.5940394552809607,Other
1.1692701090701714,3.208160913916495,0.42733824888422267,4.016145009579396,-1.29349202659122,4.591303416115854,-1.180581208723396,-1.5531872892837735,-1.8730139172464877,0.08792278814936405,Other
-1.169676001024419,-2.2731776301211255,0.09531923224745842,-5.955038056869766,1.7610639362575187,-3.6472922589851207,2.3245614889475363,2.74716652423212,1.2818288504390654,0.49178317553965395,X: codependent edge
0.7548618924740429,0.6953771478606484,0.46835954257018947,1.1110760141212197,-0.805371559846138,1.1970153030092325,-0.48548464826223287,-2.1933224018911766,0.1377512042119693,0.7595126907505504,Other
-0.29456875466161137,-1.8081627135937397,0.059827968893949424,-1.949092965559759,-0.06613607358067092,-2.0863264891900193,1.7354859369986553,0.8010554198859132,0.662748534441443,0.44196625456415906,X: codependent edge
-2.516095195772766,0.4267689222175041,0.971957117686131,-4.24805261942446,-0.3603223339041953,-2.7840965917183684,3.8888224723707365,1.1573179080251945,-0.5231090934805895,2.605330838606605,X: codependent edge
-2.128169541985812,-0.20677216355189393,1.374693951782433,-5.990524522502054,0.9088172626886916,-3.023992883243851,4.461087207563516,-0.49660146616489875,1.8036808829261854,2.4080836623182433,X: codependent edge
-1.0181176115186856,0.1297823224618433,-1.3971163344248394,-2.9847749065382714,-0.6653972551709739,-0.6613671141807482,1.564005622471566,-0.02416057978039088,-1.1078212422853584,0.13696968887191405,X: codependent edge
0.5312232285925814,-0.911686276328237,-0.6520118718056589,-1.8715968976775827,0.6075808666797047,-1.3275049460833166,1.076776135243373,-0.9287058207990958,1.3876393451918392,-0.4531188367608613,X: subjugated edge
0.11379956534029644,0.7805411094965004,-0.12956855750474888,-0.6822702260073096,-0.9490921705967856,1.1305192451704322,0.10022013090943374,-2.0259176953080607,0.06183986549885634,-0.22450872196868615,X: codependent edge
0.184366707175664,-1.448357837970381,2.315716647643931,-0.6257367641983091,0.41228458058360734,-2.398420609825359,1.075043636323026,1.9369994007903437,1.3285311007601055,-0.15012771037630201,X: subjugated edge
1.950943482686692,1.2416372628987402,-0.9262946717892167,4.596136832757859,-1.2999961685330526,4.49154673836537,-1.6589106934086537,-1.489255532766612,-1.2969642703014943,-3.36899222654543,Other
-1.2690896148598123,-0.40925030661018263,-0.12364216626230218,-3.8873844204995827,-0.959791865036514,-0.29860662776999614,0.8962248897845964,-0.40729997835000353,1.7849235696055068,0.19808087992822376,X: subjugated edge
-0.027433354183723595,-1.4026906774030896,-1.0554727854552044,-0.459416483734985,0.5400393684793943,-1.564253130995354,-0.34214038644139205,0.6842687056018601,1.0619921655993734,-0.12951934742071286,X: subjugated edge
0.3044355228138156,1.5949368233406982,0.9788088797400329,-0.5813528404468093,0.890526751780438,1.0246691460584434,0.7762742776377167,-2.292872483930646,-0.5960850346094402,1.0185067214331949,X: codependent edge
-0.7362731165383355,-0.06734265280915312,-0.4937881705961741,1.3472010210655876,-1.1553585037933898,-0.3040212333154447,-0.0193632308369307,0.05065007756981765,-0.5888825846079666,1.0070325647521254,Other
0.028326745082940964,1.9076359704420263,-0.13103822350063343,1.9899391193985192,-0.22448392992430827,2.4658949980715765,-1.1134304377440238,-1.744105273540637,-1.178888980991847,-0.29539498209410414,Other
-1.599949334084345,1.2213561293133421,1.1395703547661797,-2.1400071335560864,-1.2491377659843796,1.8857159145536015,1.9854827583874344,-2.619527972563218,-0.3491225319485002,0.8036880348374291,X: codependent edge
1.4099062172750279,-0.798145704786435,-0.039304073965943376,3.9016681597485805,-1.0590905140576448,-2.0233720537677593,-1.5947201219845577,0.1446604018965989,-0.03294198588061126,-1.0811233260175028,Other
-0.6816145525304338,-0.0849898009367489,0.6911098997623324,1.2217695425135138,-0.7257332364650229,0.5125418611410615,0.38025524618737105,0.17309840585089742,-1.954727492404786,-0.17837306496820227,Other
2.031400164778503,0.12103793966357433,-0.5890521351184147,3.4268873117718037,-0.31969877581345063,1.1495456999465221,-1.8956885071227925,-0.3851481714577634,0.26195036186893894,-3.2951049308889706,Other
-0.03247432391745505,1.5263031999864394,-0.1837366285292258,1.5685706620866897,-1.2093659630407783,2.6520221410755704,-0.3374331545504664,-1.6019475708738637,-2.2714911438459104,-1.3473856092409568,Other
1.0280535653991831,0.437517713367115,-0.0682043758740534,2.2379197746288018,-0.2508696048087692,-0.5769707850389147,0.030799726194808086,-0.41243449557370115,0.27094758053404117,0.4798340241655764,Other
-0.05330286899115438,0.17629262109645927,-0.08464640785032751,0.49492308728342166,-1.852024399763399,-0.1844302013117583,-0.12316988643178935,-1.495726552187006,-0.6713235456094162,1.5879451121118682,Other
-0.03074383226052982,-0.1998795870983077,0.35128149938023434,-1.8415775891412953,-0.4827276827237298,-0.9149015533521776,1.0514717773240407,-0.026623056927073487,0.7867461646115695,0.7662177686250993,X: codependent edge
-0.5840293332220078,-0.0505570358546391,0.7928879415292854,1.0375597589509056,0.10238250123411613,-0.07959848131616987,0.9493337603112993,0.6354026009392884,-0.7425153790538793,0.5680557175904899,Other
0.11912392936627762,1.3045920856783244,-0.3207803073867885,0.7906783635989607,-1.9381551067783345,3.078063248831161,-0.30009083680051585,-1.074631107314807,-1.884369410983589,-1.357697963056651,Other
0.31799869441404743,0.0037053507974743488,-0.3242084545173979,-0.8510013878340611,0.1782031510858999,0.8137191114059945,-0.265727460628269,0.6704594088325567,-0.23797815478693657,-0.440923909420489,X: subjugated edge
-0.7842585089151799,-0.3949972712981747,0.16916610456011588,0.6978889509722835,0.40448981497995085,-0.8933311508526134,-0.3044037692771132,-0.02805515321232588,-0.8818447013867321,1.0805812226855565,Other
-0.1250444158598842,-0.5645071656136869,0.7451456384555483,-2.022630838116904,-0.40668297877548737,-2.658363329732685,0.6826567413029319,0.7175324474386335,1.1896319414243217,1.010221643465477,X: subjugated edge
-0.6100988660571137,-0.553765153836162,-1.8933427708734158,0.23265805652434407,-0.10421506878690984,-1.977156812189603,0.24246187488601856,0.7175269049254209,-1.0529266493371991,0.4140507823678496,Other
2.2996640696148387,-1.402095996042765,-2.4931448047987668,4.581291343700017,-0.9768467532297153,0.4132794618282468,-2.1035253942359056,0.07970936374480553,1.551024946740333,-1.2145922291516995,Other
-0.08973076991161853,-0.750375308326479,0.9468450173735637,-1.8991201946652216,1.1527180396276637,-1.6323015949529898,-0.5207522287815832,0.7332700459227305,1.1942980691731193,1.9938879302341534,X: subjugated edge
1.5452321516965593,1.498420275650323,0.8080579990194781,3.7917305219734443,-0.15673161555832632,3.7655888858839406,-1.9345331658958864,-0.6845746067533339,-1.1900298963316331,-1.1062524978760178,Other
-0.19562233080768832,-0.20659926056749658,-1.6370059367298206,1.444285976299963,-0.5104283885642881,-1.3395721530091054,-0.9925498172332805,0.9579377851765246,0.2745097291391486,2.0205679748936842,Other
0.25928764153490796,0.7044116685560984,0.055227546292939224,0.4296482407795947,0.7701390789875263,3.4546435276407452,0.8688834331753001,-1.540500089358061,0.04324743421556851,-1.8689156192221132,Other
-1.3213640716452693,-2.4787565179008344,0.23008252913466554,-3.5421996107802953,0.6948365309524536,-4.85427667989606,1.2602917370297357,3.401789756131201,1.4792789710799608,0.26634667658790756,X: subjugated edge
-0.44707259186786463,0.5683113089658791,0.310270196221492,1.804338940722314,-0.3485862692575633,0.20804524585762857,-0.10609539761058195,0.2900224540408157,-0.22055088939925804,0.5536784589830988,Other
0.21053467078924676,-0.16135270436911373,-0.005640879622748396,0.13988127194344427,1.031480985722384,0.6935949494804673,-1.2501439991199568,0.7345198469764329,1.0358293827960954,0.3281322343258182,Other
1.5860038309598667,-0.48144002289050875,-2.3098461361347735,3.9645384811582245,1.07734983927157,-0.0711624752550234,-2.74192561282076,0.6653499773215894,-0.16683932818756264,-1.8782466366319475,Other
0.22198277767627117,0.18095995742113172,-1.3103842925082438,2.562456981940041,-0.9443134802005023,1.2609433400025913,-1.3198233612707215,-0.26783594724171744,-0.1066523068952469,-0.9588051420266982,Other
1.3837203611929991,-0.4958252538120278,-1.061257147269644,4.448241323203086,-0.24403443657648627,-2.495202690824279,-0.813642698182147,-0.21837057659462555,-1.9833002478053008,0.6544022229478756,Other
0.6407291102029202,-2.123874919888356,-0.13233710003041577,1.6636903237876917,1.847129730483803,-4.559734423775842,0.21930965937440583,2.290843303673976,0.29449770215752036,-0.918169241321611,Other
1.6274013394646858,0.9222479411719373,-2.321297760749816,3.235914004788442,-1.183855483054965,5.902803708449843,-3.052561401079134,-2.3306911368329217,-0.4747701528552829,-2.620668064222862,Other
-0.059042217305055426,0.24301756134819305,0.5607210350563341,0.8561895819903919,0.28919982138417655,0.4552633077452287,0.8614806749403419,-1.3582654691895357,-0.426356315528643,1.6437955567150562,Other
2.390222710651804,-0.3139424547478518,-0.7744595998511627,4.164615264777991,1.1902680930482203,-1.225083832231052,-1.6531061789153054,2.520307458962001,-0.1642794231189212,-1.0642028543933617,Other
-0.485396202914123,-0.9661853720724374,-0.18654664875803734,-1.324534049853118,-0.13768436361887115,-2.360769923257967,-0.6046594508277234,0.7099874792320519,0.5416435302380178,1.1900531757523167,X: subjugated edge
-0.766461834197669,-1.469857516107135,0.7706942823962037,-1.9017898523475485,1.1330062632593216,-4.657518129090348,0.8587947786056173,1.7650127212988211,0.9587503578043426,0.8958990288865483,X: subjugated edge
-1.2100528496890341,0.2238927070680576,-0.16627954982990567,-1.1314234658062516,-0.5638522503709598,0.4422010775352749,1.0883288309613808,-0.4447026378011306,-1.155002562846559,-0.4329381998548196,X: subjugated edge
2.3310246715580702,1.613440960225359,-0.5725852766882327,7.774539373844506,-2.067624573076423,3.35372676356954,-1.8835053141402378,-2.761342292664078,-3.062215656212717,-1.6150148619115168,Other
0.8194475726178976,0.2031664767410382,-0.6598223886270995,3.941199517369809,-0.49191959740377245,1.7324580530248381,-2.1944115619520352,-0.6040352587099266,-1.9525679392263373,-2.0172220942942665,Other
-0.33412073338030845,-1.382761606092826,-1.0412308563368482,-2.1147398706217597,-0.04098232912042776,-1.7915640688896741,-0.11957649442888639,1.0870206769416901,1.5144738726950857,0.11077022555167207,X: subjugated edge
